ts,versie,waarde,pct,hand_pct,btc_pct,actief
1791118800916,A,800.0,0.0,0.0,0.0,8
1791118800916,B,500.0,0.0,0.0,0.0,5
1791120260202,A,800.0,0.0,0.0,0.06,8
1791120260202,B,499.8,-0.04,0.0,0.06,5
1791120260202,C,3000.0,0.0,0.0,0.06,30
1791120260202,D,3000.0,0.0,0.0,0.06,30
1791120894176,A,800.0,0.0,0.0,0.13,8
1791120894176,B,499.64,-0.07,0.0,0.13,5
1791120894176,C,2999.52,-0.02,0.0,0.13,30
1791120894176,D,3000.0,0.0,0.0,0.13,30
1791120894176,E,50.0,0.0,0.0,0.13,1
1791121639960,A,800.0,0.0,0.0,0.15,8
1791121639960,B,499.71,-0.06,0.0,0.15,5
1791121639960,C,2999.54,-0.02,0.0,0.15,30
1791121639960,D,3000.0,0.0,0.0,0.15,30
1791121639960,E,50.0,0.0,0.0,0.15,1
1791132014729,A,800.0,0.0,0.0,0.22,8
1791132014729,B,501.08,0.22,-0.02,0.22,5
1791132014729,C,2998.89,-0.04,0.0,0.22,30
1791132014729,D,3000.33,0.01,0.0,0.22,30
1791132014729,E,50.0,0.0,0.0,0.22,1
1791132014729,F,1000.0,0.0,0.0,0.22,10
1791133398676,A,800.0,0.0,0.0,0.26,8
1791133398676,B,501.1,0.22,-0.02,0.26,5
1791133398676,C,2999.34,-0.02,0.0,0.26,30
1791133398676,D,3000.4,0.01,0.0,0.26,30
1791133398676,E,50.0,0.0,0.0,0.26,1
1791133398676,F,1000.0,0.0,0.0,0.26,10
