n90,K,gem_r_pct,winst_pct,per_maand_pct,houdtijd_uur,tpw,kraken_pct,fills_per_dag,accountwaarde,dagen_sinds_laatste,maanden,winstmaanden,totaal_pct,sinds_19aug_pct,grootste_daling_pct,eerste_trade,score,kort
87,4,1.3,66.7,9.59,3.8,6.8,75.9,81.0,22011,0.0,8,7,205.0,27.7,-5.0,2025-08-07,41.0,0x7b77…3f66
38,3,4.76,81.6,20.38,12.4,3.0,100.0,32.0,318221,0.8,16,14,293.0,39.6,-16.9,2025-07-29,17.34,0x2555…34b1
52,4,3.0,75.0,13.18,36.7,4.0,82.7,44.5,30215,0.6,15,10,74.0,36.9,-6.8,2025-07-28,10.88,0x96d5…1127
155,5,1.13,56.1,11.81,5.6,12.1,74.8,23.0,25948,0.1,16,14,93.3,14.4,-8.9,2025-07-29,10.48,0xe4c5…2b1f
99,5,1.53,21.2,10.24,2.9,7.7,78.8,82.5,116797,0.0,8,7,45.7,32.1,-4.7,2026-01-03,9.14,0xcae0…ae69
47,4,2.65,55.3,10.53,19.5,3.7,76.6,77.0,51348,0.3,8,5,38.8,31.1,-2.7,2026-01-15,7.76,0xe86d…6273
86,3,1.72,44.2,16.64,7.9,6.7,72.1,124.0,5647,0.0,6,3,74.7,61.8,-11.1,2026-05-08,6.73,0x0d4a…5efd
70,3,0.79,48.6,6.2,3.2,5.4,91.4,40.5,210760,1.3,10,8,37.7,20.4,-6.0,2026-01-05,6.28,0x2a96…4aad
36,5,1.4,52.8,3.42,37.6,2.8,83.3,14.5,9332,0.5,15,11,55.7,10.7,-9.2,2025-07-31,6.05,0x10da…0221
131,2,0.95,49.6,20.97,6.9,10.2,87.0,57.0,11103,0.1,11,8,92.0,48.5,-16.5,2025-10-12,5.58,0x53a5…3e9e
89,5,1.72,59.6,10.34,12.1,6.9,85.4,21.0,13743,0.0,7,6,59.1,19.6,-12.0,2026-04-01,4.92,0xd350…25a0
94,4,0.86,44.7,6.81,6.7,7.3,85.1,121.0,34735,0.3,7,5,30.9,17.8,-6.8,2025-09-17,4.54,0x30bc…a011
