av,n,K,winst_pct,gem_r_pct,per_maand_pct,cons_maand_pct,top3_aandeel,winstweken_pct,houdtijd_uur,kraken_pct,fills_per_dag,dagen_sinds_laatste,kort
1896014.738092,138,5,68.1,2.28,22.77,17.65,0.175,83.3,3.9,78.3,138.0,0.1,0x95da…2328
53805.415708,59,1,88.1,0.86,18.38,13.96,0.202,71.4,1.6,88.1,97.0,0.3,0x61f5…d617
140992.368498,47,2,61.7,3.41,29.05,13.35,0.429,88.9,7.2,74.5,124.0,1.4,0x84bb…00bb
124325.78075,148,5,73.0,1.51,16.24,12.22,0.146,83.3,9.2,81.1,85.0,0.2,0xf6e4…af81
60117.029771,91,4,73.6,2.32,19.16,11.79,0.3,71.4,2.9,71.4,122.0,0.1,0xd5e1…7b3a
1218865.646715,39,3,79.5,4.63,21.82,11.57,0.405,100.0,14.4,100.0,32.0,0.2,0x2555…34b1
632298.0721379999,110,1,72.7,0.39,15.69,11.53,0.205,91.7,0.0,80.9,40.0,0.2,0x2e1a…2c1a
73661.283163,152,5,69.7,1.38,15.24,11.27,0.147,83.3,9.1,81.6,44.5,0.2,0xdead…26e3
47302.398653,87,4,55.2,1.97,15.56,10.99,0.218,91.7,7.0,83.9,19.0,0.7,0x253b…acf8
148983.196567,101,1,89.1,0.4,14.77,10.84,0.199,71.4,1.3,100.0,64.5,0.1,0xf7ad…0139
206721.553879,189,2,56.6,0.35,12.1,9.41,0.111,66.7,1.3,72.0,137.0,4.5,0xfe8c…29a1
106160.646132,83,4,63.9,1.82,13.72,9.29,0.175,75.0,16.3,89.2,39.5,0.2,0x2882…0f8a
222229.402438,41,5,82.9,4.29,12.76,8.9,0.272,100.0,36.6,100.0,5.0,0.1,0xd57c…18ea
65179.011927,55,2,63.6,1.62,16.12,8.86,0.364,72.7,2.8,92.7,14.0,0.2,0x1363…e5aa
169658.309426,34,4,58.8,6.72,20.69,8.79,0.464,90.9,54.7,82.4,50.5,0.9,0x963d…b140
70387.700229,46,3,67.4,2.85,15.84,8.42,0.325,80.0,21.8,87.0,114.0,0.5,0xfaad…9dae
587285.326024,55,5,78.2,3.1,12.34,8.19,0.275,90.9,46.3,83.6,44.5,0.7,0x96d5…1127
148073.601759,81,4,56.8,2.7,19.8,7.56,0.35,60.0,15.2,80.2,38.0,0.0,0xa4a8…57a3
196329.29677,52,3,48.1,2.17,13.62,7.52,0.347,90.9,5.1,82.7,41.0,0.0,0x4ae2…99b6
301304.629684,103,5,58.3,1.55,11.58,7.34,0.17,88.9,14.7,81.6,134.5,0.0,0xe4c0…d02d
