n90,K,gem_r_pct,winst_pct,per_maand_pct,houdtijd_uur,tpw,kraken_pct,fills_per_dag,accountwaarde,dagen_sinds_laatste,kort
86,2,5.67,60.5,82.48,5.0,6.7,79.1,18.0,27715,0.0,0x5089…26b4
82,2,3.65,74.4,50.55,3.1,6.4,90.2,12.0,10436,0.2,0x48bb…8c9d
34,1,4.17,38.2,48.01,7.2,2.6,97.1,16.0,15500,0.3,0xad82…533d
104,2,1.46,63.5,25.64,2.5,8.1,90.4,27.5,4417,0.0,0x7d93…620b
45,2,3.15,60.0,23.96,7.2,3.5,75.6,120.0,35576,0.8,0x84bb…00bb
67,2,2.06,44.8,23.34,7.6,5.2,85.1,45.0,31899,0.2,0x03ce…8c76
72,5,4.77,62.5,23.23,18.3,5.6,81.9,31.0,81007,0.1,0x599d…2d09
83,2,1.62,39.8,22.71,10.6,6.5,100.0,16.0,4292,1.8,0x8726…3af9
109,4,2.44,49.5,22.51,12.4,8.5,72.5,34.0,35545,0.2,0x4250…12a8
79,4,3.3,57.0,22.07,12.4,6.1,75.9,29.0,7955,0.7,0xa4a8…57a3
77,1,0.84,59.7,21.96,7.0,6.0,98.7,22.0,1408,0.3,0x53bb…efb3
134,3,1.4,44.8,21.13,7.6,10.4,83.6,26.0,4002,0.6,0xe6c0…1a10
131,2,0.95,49.6,20.97,6.9,10.2,87.0,57.0,11103,0.1,0x53a5…3e9e
118,3,1.54,53.4,20.51,11.1,9.2,80.5,91.5,36920,0.3,0x2385…b98a
38,3,4.76,81.6,20.38,12.4,3.0,100.0,32.0,318221,0.8,0x2555…34b1
60,5,4.58,70.0,18.59,38.0,4.7,83.3,16.5,28274,3.7,0xbb10…5304
55,3,2.98,43.6,18.47,7.2,4.3,76.4,121.0,208145,0.4,0x8482…0cc4
131,3,1.17,45.0,17.22,6.2,10.2,74.0,88.0,7924,0.0,0x479b…bcda
152,3,1.0,29.6,17.1,4.6,11.8,94.1,81.0,9022,0.4,0x51bd…2ad7
77,3,1.94,28.6,16.84,4.2,6.0,96.1,19.0,4890,0.1,0x5e70…9d84
