config,groei_klasse,trades,r_eerste_pct,r_max_pct,slechtste_max_pct
meeste_winst,geen bijkoop,1030,0.93,0.93,-21.28
meeste_winst,tot 2x,188,1.23,1.54,-4.1
meeste_winst,2-4x,278,-0.09,1.32,-11.1
meeste_winst,> 4x,630,-1.6,0.74,-22.33
standaard,geen bijkoop,442,2.16,2.17,-7.93
standaard,tot 2x,210,1.19,1.85,-2.95
standaard,2-4x,276,-0.7,1.19,-36.92
standaard,> 4x,532,-1.62,1.03,-21.64
veilig,geen bijkoop,408,2.3,2.31,-7.93
veilig,tot 2x,200,1.84,2.59,-18.88
veilig,2-4x,246,-0.69,1.64,-36.92
veilig,> 4x,520,-2.3,0.98,-83.38
