ts,waarde,pct,hand_pct,actief
1791122212067,2000.0,0.0,0.0,20
1791131877275,1999.81,-0.01,0.0,20
1791151172254,2001.08,0.05,0.0,20
1791181155213,2000.48,0.02,0.04,20
1791213590849,1999.5,-0.03,0.05,20
1791246228048,2001.82,0.09,0.06,20
1791269710841,1998.75,-0.06,0.05,20
1791311957184,1996.55,-0.17,0.11,20
1791326957268,1995.16,-0.24,0.16,20
1791354922387,1990.82,-0.46,0.22,20
1791381602050,1990.79,-0.46,0.2,20
1791415253051,1995.62,-0.22,0.25,20
1791441760729,1992.89,-0.36,0.21,20
1791468384206,1984.86,-0.76,0.25,20
1791502492540,1974.98,-1.25,0.35,20
1791528568041,1993.33,-0.33,0.24,20
1791553931913,1985.41,-0.73,0.36,20
1791586595232,1977.25,-1.14,0.49,20
1791613643973,1980.85,-0.96,0.54,20
1791637577017,1983.5,-0.82,0.54,20
1791669708596,1986.92,-0.65,0.52,20
