base,trades,long_pct,kraken,bitvavo,kraken_eur
BTC,14,86,True,True,2.11
ZEC,12,75,True,False,0.2
TRUMP,4,50,True,True,5.84
ENA,4,50,True,True,7.67
PUMP,3,100,True,True,10.27
AAVE,2,100,True,True,-10.32
PENDLE,2,50,True,True,22.98
HYPE,2,100,True,True,14.59
TON,2,100,False,False,0.0
PENGU,2,100,True,True,11.22
PONS,2,100,True,False,15.14
TRB,2,100,True,True,10.68
AIXBT,1,100,False,True,0.0
AVAX,1,100,True,True,-5.16
BCH,1,100,True,True,1.8
ARB,1,100,True,True,-5.16
APE,1,100,True,True,24.01
ONDO,1,100,True,True,21.1
NEAR,1,100,True,True,3.1
GRASS,1,100,True,True,-5.16
ETHFI,1,100,True,True,13.46
DYDX,1,0,True,True,1.11
ENS,1,100,True,True,3.32
CAKE,1,100,True,True,-5.16
CRV,1,100,True,True,2.46
SUSHI,1,100,True,True,1.95
PEPE,1,100,True,True,2.61
OP,1,100,True,True,1.49
PEOPLE,1,100,True,True,-5.16
TAO,1,100,True,True,-5.16
UNI,1,100,True,True,0.17
XMR,1,0,True,False,-0.75
XPL,1,100,True,True,-5.16
