L,H,rang,N,perioden,gem_kandidaten,gem_gekozen,top_per_maand_pct,top_positief_pct,top_slechtste_pct,top_totaal_pct,alle_per_maand_pct,btc_per_maand_pct,top_btc_stijgend,top_btc_dalend
42,14,rendement,5,20,50.2,5.0,0.56,45,-9.75,3.0,-3.17,-4.9,0.08,0.38
42,14,rendement,10,20,50.2,10.0,-1.94,45,-7.93,-17.5,-3.17,-4.9,-1.09,-0.76
42,14,rendement,20,20,50.2,19.6,-2.95,40,-5.96,-24.4,-3.17,-4.9,-1.27,-1.41
42,14,constantheid,5,20,50.2,5.0,3.29,65,-7.48,31.4,-3.17,-4.9,-0.18,2.64
42,14,constantheid,10,20,50.2,10.0,0.62,50,-7.02,4.3,-3.17,-4.9,0.34,0.25
42,14,constantheid,20,20,50.2,19.6,0.28,55,-5.96,1.7,-3.17,-4.9,-0.15,0.31
42,14,voordeel,5,20,50.2,5.0,1.55,45,-5.6,13.1,-3.17,-4.9,-0.37,1.43
42,14,voordeel,10,20,50.2,10.0,0.13,45,-6.26,-0.2,-3.17,-4.9,-0.09,0.16
42,14,voordeel,20,20,50.2,19.6,-1.36,45,-5.96,-12.5,-3.17,-4.9,0.06,-1.08
42,28,rendement,5,10,55.1,5.0,-0.08,40,-8.38,-2.6,-3.7,-4.62,-1.16,0.65
42,28,rendement,10,10,55.1,10.0,-3.03,30,-6.75,-25.1,-3.7,-4.62,-2.67,-2.87
42,28,rendement,20,10,55.1,20.0,-4.14,10,-8.78,-32.5,-3.7,-4.62,-3.89,-3.76
42,28,constantheid,5,10,55.1,5.0,1.34,70,-7.17,11.7,-3.7,-4.62,2.11,0.65
42,28,constantheid,10,10,55.1,10.0,-1.44,40,-7.83,-13.3,-3.7,-4.62,0.28,-2.4
42,28,constantheid,20,10,55.1,20.0,-1.53,30,-6.58,-13.8,-3.7,-4.62,-1.28,-1.5
42,28,voordeel,5,10,55.1,5.0,1.26,40,-7.54,9.0,-3.7,-4.62,3.51,-0.4
42,28,voordeel,10,10,55.1,10.0,-1.17,30,-8.66,-11.9,-3.7,-4.62,0.57,-2.18
42,28,voordeel,20,10,55.1,20.0,-2.68,20,-8.3,-22.5,-3.7,-4.62,-1.41,-3.17
84,14,rendement,5,20,125.5,5.0,-1.67,35,-9.53,-17.8,-1.29,-4.9,-0.44,-0.98
84,14,rendement,10,20,125.5,10.0,-2.14,30,-6.78,-19.1,-1.29,-4.9,-1.19,-0.84
84,14,rendement,20,20,125.5,20.0,-2.23,35,-7.02,-19.2,-1.29,-4.9,-1.17,-0.93
84,14,constantheid,5,20,125.5,5.0,3.69,75,-4.14,39.0,-1.29,-4.9,1.67,1.71
84,14,constantheid,10,20,125.5,10.0,5.32,80,-2.36,60.4,-1.29,-4.9,2.31,2.54
84,14,constantheid,20,20,125.5,20.0,3.25,60,-2.7,32.6,-1.29,-4.9,0.22,2.34
84,14,voordeel,5,20,125.5,5.0,2.15,50,-10.11,17.0,-1.29,-4.9,-0.56,2.02
84,14,voordeel,10,20,125.5,10.0,0.6,60,-7.24,4.1,-1.29,-4.9,1.29,-0.4
84,14,voordeel,20,20,125.5,20.0,0.2,40,-5.49,0.8,-1.29,-4.9,0.4,-0.11
84,28,rendement,5,10,130.0,5.0,-2.01,30,-12.29,-18.1,-1.46,-4.62,-1.83,-1.86
84,28,rendement,10,10,130.0,10.0,-2.72,20,-8.43,-22.8,-1.46,-4.62,-3.16,-2.06
84,28,rendement,20,10,130.0,20.0,-3.37,0,-7.73,-27.3,-1.46,-4.62,-3.44,-2.88
84,28,constantheid,5,10,130.0,5.0,2.66,70,-1.41,26.9,-1.46,-4.62,2.13,2.66
84,28,constantheid,10,10,130.0,10.0,2.16,80,-0.88,21.5,-1.46,-4.62,2.28,1.79
84,28,constantheid,20,10,130.0,20.0,-0.0,50,-3.62,-0.4,-1.46,-4.62,0.48,-0.32
84,28,voordeel,5,10,130.0,5.0,-1.81,40,-10.36,-16.7,-1.46,-4.62,-3.68,-0.32
84,28,voordeel,10,10,130.0,10.0,-2.53,20,-7.37,-21.5,-1.46,-4.62,-2.05,-2.51
84,28,voordeel,20,10,130.0,20.0,-2.03,30,-5.39,-17.4,-1.46,-4.62,-1.35,-2.22
