config,stop,trades,gestopt_pct,doorgeschoten_van_gestopt,slechtste_met_stop_pct,slechtste_zonder_pct,gem_met_pct,gem_zonder_pct,potje_gem,potje_mediaan,winstgevend,slechtste_trader_maand
meeste_winst,0.1,1634,7.47,1,-18.95,-62.37,-0.11,0.91,-1.1,-2.2,33.3,-14.9
meeste_winst,0.2,1634,2.57,0,-20.32,-62.37,-0.02,0.91,-0.5,-0.6,46.2,-13.2
meeste_winst,0.3,1634,1.65,0,-30.32,-62.37,-0.1,0.91,-1.1,-1.6,41.0,-18.7
meeste_winst,0.5,1634,0.67,0,-50.32,-62.37,-0.09,0.91,-1.0,-0.5,46.2,-26.8
meeste_winst,None,1634,0.0,0,-112.68,-62.37,-0.05,0.91,-0.6,-0.3,46.2,-26.3
standaard,0.1,1382,12.52,2,-18.95,-54.7,-0.18,1.08,-1.0,-1.0,35.9,-14.2
standaard,0.2,1382,4.56,0,-20.32,-54.7,-0.11,1.08,-0.4,0.1,51.3,-13.3
standaard,0.3,1382,2.39,0,-30.32,-54.7,-0.09,1.08,-0.2,0.1,51.3,-15.8
standaard,0.5,1382,0.94,0,-50.32,-54.7,-0.06,1.08,-0.0,0.8,56.4,-18.9
standaard,None,1382,0.0,0,-112.68,-54.7,-0.01,1.08,0.3,0.8,56.4,-26.3
veilig,0.1,1273,14.53,4,-18.95,-54.7,-0.38,1.09,-2.4,-2.6,30.8,-19.0
veilig,0.2,1273,5.18,0,-20.32,-54.7,-0.26,1.09,-1.5,-1.3,43.6,-21.7
veilig,0.3,1273,2.91,0,-30.32,-54.7,-0.25,1.09,-1.3,-1.8,43.6,-18.6
veilig,0.5,1273,1.26,0,-50.32,-54.7,-0.25,1.09,-1.4,-1.8,46.2,-18.9
veilig,None,1273,0.0,0,-112.68,-54.7,-0.15,1.09,-0.8,-1.5,46.2,-26.3
