keuze,knip,adres,keuze_potje_pct,p90,equity_knip,test_trades,test_potje_leider_pct,kraken_pct,winst_pct,slechtste_trade_pct,gem_winst_pct,houd_u,trades_per_dag,maker_pct
standaard,2026-06-01,0x9845…599C,185.3,2,16765,32,35.8,88,78,-64.4,3.03,4.1,1.17,65
standaard,2026-06-01,0xF5D5…7139,73.9,5,7466,51,11.6,88,76,-15.3,2.75,5.4,0.57,0
standaard,2026-06-01,0x0496…CB54,51.0,3,6425,3,0.1,94,49,-21.4,4.61,19.8,0.5,50
standaard,2026-06-01,0x4Bb3…Dee2,49.9,10,6076,14,7.1,72,84,-100.2,4.93,48.1,0.93,13
standaard,2026-06-01,0x1Fdf…eE1f,44.7,5,17959,33,13.9,89,89,-8.4,2.62,35.1,0.6,78
standaard,2026-06-01,0xEaEA…4228,38.7,8,6412,9,-1.2,79,40,-26.4,15.44,108.7,0.6,53
standaard,2026-06-01,0x5cd4…c11F,32.8,4,6639,69,-1.1,75,60,-40.2,2.35,4.7,1.13,27
standaard,2026-06-01,0x57BE…53Df,30.5,7,8523,81,-11.7,77,50,-23.6,7.43,48.1,1.43,1
standaard,2026-06-01,0x80B8…6965,29.7,3,9811,36,13.3,95,67,-100.2,2.57,11.0,0.53,18
standaard,2026-06-01,0xAf24…9318,17.4,9,20165,15,-2.9,95,59,-11.9,3.41,35.0,0.2,37
standaard,2026-07-01,0x9845…599C,217.4,2,19210,55,34.0,86,80,-64.4,2.93,4.0,1.03,63
standaard,2026-07-01,0x4Bb3…Dee2,63.5,9,6077,69,22.8,72,83,-100.2,5.23,48.1,0.47,13
standaard,2026-07-01,0x80B8…6965,42.7,3,9242,18,15.4,96,70,-100.2,2.4,11.0,1.2,24
standaard,2026-07-01,0xCf6F…f3f4,41.2,4,8536,15,1.0,92,79,-31.6,1.34,2.2,0.37,1
standaard,2026-07-01,0xb0be…0467,33.7,6,11010,27,4.0,85,54,-59.4,5.87,23.9,0.7,57
standaard,2026-07-01,0x559B…8169,32.1,6,7235,24,4.7,68,92,-18.4,1.47,9.2,2.0,0
standaard,2026-07-01,0xB4fc…Fb6d,32.0,2,17285,34,-1.1,94,45,-11.4,1.96,2.6,2.57,10
standaard,2026-07-01,0x163C…E5D3,25.1,3,24243,35,0.5,94,73,-9.8,1.38,9.1,0.53,63
standaard,2026-07-01,0x6c31…78A3,21.9,4,127646,7,-1.2,99,62,-52.1,3.68,27.7,0.87,63
standaard,2026-07-01,0xBb84…d0D0,20.1,3,13123,21,15.7,94,45,-6.7,1.45,2.5,1.37,34
standaard,2026-08-01,0x9845…599C,255.0,2,22609,12,-1.2,83,81,-64.4,2.71,3.7,1.83,62
standaard,2026-08-01,0xF5D5…7139,105.8,5,5407,42,8.6,84,74,-15.3,2.74,5.1,1.37,0
standaard,2026-08-01,0x4Bb3…Dee2,76.1,10,6283,59,5.1,74,84,-100.2,4.84,45.4,2.13,13
standaard,2026-08-01,0x1Fdf…eE1f,66.9,5,17819,34,11.0,91,89,-30.8,2.96,33.0,0.43,79
standaard,2026-08-01,0x80B8…6965,58.6,3,12370,36,24.5,96,72,-100.2,2.44,12.3,0.5,30
standaard,2026-08-01,0x4e13…591f,56.5,5,5665,75,13.0,76,66,-12.4,4.37,13.1,1.6,1
standaard,2026-08-01,0xCf6F…f3f4,44.2,4,5203,48,12.2,92,80,-31.6,1.33,2.2,0.43,1
standaard,2026-08-01,0xb0be…0467,37.7,6,11120,24,12.1,86,53,-59.4,5.55,23.0,0.9,57
standaard,2026-08-01,0xA19A…a36B,37.2,5,10491,28,11.5,59,87,-7.7,2.12,13.1,0.8,7
standaard,2026-08-01,0xf048…5159,34.8,10,14948,46,-4.9,98,43,-31.3,4.33,15.6,0.57,24
standaard,2026-09-01,0xa018…02bA,141.4,9,6780,57,18.6,57,87,-15.6,4.36,16.2,1.37,59
standaard,2026-09-01,0xF5D5…7139,94.1,6,6899,88,10.4,85,71,-15.3,2.7,5.4,1.47,0
standaard,2026-09-01,0xeeE0…022b,75.1,5,41683,42,9.4,65,74,-5.8,1.59,3.4,1.9,0
standaard,2026-09-01,0x5cd4…c11F,65.1,4,5330,33,7.7,78,58,-40.2,2.36,3.9,0.93,24
standaard,2026-09-01,0x51d2…365C,63.9,4,100704,10,7.9,75,73,-8.7,1.89,4.6,0.8,69
standaard,2026-09-01,0x8328…5DeA,59.8,7,14171,0,0.0,66,62,-25.7,6.75,34.7,1.7,15
standaard,2026-09-01,0x80B8…6965,57.9,4,18258,38,30.0,95,74,-100.2,2.54,13.2,1.2,36
standaard,2026-09-01,0xe8c7…3D10,56.2,3,45116,10,16.3,51,87,-7.0,1.86,9.7,0.17,58
standaard,2026-09-01,0xA19A…a36B,55.5,5,12634,21,15.9,59,85,-7.7,2.55,13.0,0.83,6
standaard,2026-09-01,0x1Fdf…eE1f,55.3,7,20707,32,6.9,91,89,-30.8,2.85,32.4,1.23,80
beste_ontwerp,2026-06-01,0x1071…2648,42.6,1,2183,122,112.8,30,37,-2.6,0.82,0.0,3.5,72
beste_ontwerp,2026-06-01,0xcCc1…39D3,125.7,1,61,10,9.9,0,27,-4.4,6.72,1.7,3.07,4
beste_ontwerp,2026-06-01,0x9845…599C,185.3,2,16765,32,35.8,88,78,-64.4,3.03,4.1,1.17,65
beste_ontwerp,2026-06-01,0x0d41…68f0,91.9,2,1106,13,-15.1,67,56,-23.0,7.58,14.5,0.43,31
beste_ontwerp,2026-06-01,0xFAE1…6dBB,50.0,2,7292,52,33.2,59,60,-29.4,1.56,0.6,1.0,8
beste_ontwerp,2026-07-01,0x1071…2648,155.8,1,2637,44,40.1,44,49,-2.6,0.87,0.2,4.07,70
beste_ontwerp,2026-07-01,0x9845…599C,217.4,2,19210,55,34.0,86,80,-64.4,2.93,4.0,1.03,63
beste_ontwerp,2026-07-01,0xDC0E…341B,66.7,1,79,12,21.5,83,56,-54.8,1.68,1.1,0.67,36
beste_ontwerp,2026-07-01,0xFAE1…6dBB,85.1,2,9184,93,69.5,59,64,-29.4,1.57,0.6,1.73,7
beste_ontwerp,2026-07-01,0xA95e…8585,94.1,1,2003,49,35.8,100,86,-6.9,0.46,1.3,4.07,69
beste_ontwerp,2026-08-01,0x70a5…1c28,264.6,1,752,76,74.2,100,80,-6.7,0.93,2.1,1.3,79
beste_ontwerp,2026-08-01,0x1071…2648,195.8,1,2844,70,68.4,48,53,-2.6,0.87,0.3,1.37,70
beste_ontwerp,2026-08-01,0xA95e…8585,130.4,1,2149,61,43.3,100,85,-6.9,0.53,1.6,1.43,65
beste_ontwerp,2026-08-01,0x9845…599C,255.0,2,22609,12,-1.2,83,81,-64.4,2.71,3.7,1.83,62
beste_ontwerp,2026-08-01,0xFAE1…6dBB,101.5,3,10740,51,18.3,58,70,-29.4,1.59,0.7,2.9,6
beste_ontwerp,2026-09-01,0x70a5…1c28,338.5,1,817,53,49.3,100,84,-6.7,0.94,2.2,2.53,78
beste_ontwerp,2026-09-01,0x1071…2648,264.1,1,3109,55,51.2,53,57,-2.6,0.89,0.5,2.33,70
beste_ontwerp,2026-09-01,0xB19b…bCD7,300.2,1,1055,50,46.8,100,87,-8.3,0.95,2.8,2.23,80
beste_ontwerp,2026-09-01,0xFd8B…4260,181.3,1,0,0,0.0,100,94,-6.7,0.61,1.5,2.77,0
beste_ontwerp,2026-09-01,0xA95e…8585,173.6,1,2523,83,62.9,100,85,-6.9,0.57,1.9,2.07,64
beste_handmatig,2026-06-01,0x7878…68B6,107.7,2,547,24,16.0,100,81,-3.5,1.44,12.6,1.3,21
beste_handmatig,2026-06-01,0x1Fdf…eE1f,44.7,5,17959,33,13.9,89,89,-8.4,2.62,35.1,0.6,78
beste_handmatig,2026-06-01,0xF5D5…7139,73.9,5,7466,51,11.6,88,76,-15.3,2.75,5.4,0.57,0
beste_handmatig,2026-06-01,0x9845…599C,185.3,2,16765,32,35.8,88,78,-64.4,3.03,4.1,1.17,65
beste_handmatig,2026-06-01,0x6b4a…F4d1,29.0,2,307,39,9.2,12,86,-7.9,0.72,2.2,0.73,2
beste_handmatig,2026-07-01,0x7878…68B6,123.3,2,696,40,22.7,100,81,-5.2,1.5,13.2,0.8,24
beste_handmatig,2026-07-01,0xF5D5…7139,83.7,5,2890,42,13.4,89,73,-15.3,2.59,4.9,1.63,0
beste_handmatig,2026-07-01,0xf086…C25A,115.7,1,3183,34,12.7,80,74,-2.9,1.18,2.5,1.6,27
beste_handmatig,2026-07-01,0x9845…599C,217.4,2,19210,55,34.0,86,80,-64.4,2.93,4.0,1.03,63
beste_handmatig,2026-07-01,0xf170…1c49,85.2,5,2777,1,0.4,54,70,-24.7,2.82,7.3,0.83,50
beste_handmatig,2026-08-01,0x70a5…1c28,264.6,1,752,76,74.2,100,80,-6.7,0.93,2.1,1.3,79
beste_handmatig,2026-08-01,0x7878…68B6,145.2,2,804,10,5.7,100,81,-5.2,1.48,14.0,1.33,26
beste_handmatig,2026-08-01,0xF5D5…7139,105.8,5,5407,42,8.6,84,74,-15.3,2.74,5.1,1.37,0
beste_handmatig,2026-08-01,0x1Fdf…eE1f,66.9,5,17819,34,11.0,91,89,-30.8,2.96,33.0,0.43,79
beste_handmatig,2026-08-01,0xd963…b905,34.7,5,17152,2,1.0,93,82,-7.1,1.5,4.6,1.53,47
beste_handmatig,2026-09-01,0x70a5…1c28,338.5,1,817,53,49.3,100,84,-6.7,0.94,2.2,2.53,78
beste_handmatig,2026-09-01,0xB19b…bCD7,300.2,1,1055,50,46.8,100,87,-8.3,0.95,2.8,2.23,80
beste_handmatig,2026-09-01,0xeeE0…022b,75.1,5,41683,42,9.4,65,74,-5.8,1.59,3.4,1.9,0
beste_handmatig,2026-09-01,0xe42f…00DB,19.4,5,1,0,0.0,84,81,-0.8,1.04,6.4,2.8,44
beste_handmatig,2026-09-01,0xf086…C25A,145.3,1,2743,23,22.8,77,73,-3.9,1.23,3.1,0.4,26
beste_equity5k,2026-06-01,0x9845…599C,185.3,2,16765,32,35.8,88,78,-64.4,3.03,4.1,1.17,65
beste_equity5k,2026-06-01,0x1Fdf…eE1f,44.7,5,17959,33,13.9,89,89,-8.4,2.62,35.1,0.6,78
beste_equity5k,2026-06-01,0x4Bb3…Dee2,49.9,10,6076,14,7.1,72,84,-100.2,4.93,48.1,0.93,13
beste_equity5k,2026-06-01,0xF5D5…7139,73.9,5,7466,51,11.6,88,76,-15.3,2.75,5.4,0.57,0
beste_equity5k,2026-06-01,0x80B8…6965,29.7,3,9811,36,13.3,95,67,-100.2,2.57,11.0,0.53,18
beste_equity5k,2026-07-01,0x9845…599C,217.4,2,19210,55,34.0,86,80,-64.4,2.93,4.0,1.03,63
beste_equity5k,2026-07-01,0x80B8…6965,42.7,3,9242,18,15.4,96,70,-100.2,2.4,11.0,1.2,24
beste_equity5k,2026-07-01,0xB4fc…Fb6d,32.0,2,17285,34,-1.1,94,45,-11.4,1.96,2.6,2.57,10
beste_equity5k,2026-07-01,0x4Bb3…Dee2,63.5,9,6077,69,22.8,72,83,-100.2,5.23,48.1,0.47,13
beste_equity5k,2026-07-01,0x559B…8169,32.1,6,7235,24,4.7,68,92,-18.4,1.47,9.2,2.0,0
beste_equity5k,2026-08-01,0x9845…599C,255.0,2,22609,12,-1.2,83,81,-64.4,2.71,3.7,1.83,62
beste_equity5k,2026-08-01,0x4e13…591f,56.5,5,5665,75,13.0,76,66,-12.4,4.37,13.1,1.6,1
beste_equity5k,2026-08-01,0xF5D5…7139,105.8,5,5407,42,8.6,84,74,-15.3,2.74,5.1,1.37,0
beste_equity5k,2026-08-01,0x80B8…6965,58.6,3,12370,36,24.5,96,72,-100.2,2.44,12.3,0.5,30
beste_equity5k,2026-08-01,0x1Fdf…eE1f,66.9,5,17819,34,11.0,91,89,-30.8,2.96,33.0,0.43,79
beste_equity5k,2026-09-01,0xE2C8…D708,45.2,2,6929,34,46.8,85,45,-16.8,5.6,5.4,0.67,2
beste_equity5k,2026-09-01,0x8328…5DeA,59.8,7,14171,0,0.0,66,62,-25.7,6.75,34.7,1.7,15
beste_equity5k,2026-09-01,0xA19A…a36B,55.5,5,12634,21,15.9,59,85,-7.7,2.55,13.0,0.83,6
beste_equity5k,2026-09-01,0xa018…02bA,141.4,9,6780,57,18.6,57,87,-15.6,4.36,16.2,1.37,59
beste_equity5k,2026-09-01,0x51d2…365C,63.9,4,100704,10,7.9,75,73,-8.7,1.89,4.6,0.8,69
