min_equity,max_pos,handmatig,rang,N,ontwerp_folds,ontwerp_gem_pct,ontwerp_min_pct,ontwerp_pctl_gem,2026-06-01_geschikt,2026-06-01_pct,2026-06-01_willek_pct,2026-06-01_pctl,2026-06-01_winnaars,2026-06-01_mediaan_pct,2026-07-01_geschikt,2026-07-01_pct,2026-07-01_willek_pct,2026-07-01_pctl,2026-07-01_winnaars,2026-07-01_mediaan_pct,2026-08-01_geschikt,2026-08-01_pct,2026-08-01_willek_pct,2026-08-01_pctl,2026-08-01_winnaars,2026-08-01_mediaan_pct,2026-09-01_geschikt,2026-09-01_pct,2026-09-01_willek_pct,2026-09-01_pctl,2026-09-01_winnaars,2026-09-01_mediaan_pct,schoon_gem_pct
0,5,True,potje,5,3,15.3,11.07,97.0,36,11.07,1.47,98.0,4.0,11.62,46,13.49,4.43,97.0,3.0,12.73,65,21.33,3.24,98.0,4.0,8.61,76,18.46,4.26,96.0,3.0,22.84,19.9
0,5,True,potje,10,3,10.57,7.48,96.0,36,7.48,1.95,95.0,7.0,9.32,46,9.21,4.5,93.0,7.0,6.13,65,15.01,2.85,98.0,8.0,9.33,76,13.0,4.63,96.0,8.0,7.77,14.01
0,5,True,potje,20,3,6.85,5.86,94.0,36,5.86,1.75,100.0,14.0,5.84,46,8.58,4.36,99.0,14.0,6.13,65,6.1,2.88,83.0,13.0,7.14,76,11.32,4.52,99.0,16.0,8.65,8.71
0,5,True,potje_3m,5,3,15.15,5.19,92.0,36,5.19,1.7,77.0,3.0,3.78,46,17.69,4.61,99.0,4.0,20.87,65,22.56,2.85,99.0,3.0,19.37,76,34.26,4.25,100.0,5.0,46.81,28.41
0,5,True,potje_3m,10,3,11.59,9.42,98.0,36,9.42,1.93,100.0,8.0,12.45,46,12.92,4.46,100.0,7.0,14.08,65,12.43,2.99,95.0,7.0,7.14,76,22.41,4.35,100.0,9.0,19.08,17.42
0,5,True,potje_3m,20,3,6.19,3.84,91.0,36,3.84,1.77,89.0,11.0,1.72,46,7.44,4.29,95.0,14.0,5.45,65,7.29,3.0,88.0,14.0,3.02,76,14.02,4.59,100.0,16.0,7.77,10.66
0,5,True,gem_r,5,3,10.57,8.29,89.0,36,13.31,1.92,99.0,4.0,13.92,46,10.11,4.54,88.0,3.0,5.15,65,8.29,2.96,80.0,4.0,10.06,76,7.36,4.57,67.0,3.0,9.7,7.82
0,5,True,gem_r,10,3,6.67,3.22,82.0,36,8.18,1.48,99.0,7.0,9.32,46,8.6,4.25,90.0,7.0,3.08,65,3.22,2.84,56.0,8.0,7.14,76,7.04,4.44,71.0,7.0,8.52,5.13
0,5,True,gem_r,20,3,7.16,4.37,96.0,36,4.37,1.76,95.0,12.0,2.97,46,7.99,4.4,98.0,14.0,5.45,65,9.1,2.72,97.0,16.0,5.21,76,7.78,4.22,86.0,13.0,6.37,8.44
0,5,True,t,5,3,18.02,16.67,99.0,36,17.29,1.82,100.0,5.0,13.92,46,16.67,4.6,99.0,5.0,13.43,65,20.1,2.72,98.0,5.0,8.61,76,25.67,3.86,100.0,4.0,22.84,22.89
0,5,True,t,10,3,11.43,9.56,98.0,36,9.56,2.02,100.0,7.0,10.12,46,10.94,4.32,98.0,9.0,8.94,65,13.79,2.9,97.0,8.0,9.8,76,17.63,4.2,100.0,9.0,12.65,15.71
0,5,True,t,20,3,6.68,4.59,94.0,36,4.59,1.79,96.0,12.0,1.72,46,8.48,4.25,98.0,15.0,3.45,65,6.97,2.9,89.0,15.0,2.06,76,10.09,4.47,96.0,15.0,7.5,8.53
0,5,True,winstmnd_frac,5,3,9.04,7.55,83.0,36,11.97,1.86,98.0,4.0,13.92,46,7.59,4.15,78.0,3.0,5.15,65,7.55,3.52,74.0,5.0,8.61,76,9.31,4.66,77.0,4.0,9.43,8.43
0,5,True,winstmnd_frac,10,3,5.6,4.47,72.0,36,7.72,1.85,98.0,8.0,8.09,46,4.47,4.26,53.0,7.0,3.08,65,4.61,3.01,65.0,9.0,7.14,76,0.94,4.27,26.0,5.0,0.09,2.78
0,5,True,winstmnd_frac,20,3,3.17,0.85,57.0,36,4.32,1.84,94.0,11.0,0.69,46,4.34,4.23,51.0,14.0,1.37,65,0.85,2.94,27.0,15.0,2.67,76,6.46,4.59,74.0,14.0,7.28,3.65
0,5,False,potje,5,3,19.65,11.35,95.0,75,11.35,4.74,86.0,4.0,10.15,92,21.89,5.87,99.0,4.0,22.75,131,25.7,1.76,99.0,3.0,5.66,153,42.05,4.37,100.0,4.0,49.27,33.87
0,5,False,potje,10,3,16.62,14.94,97.0,75,14.94,5.32,93.0,8.0,10.88,92,15.27,5.77,97.0,8.0,8.94,131,19.64,2.59,99.0,7.0,13.78,153,33.24,5.04,100.0,7.0,42.43,26.44
0,5,False,potje,20,3,14.8,13.48,100.0,75,15.04,5.44,100.0,14.0,10.03,92,15.88,5.71,100.0,16.0,8.69,131,13.48,2.38,100.0,14.0,9.33,153,20.37,5.08,100.0,15.0,8.29,16.93
0,5,False,potje_3m,5,3,38.7,35.33,100.0,75,35.33,5.48,100.0,4.0,33.21,92,40.18,6.17,100.0,5.0,35.8,131,40.59,2.43,100.0,4.0,43.27,153,42.05,5.03,100.0,4.0,49.27,41.32
0,5,False,potje_3m,10,3,22.89,19.3,99.0,75,19.3,5.11,98.0,8.0,10.03,92,25.26,5.86,100.0,8.0,22.12,131,24.12,1.95,100.0,7.0,18.82,153,28.57,5.0,100.0,7.0,35.11,26.35
0,5,False,potje_3m,20,3,17.24,14.0,100.0,75,17.28,5.6,100.0,17.0,12.22,92,20.44,5.62,100.0,16.0,18.15,131,14.0,2.38,100.0,13.0,7.64,153,27.58,5.01,100.0,17.0,27.4,20.79
0,5,False,gem_r,5,3,9.41,4.82,79.0,75,13.31,5.01,90.0,4.0,13.92,92,10.11,5.38,78.0,3.0,5.15,131,4.82,1.98,70.0,4.0,10.06,153,0.73,5.54,29.0,2.0,-2.15,2.77
0,5,False,gem_r,10,3,6.84,1.37,68.0,75,10.28,5.44,84.0,8.0,10.88,92,8.87,5.89,75.0,7.0,4.44,131,1.37,2.27,47.0,7.0,7.64,153,4.51,4.91,48.0,6.0,7.5,2.94
0,5,False,gem_r,20,3,5.24,0.83,60.0,75,8.04,5.11,80.0,14.0,8.09,92,6.86,5.66,67.0,14.0,2.56,131,0.83,2.56,33.0,12.0,1.58,153,4.05,5.13,41.0,13.0,4.16,2.44
0,5,False,t,5,3,20.85,17.49,95.0,75,17.49,5.55,91.0,5.0,13.92,92,18.16,5.75,96.0,5.0,13.43,131,26.92,2.45,99.0,4.0,8.61,153,35.86,5.38,100.0,4.0,46.81,31.39
0,5,False,t,10,3,21.91,20.92,100.0,75,22.48,5.47,99.0,9.0,10.88,92,22.32,5.91,100.0,10.0,18.09,131,20.92,2.15,100.0,8.0,9.8,153,27.45,4.68,100.0,7.0,27.4,24.19
0,5,False,t,20,3,15.55,12.94,100.0,75,17.05,5.44,100.0,15.0,9.68,92,16.67,5.65,100.0,18.0,11.18,131,12.94,2.23,100.0,15.0,7.64,153,18.96,4.85,100.0,16.0,10.72,15.95
0,5,False,winstmnd_frac,5,3,10.35,7.05,81.0,75,9.05,5.22,77.0,4.0,11.62,92,14.95,5.36,93.0,4.0,13.43,131,7.05,2.76,73.0,3.0,5.66,153,20.86,4.47,95.0,3.0,9.43,13.96
0,5,False,winstmnd_frac,10,3,6.35,2.45,70.0,75,7.27,5.03,74.0,7.0,6.34,92,9.35,5.1,86.0,8.0,5.2,131,2.45,2.37,52.0,6.0,3.34,153,15.34,5.19,94.0,7.0,10.72,8.89
0,5,False,winstmnd_frac,20,3,5.26,2.91,61.0,75,5.48,5.48,55.0,14.0,4.65,92,7.39,5.82,73.0,16.0,4.69,131,2.91,2.52,55.0,13.0,3.86,153,7.24,5.03,71.0,11.0,3.22,5.08
0,10,True,potje,5,3,15.44,11.51,97.0,48,11.51,0.76,99.0,4.0,13.82,60,13.49,4.81,96.0,3.0,12.73,81,21.33,3.58,97.0,4.0,8.61,100,27.08,3.39,100.0,4.0,22.84,24.21
0,10,True,potje,10,3,11.9,9.64,98.0,48,9.64,1.23,100.0,8.0,9.37,60,13.83,4.7,100.0,8.0,13.08,81,12.23,3.14,95.0,8.0,5.36,100,14.35,3.72,98.0,8.0,9.93,13.29
0,10,True,potje,20,3,7.22,4.5,94.0,48,4.5,1.06,97.0,12.0,4.53,60,9.71,4.44,100.0,15.0,6.13,81,7.46,3.56,87.0,14.0,5.36,100,10.98,3.82,99.0,16.0,7.77,9.22
0,10,True,potje_3m,5,3,15.82,7.2,96.0,48,7.2,0.95,92.0,3.0,13.82,60,17.69,4.59,99.0,4.0,20.87,81,22.56,3.33,97.0,3.0,19.37,100,34.26,3.86,100.0,5.0,46.81,28.41
0,10,True,potje_3m,10,3,10.76,7.16,97.0,48,7.16,1.22,97.0,7.0,10.47,60,12.92,4.54,100.0,7.0,14.08,81,12.19,3.17,94.0,7.0,5.98,100,23.6,3.7,100.0,9.0,20.47,17.9
0,10,True,potje_3m,20,3,6.81,3.36,94.0,48,3.36,1.09,90.0,12.0,5.45,60,8.44,4.58,96.0,14.0,5.45,81,8.64,3.07,96.0,15.0,5.36,100,15.57,4.1,100.0,16.0,12.65,12.1
0,10,True,gem_r,5,3,10.63,6.4,90.0,48,10.8,0.94,98.0,4.0,13.82,60,14.7,4.83,97.0,4.0,13.43,81,6.4,2.77,75.0,4.0,10.06,100,6.74,3.65,70.0,2.0,0.0,6.57
0,10,True,gem_r,10,3,8.3,5.35,88.0,48,6.52,0.92,98.0,6.0,9.37,60,13.02,4.41,99.0,8.0,9.29,81,5.35,3.25,68.0,8.0,6.83,100,5.68,4.22,62.0,5.0,3.45,5.52
0,10,True,gem_r,20,3,5.1,3.47,81.0,48,3.47,0.85,93.0,11.0,2.24,60,8.17,4.37,97.0,14.0,4.35,81,3.66,3.31,54.0,15.0,3.79,100,6.43,3.86,82.0,12.0,6.1,5.04
0,10,True,t,5,3,15.95,9.17,97.0,48,9.17,1.3,96.0,4.0,13.82,60,17.52,4.43,100.0,5.0,13.43,81,21.16,3.04,97.0,5.0,8.61,100,25.51,3.68,100.0,5.0,18.64,23.33
0,10,True,t,10,3,12.66,10.3,99.0,48,10.3,1.16,100.0,8.0,10.4,60,13.54,4.39,100.0,9.0,13.08,81,14.15,3.27,98.0,9.0,7.45,100,18.33,3.84,100.0,9.0,14.53,16.24
0,10,True,t,20,3,7.73,4.47,97.0,48,4.47,1.09,97.0,11.0,5.7,60,9.68,4.38,100.0,16.0,6.13,81,9.03,3.39,95.0,17.0,5.36,100,12.21,4.07,100.0,17.0,7.38,10.62
0,10,True,winstmnd_frac,5,3,10.75,7.32,88.0,48,12.49,1.29,100.0,5.0,13.82,60,12.44,4.37,96.0,4.0,13.43,81,7.32,3.95,70.0,5.0,6.29,100,9.27,4.19,83.0,4.0,9.43,8.3
0,10,True,winstmnd_frac,10,3,6.24,4.58,84.0,48,4.58,1.06,87.0,6.0,9.37,60,7.41,4.54,84.0,7.0,4.92,81,6.73,2.88,81.0,10.0,5.98,100,10.9,4.3,93.0,9.0,9.93,8.82
0,10,True,winstmnd_frac,20,3,4.24,2.79,73.0,48,2.79,1.06,81.0,11.0,0.69,60,6.95,4.54,89.0,15.0,3.65,81,2.98,3.32,49.0,16.0,4.66,100,7.33,3.95,86.0,13.0,7.38,5.16
0,10,False,potje,5,3,21.57,17.12,97.0,88,17.12,4.67,93.0,5.0,13.82,109,21.89,5.54,99.0,4.0,22.75,149,25.7,2.91,99.0,3.0,5.66,181,42.05,4.31,100.0,4.0,49.27,33.87
0,10,False,potje,10,3,17.09,15.27,98.0,88,16.35,4.31,97.0,9.0,12.72,109,15.27,5.32,98.0,8.0,8.94,149,19.64,2.72,100.0,7.0,13.78,181,35.32,4.38,100.0,8.0,42.43,27.48
0,10,False,potje,20,3,15.2,12.09,100.0,88,15.78,4.07,100.0,15.0,10.34,109,17.72,5.24,100.0,16.0,13.08,149,12.09,2.73,99.0,14.0,6.17,181,19.94,4.53,100.0,15.0,9.93,16.02
0,10,False,potje_3m,5,3,38.7,35.33,100.0,88,35.33,4.26,99.0,4.0,33.21,109,40.18,5.17,100.0,5.0,35.8,149,40.59,2.37,100.0,4.0,43.27,181,42.05,4.48,100.0,4.0,49.27,41.32
0,10,False,potje_3m,10,3,23.23,20.3,100.0,88,20.3,4.06,100.0,8.0,11.98,109,25.26,5.26,100.0,8.0,22.12,149,24.12,2.27,100.0,7.0,18.82,181,28.57,4.72,100.0,7.0,35.11,26.35
0,10,False,potje_3m,20,3,16.81,13.88,100.0,88,16.18,4.27,100.0,16.0,10.03,109,20.36,5.38,100.0,16.0,18.15,149,13.88,2.73,100.0,13.0,6.48,181,27.58,4.52,100.0,17.0,27.4,20.73
0,10,False,gem_r,5,3,10.63,6.4,82.0,88,10.8,4.19,86.0,4.0,13.82,109,14.7,5.37,91.0,4.0,13.43,149,6.4,2.86,70.0,4.0,10.06,181,6.74,5.1,63.0,2.0,0.0,6.57
0,10,False,gem_r,10,3,7.62,3.3,76.0,88,6.52,3.93,78.0,6.0,9.37,109,13.02,5.73,95.0,8.0,9.29,149,3.3,2.88,55.0,7.0,6.83,181,2.95,4.5,40.0,4.0,-1.07,3.13
0,10,False,gem_r,20,3,4.06,0.09,54.0,88,4.55,4.26,58.0,13.0,7.07,109,7.54,5.27,80.0,14.0,3.89,149,0.09,2.64,25.0,14.0,2.24,181,4.84,4.72,51.0,12.0,6.1,2.47
0,10,False,t,5,3,18.08,9.17,94.0,88,9.17,3.68,86.0,4.0,13.82,109,18.16,5.49,96.0,5.0,13.43,149,26.92,2.61,100.0,4.0,8.61,181,33.19,4.93,100.0,4.0,46.81,30.06
0,10,False,t,10,3,17.57,11.51,97.0,88,11.51,4.2,90.0,9.0,10.88,109,21.58,5.74,100.0,10.0,18.09,149,19.62,2.66,100.0,8.0,7.45,181,28.41,4.88,100.0,9.0,25.3,24.01
0,10,False,t,20,3,12.73,10.51,99.0,88,13.4,4.12,99.0,13.0,9.19,109,14.29,5.37,100.0,18.0,11.18,149,10.51,2.24,98.0,15.0,5.98,181,20.38,4.52,100.0,17.0,13.94,15.44
0,10,False,winstmnd_frac,5,3,13.12,7.05,86.0,88,12.49,5.33,85.0,5.0,13.82,109,19.81,5.49,98.0,5.0,22.75,149,7.05,2.59,73.0,3.0,5.66,181,18.4,4.51,95.0,3.0,10.42,12.72
0,10,False,winstmnd_frac,10,3,6.29,3.39,69.0,88,3.39,4.11,50.0,6.0,6.4,109,11.77,5.53,94.0,9.0,6.84,149,3.73,2.35,64.0,7.0,5.98,181,15.76,4.59,97.0,7.0,9.93,9.74
0,10,False,winstmnd_frac,20,3,4.08,0.89,51.0,88,2.58,4.21,32.0,10.0,0.53,109,8.78,5.42,90.0,16.0,4.92,149,0.89,2.68,31.0,12.0,2.61,181,9.8,4.56,92.0,13.0,7.38,5.34
0,20,True,potje,5,3,15.44,11.51,98.0,52,11.51,0.69,99.0,4.0,13.82,67,13.49,4.58,97.0,3.0,12.73,90,21.33,3.05,99.0,4.0,8.61,112,27.08,3.97,100.0,4.0,22.84,24.21
0,20,True,potje,10,3,11.9,9.64,99.0,52,9.64,0.86,100.0,8.0,9.37,67,13.83,4.58,100.0,8.0,13.08,90,12.23,2.85,97.0,8.0,5.36,112,14.35,3.9,99.0,8.0,9.93,13.29
0,20,True,potje,20,3,8.16,4.28,99.0,52,4.28,0.83,97.0,11.0,2.38,67,10.72,4.48,100.0,16.0,8.0,90,9.47,2.91,99.0,15.0,5.98,112,11.2,3.69,100.0,16.0,8.65,10.34
0,20,True,potje_3m,5,3,15.82,7.2,97.0,52,7.2,0.95,93.0,3.0,13.82,67,17.69,4.46,100.0,4.0,20.87,90,22.56,2.79,98.0,3.0,19.37,112,34.26,3.91,100.0,5.0,46.81,28.41
0,20,True,potje_3m,10,3,10.76,7.16,98.0,52,7.16,0.97,100.0,7.0,10.47,67,12.92,4.65,100.0,7.0,14.08,90,12.19,2.83,95.0,7.0,5.98,112,23.52,4.12,100.0,9.0,20.47,17.86
0,20,True,potje_3m,20,3,6.63,2.8,93.0,52,2.8,1.1,83.0,11.0,2.53,67,8.44,4.59,98.0,14.0,5.45,90,8.64,2.72,97.0,15.0,5.36,112,14.42,4.05,100.0,16.0,8.65,11.53
0,20,True,gem_r,5,3,8.63,2.48,82.0,52,8.01,0.98,94.0,3.0,7.13,67,15.39,4.44,99.0,4.0,16.9,90,2.48,2.49,55.0,3.0,5.06,112,9.88,4.17,84.0,4.0,9.77,6.18
0,20,True,gem_r,10,3,8.19,3.48,85.0,52,8.03,0.86,100.0,6.0,9.37,67,13.07,4.44,99.0,8.0,10.26,90,3.48,3.15,55.0,7.0,3.17,112,6.48,4.09,72.0,6.0,5.36,4.98
0,20,True,gem_r,20,3,4.68,2.47,77.0,52,3.44,0.96,91.0,10.0,2.19,67,8.12,4.61,96.0,14.0,4.51,90,2.47,2.95,46.0,16.0,2.66,112,6.79,4.32,78.0,14.0,7.13,4.63
0,20,True,t,5,3,14.16,9.17,96.0,52,9.17,1.07,96.0,4.0,13.82,67,12.14,4.76,93.0,5.0,12.73,90,21.16,2.32,98.0,5.0,8.61,112,25.51,3.88,100.0,5.0,18.64,23.33
0,20,True,t,10,3,12.77,10.5,99.0,52,10.5,0.65,100.0,8.0,10.4,67,13.73,4.75,99.0,9.0,13.08,90,14.08,2.4,98.0,9.0,7.45,112,17.67,3.61,100.0,9.0,10.91,15.88
0,20,True,t,20,3,7.43,3.96,97.0,52,3.96,0.85,97.0,10.0,2.19,67,10.12,4.67,99.0,17.0,6.12,90,8.22,2.93,94.0,16.0,5.36,112,13.28,4.12,100.0,18.0,9.6,10.75
0,20,True,winstmnd_frac,5,3,11.56,7.32,92.0,52,12.49,0.77,99.0,5.0,13.82,67,14.88,4.47,98.0,4.0,16.9,90,7.32,2.66,79.0,5.0,6.29,112,9.27,3.84,82.0,4.0,9.43,8.3
0,20,True,winstmnd_frac,10,3,5.3,2.55,75.0,52,2.55,1.05,69.0,5.0,3.56,67,8.55,4.43,91.0,7.0,4.92,90,4.8,2.94,66.0,9.0,5.36,112,9.6,3.86,91.0,9.0,8.65,7.2
0,20,True,winstmnd_frac,20,3,4.08,1.94,71.0,52,2.81,0.9,85.0,11.0,0.69,67,7.48,4.52,94.0,15.0,4.92,90,1.94,3.25,35.0,15.0,3.11,112,5.35,3.8,70.0,13.0,7.0,3.64
0,20,False,potje,5,3,21.57,17.12,97.0,93,17.12,4.31,93.0,5.0,13.82,116,21.89,5.55,99.0,4.0,22.75,158,25.7,2.41,100.0,3.0,5.66,196,42.05,4.79,100.0,4.0,49.27,33.87
0,20,False,potje,10,3,17.09,15.27,99.0,93,16.35,3.53,99.0,9.0,12.72,116,15.27,5.27,99.0,8.0,8.94,158,19.64,2.0,100.0,7.0,13.78,196,35.32,4.39,100.0,8.0,42.43,27.48
0,20,False,potje,20,3,15.2,12.09,100.0,93,15.78,4.11,100.0,15.0,10.34,116,17.72,5.26,100.0,16.0,13.08,158,12.09,2.21,99.0,14.0,6.17,196,19.94,4.43,100.0,15.0,9.93,16.02
0,20,False,potje_3m,5,3,38.7,35.33,100.0,93,35.33,4.04,100.0,4.0,33.21,116,40.18,5.55,100.0,5.0,35.8,158,40.59,3.06,100.0,4.0,43.27,196,42.05,4.87,100.0,4.0,49.27,41.32
0,20,False,potje_3m,10,3,23.23,20.3,100.0,93,20.3,4.45,99.0,8.0,11.98,116,25.26,5.33,100.0,8.0,22.12,158,24.12,2.23,100.0,7.0,18.82,196,28.57,4.43,100.0,7.0,35.11,26.35
0,20,False,potje_3m,20,3,16.81,13.88,100.0,93,16.18,4.32,100.0,16.0,10.03,116,20.36,5.28,100.0,16.0,18.15,158,13.88,2.5,99.0,13.0,6.48,196,27.58,4.8,100.0,17.0,27.4,20.73
0,20,False,gem_r,5,3,8.63,2.48,77.0,93,8.01,3.67,83.0,3.0,7.13,116,15.39,5.08,94.0,4.0,16.9,158,2.48,2.7,54.0,3.0,5.06,196,9.88,4.34,78.0,4.0,9.77,6.18
0,20,False,gem_r,10,3,7.61,1.74,74.0,93,8.03,4.25,80.0,6.0,9.37,116,13.07,5.42,97.0,8.0,10.26,158,1.74,2.9,46.0,7.0,3.17,196,6.48,4.21,68.0,6.0,5.36,4.11
0,20,False,gem_r,20,3,4.5,1.76,61.0,93,3.44,3.89,51.0,10.0,2.19,116,8.31,5.47,86.0,15.0,4.51,158,1.76,2.56,45.0,15.0,3.94,196,5.74,4.74,63.0,13.0,7.13,3.75
0,20,False,t,5,3,18.08,9.17,94.0,93,9.17,3.87,84.0,4.0,13.82,116,18.16,5.64,99.0,5.0,13.43,158,26.92,2.74,100.0,4.0,8.61,196,33.19,4.4,100.0,4.0,46.81,30.06
0,20,False,t,10,3,16.31,10.81,95.0,93,10.81,4.45,86.0,8.0,10.88,116,18.51,5.32,100.0,10.0,13.08,158,19.62,2.58,100.0,8.0,7.45,196,28.41,4.5,100.0,9.0,25.3,24.01
0,20,False,t,20,3,13.5,11.02,100.0,93,14.89,4.27,100.0,13.0,9.19,116,14.59,5.63,100.0,18.0,11.18,158,11.02,2.37,99.0,15.0,6.48,196,20.24,4.55,100.0,17.0,11.71,15.63
0,20,False,winstmnd_frac,5,3,13.12,7.05,89.0,93,12.49,3.87,90.0,5.0,13.82,116,19.81,5.37,99.0,5.0,22.75,158,7.05,2.4,77.0,3.0,5.66,196,18.4,4.78,94.0,3.0,10.42,12.72
0,20,False,winstmnd_frac,10,3,7.33,3.73,77.0,93,5.65,3.94,71.0,6.0,6.4,116,12.62,5.64,95.0,9.0,9.34,158,3.73,2.41,65.0,7.0,5.98,196,15.76,4.48,97.0,7.0,9.93,9.74
0,20,False,winstmnd_frac,20,3,4.27,2.44,57.0,93,2.62,3.99,38.0,10.0,0.64,116,7.76,5.31,82.0,16.0,4.51,158,2.44,2.21,52.0,13.0,2.61,196,10.58,4.47,95.0,14.0,7.49,6.51
0,999,True,potje,5,3,15.44,11.51,98.0,58,11.51,0.98,99.0,4.0,13.82,74,13.49,4.25,97.0,3.0,12.73,95,21.33,2.22,98.0,4.0,8.61,118,27.08,3.73,100.0,4.0,22.84,24.21
0,999,True,potje,10,3,10.55,9.64,97.0,58,9.64,0.93,100.0,8.0,9.37,74,9.77,4.32,95.0,7.0,8.94,95,12.23,2.99,96.0,8.0,5.36,118,14.35,4.04,100.0,8.0,9.93,13.29
0,999,True,potje,20,3,7.9,4.28,98.0,58,4.28,0.8,97.0,11.0,2.38,74,9.94,4.24,100.0,15.0,8.0,95,9.47,2.6,98.0,15.0,5.98,118,11.2,3.94,99.0,16.0,8.65,10.34
0,999,True,potje_3m,5,3,15.82,7.2,98.0,58,7.2,0.71,94.0,3.0,13.82,74,17.69,4.11,100.0,4.0,20.87,95,22.56,2.34,99.0,3.0,19.37,118,34.26,4.11,100.0,5.0,46.81,28.41
0,999,True,potje_3m,10,3,10.76,7.16,98.0,58,7.16,0.81,98.0,7.0,10.47,74,12.92,4.25,100.0,7.0,14.08,95,12.19,2.69,97.0,7.0,5.98,118,22.95,4.09,100.0,9.0,20.47,17.57
0,999,True,potje_3m,20,3,6.68,2.97,95.0,58,2.97,0.74,92.0,12.0,2.64,74,8.44,4.11,98.0,14.0,5.45,95,8.64,2.7,96.0,15.0,5.36,118,14.31,4.01,100.0,16.0,8.65,11.48
0,999,True,gem_r,5,3,3.08,-0.44,60.0,58,3.57,0.83,77.0,3.0,1.5,74,6.1,4.11,70.0,3.0,4.3,95,-0.44,2.44,34.0,3.0,0.05,118,10.21,3.87,86.0,4.0,9.77,4.89
0,999,True,gem_r,10,3,5.52,2.9,81.0,58,5.94,0.74,98.0,7.0,2.14,74,7.72,4.07,87.0,8.0,4.32,95,2.9,2.43,58.0,8.0,1.57,118,5.56,4.11,66.0,6.0,3.47,4.23
0,999,True,gem_r,20,3,4.16,2.11,75.0,58,2.62,0.81,84.0,10.0,0.68,74,7.75,4.21,98.0,16.0,4.32,95,2.11,2.74,43.0,16.0,1.86,118,5.57,4.07,68.0,13.0,4.64,3.84
0,999,True,t,5,3,12.24,7.09,95.0,58,7.09,0.59,93.0,5.0,2.77,74,11.58,3.93,96.0,5.0,12.73,95,18.05,3.03,97.0,5.0,5.66,118,25.51,4.0,100.0,5.0,18.64,21.78
0,999,True,t,10,3,11.3,8.73,99.0,58,8.73,0.78,100.0,8.0,7.2,74,11.29,4.23,98.0,9.0,9.91,95,13.88,3.12,98.0,10.0,7.45,118,17.07,4.21,100.0,9.0,9.93,15.47
0,999,True,t,20,3,7.39,4.44,98.0,58,4.44,0.82,98.0,12.0,2.14,74,8.79,4.15,100.0,18.0,4.51,95,8.94,2.61,97.0,17.0,5.36,118,13.66,4.0,100.0,19.0,9.6,11.3
0,999,True,winstmnd_frac,5,3,11.56,7.32,92.0,58,12.49,1.17,99.0,5.0,13.82,74,14.88,3.95,99.0,4.0,16.9,95,7.32,2.99,76.0,5.0,6.29,118,9.27,3.77,81.0,4.0,9.43,8.3
0,999,True,winstmnd_frac,10,3,5.38,2.98,78.0,58,2.98,0.91,77.0,6.0,4.25,74,8.74,4.21,93.0,8.0,4.92,95,4.42,2.66,64.0,9.0,5.36,118,9.6,3.81,93.0,9.0,8.65,7.01
0,999,True,winstmnd_frac,20,3,3.69,2.21,71.0,58,2.44,0.91,82.0,10.0,0.68,74,6.41,4.08,88.0,15.0,4.32,95,2.21,2.75,43.0,16.0,1.76,118,5.35,3.87,71.0,13.0,7.0,3.78
0,999,False,potje,5,3,21.57,17.12,98.0,99,17.12,3.62,95.0,5.0,13.82,124,21.89,4.94,99.0,4.0,22.75,164,25.7,2.24,99.0,3.0,5.66,202,42.05,4.36,100.0,4.0,49.27,33.87
0,999,False,potje,10,3,17.09,15.27,99.0,99,16.35,3.6,98.0,9.0,12.72,124,15.27,5.13,99.0,8.0,8.94,164,19.64,1.95,100.0,7.0,13.78,202,35.32,4.51,100.0,8.0,42.43,27.48
0,999,False,potje,20,3,14.52,12.09,100.0,99,15.78,4.0,100.0,15.0,10.34,124,15.69,5.11,100.0,15.0,8.94,164,12.09,2.19,99.0,14.0,6.17,202,19.94,4.38,100.0,15.0,9.93,16.02
0,999,False,potje_3m,5,3,38.7,35.33,100.0,99,35.33,4.04,100.0,4.0,33.21,124,40.18,5.16,100.0,5.0,35.8,164,40.59,2.02,100.0,4.0,43.27,202,42.05,4.9,100.0,4.0,49.27,41.32
0,999,False,potje_3m,10,3,23.23,20.3,100.0,99,20.3,3.53,99.0,8.0,11.98,124,25.26,5.25,100.0,8.0,22.12,164,24.12,2.11,100.0,7.0,18.82,202,28.57,4.76,100.0,7.0,35.11,26.35
0,999,False,potje_3m,20,3,16.81,13.88,100.0,99,16.18,3.78,100.0,16.0,10.03,124,20.36,4.92,100.0,16.0,18.15,164,13.88,2.34,100.0,13.0,6.48,202,27.58,4.38,100.0,17.0,27.4,20.73
0,999,False,gem_r,5,3,3.08,-0.44,53.0,99,3.57,4.05,56.0,3.0,1.5,124,6.1,4.73,65.0,3.0,4.3,164,-0.44,2.26,38.0,3.0,0.05,202,10.21,4.41,81.0,4.0,9.77,4.89
0,999,False,gem_r,10,3,5.38,2.9,70.0,99,5.94,3.68,74.0,7.0,2.14,124,7.32,5.02,73.0,8.0,3.5,164,2.9,2.18,62.0,8.0,1.57,202,5.56,4.67,58.0,6.0,3.47,4.23
0,999,False,gem_r,20,3,3.33,0.74,47.0,99,2.62,4.14,34.0,10.0,0.68,124,6.63,5.11,74.0,16.0,3.5,164,0.74,2.31,33.0,15.0,1.33,202,4.1,4.26,49.0,12.0,3.47,2.42
0,999,False,t,5,3,17.54,7.09,91.0,99,7.09,4.06,78.0,5.0,2.77,124,15.54,4.86,96.0,5.0,10.26,164,30.01,2.77,100.0,5.0,5.66,202,33.19,4.21,100.0,4.0,46.81,31.6
0,999,False,t,10,3,10.81,6.17,89.0,99,6.17,3.93,74.0,8.0,6.46,124,11.98,5.35,95.0,10.0,8.67,164,14.27,2.4,98.0,8.0,3.52,202,28.41,4.53,100.0,9.0,25.3,21.34
0,999,False,t,20,3,12.28,10.67,99.0,99,12.52,3.82,99.0,15.0,8.15,124,13.66,5.22,100.0,18.0,11.18,164,10.67,2.31,98.0,16.0,5.36,202,19.92,4.4,100.0,17.0,10.91,15.29
0,999,False,winstmnd_frac,5,3,13.12,7.05,88.0,99,12.49,4.15,89.0,5.0,13.82,124,19.81,5.21,98.0,5.0,22.75,164,7.05,1.75,79.0,3.0,5.66,202,18.4,4.86,95.0,3.0,10.42,12.72
0,999,False,winstmnd_frac,10,3,7.33,3.73,80.0,99,5.65,3.4,76.0,6.0,6.4,124,12.62,4.99,96.0,9.0,9.34,164,3.73,2.08,67.0,7.0,5.98,202,15.76,4.81,97.0,7.0,9.93,9.74
0,999,False,winstmnd_frac,20,3,4.23,2.37,59.0,99,2.37,3.73,36.0,10.0,0.68,124,7.95,5.18,85.0,17.0,4.51,164,2.37,2.18,55.0,13.0,2.37,202,10.58,4.4,95.0,14.0,7.49,6.48
1000,5,True,potje,5,3,9.6,7.76,85.0,17,7.89,3.09,81.0,4.0,7.01,26,13.15,7.76,88.0,5.0,12.73,42,7.76,0.92,85.0,4.0,8.61,51,12.35,6.95,80.0,4.0,9.43,10.05
1000,5,True,potje,10,3,7.16,5.57,80.0,17,5.57,2.83,85.0,7.0,5.84,26,8.67,7.78,64.0,8.0,6.13,42,7.25,0.79,90.0,7.0,9.33,51,12.72,6.72,93.0,9.0,8.65,9.98
1000,5,True,potje,20,2,5.99,3.87,73.0,17,,,,,,26,8.1,7.67,63.0,15.0,4.36,42,3.87,0.99,83.0,14.0,1.86,51,11.79,6.85,98.0,16.0,8.65,7.83
1000,5,True,potje_3m,5,3,9.06,4.64,80.0,17,4.78,2.87,66.0,3.0,3.78,26,17.75,7.88,99.0,5.0,15.43,42,4.64,0.87,75.0,3.0,8.61,51,30.92,6.46,100.0,5.0,22.84,17.78
1000,5,True,potje_3m,10,3,7.51,4.74,84.0,17,4.74,2.84,75.0,6.0,7.42,26,12.4,7.68,95.0,9.0,13.08,42,5.39,0.75,81.0,6.0,9.8,51,19.18,6.77,100.0,9.0,17.0,12.29
1000,5,True,potje_3m,20,2,7.05,3.76,91.0,17,,,,,,26,10.33,7.69,100.0,17.0,6.59,42,3.76,1.16,82.0,14.0,1.4,51,13.35,6.88,99.0,16.0,8.65,8.56
1000,5,True,gem_r,5,3,9.75,8.29,84.0,17,10.66,3.02,91.0,4.0,11.62,26,10.31,7.66,73.0,4.0,5.15,42,8.29,1.19,87.0,4.0,10.06,51,9.22,6.68,67.0,4.0,9.7,8.75
1000,5,True,gem_r,10,3,5.52,2.83,70.0,17,5.22,2.78,78.0,7.0,5.84,26,8.52,7.66,65.0,8.0,5.45,42,2.83,1.1,66.0,8.0,5.28,51,4.11,6.82,28.0,7.0,7.5,3.47
1000,5,True,gem_r,20,2,5.41,2.72,67.0,17,,,,,,26,8.1,7.71,61.0,15.0,4.36,42,2.72,0.78,74.0,14.0,3.11,51,11.91,6.74,97.0,15.0,8.65,7.31
1000,5,True,t,5,3,11.82,7.75,89.0,17,15.88,3.0,100.0,5.0,11.62,26,11.82,7.46,81.0,4.0,12.73,42,7.75,0.97,85.0,4.0,8.61,51,22.26,7.51,97.0,5.0,16.34,15.01
1000,5,True,t,10,3,6.1,5.0,72.0,17,5.26,2.68,80.0,7.0,5.39,26,8.04,7.59,57.0,8.0,3.08,42,5.0,0.85,80.0,7.0,5.07,51,13.14,6.59,91.0,9.0,8.65,9.07
1000,5,True,t,20,2,5.17,2.24,63.0,17,,,,,,26,8.1,7.74,58.0,15.0,4.36,42,2.24,0.86,68.0,14.0,1.86,51,9.28,7.1,77.0,15.0,8.02,5.76
1000,5,True,winstmnd_frac,5,3,5.65,3.52,60.0,17,3.52,2.2,60.0,4.0,7.01,26,6.17,7.54,40.0,4.0,5.15,42,7.27,1.28,82.0,5.0,8.61,51,9.31,6.98,65.0,4.0,9.43,8.29
1000,5,True,winstmnd_frac,10,3,5.65,5.43,65.0,17,5.84,2.7,88.0,8.0,5.84,26,5.43,7.68,21.0,8.0,3.08,42,5.69,0.84,86.0,9.0,6.43,51,3.1,6.64,22.0,5.0,3.36,4.39
1000,5,True,winstmnd_frac,20,2,3.41,0.21,26.0,17,,,,,,26,6.6,7.74,17.0,15.0,4.36,42,0.21,1.26,36.0,13.0,1.39,51,8.03,6.75,66.0,15.0,7.5,4.12
1000,5,False,potje,5,3,16.36,9.9,88.0,40,9.9,6.81,75.0,4.0,10.15,50,25.27,9.29,99.0,5.0,33.98,85,13.92,2.69,91.0,2.0,-1.21,94,33.4,8.37,99.0,4.0,46.81,23.66
1000,5,False,potje,10,3,18.63,14.49,98.0,40,19.5,7.29,97.0,8.0,10.88,50,21.91,9.39,100.0,10.0,13.08,85,14.49,2.17,97.0,7.0,14.16,94,27.26,7.67,100.0,8.0,30.44,20.87
1000,5,False,potje,20,3,12.9,9.93,98.0,40,12.17,6.98,95.0,16.0,6.73,50,16.6,9.0,100.0,18.0,8.73,85,9.93,2.01,98.0,14.0,9.33,94,23.73,7.91,100.0,18.0,12.89,16.83
1000,5,False,potje_3m,5,3,35.63,33.07,100.0,40,35.38,7.24,99.0,4.0,33.21,50,38.42,9.39,100.0,5.0,35.8,85,33.07,2.15,100.0,4.0,36.64,94,40.86,7.96,100.0,5.0,46.81,36.96
1000,5,False,potje_3m,10,3,21.1,15.03,99.0,40,20.21,7.03,99.0,8.0,11.48,50,28.07,8.99,100.0,10.0,27.42,85,15.03,2.16,99.0,7.0,15.62,94,39.25,7.96,100.0,9.0,42.43,27.14
1000,5,False,potje_3m,20,3,13.21,8.72,98.0,40,13.32,7.15,99.0,15.0,10.88,50,17.59,9.27,100.0,19.0,11.5,85,8.72,2.27,95.0,13.0,7.64,94,26.32,7.81,100.0,18.0,20.43,17.52
1000,5,False,gem_r,5,3,8.59,4.82,70.0,40,10.66,7.1,76.0,4.0,11.62,50,10.31,8.68,65.0,4.0,5.15,85,4.82,2.04,69.0,4.0,10.06,94,4.42,8.2,35.0,3.0,9.7,4.62
1000,5,False,gem_r,10,3,4.8,1.37,46.0,40,5.12,6.77,46.0,7.0,5.84,50,7.9,8.89,42.0,9.0,4.69,85,1.37,1.93,48.0,7.0,7.64,94,5.67,7.55,41.0,7.0,8.65,3.52
1000,5,False,gem_r,20,3,7.35,3.93,65.0,40,7.37,7.04,52.0,16.0,6.34,50,10.75,8.95,76.0,16.0,5.45,85,3.93,2.1,68.0,14.0,5.07,94,12.92,7.78,86.0,15.0,8.65,8.43
1000,5,False,t,5,3,17.15,15.7,90.0,40,15.7,7.17,86.0,5.0,11.62,50,16.15,8.88,86.0,5.0,12.73,85,19.6,1.93,97.0,3.0,8.61,94,38.65,7.22,100.0,5.0,46.81,29.12
1000,5,False,t,10,3,15.53,9.63,93.0,40,21.49,6.98,98.0,9.0,10.61,50,15.47,9.58,88.0,9.0,11.5,85,9.63,1.88,92.0,6.0,4.81,94,28.08,7.94,100.0,10.0,19.59,18.85
1000,5,False,t,20,3,12.62,8.78,97.0,40,12.85,6.89,97.0,16.0,8.11,50,16.24,9.04,100.0,18.0,9.35,85,8.78,2.25,95.0,15.0,5.07,94,19.37,7.88,99.0,18.0,10.72,14.07
1000,5,False,winstmnd_frac,5,3,6.37,-0.45,58.0,40,7.48,7.35,61.0,4.0,7.01,50,12.08,9.27,71.0,4.0,8.43,85,-0.45,2.01,42.0,2.0,0.0,94,22.48,7.76,92.0,5.0,15.87,11.02
1000,5,False,winstmnd_frac,10,3,5.35,2.38,47.0,40,5.31,7.1,46.0,8.0,6.34,50,8.35,9.21,47.0,9.0,4.69,85,2.38,2.56,49.0,6.0,2.64,94,10.22,7.71,65.0,6.0,8.65,6.3
1000,5,False,winstmnd_frac,20,3,8.57,3.81,75.0,40,10.68,6.93,83.0,16.0,8.11,50,11.22,9.27,74.0,18.0,7.77,85,3.81,2.1,69.0,15.0,3.08,94,8.74,7.58,62.0,14.0,5.46,6.27
1000,10,True,potje,5,3,10.43,7.51,89.0,26,10.64,1.28,95.0,4.0,11.62,35,13.15,7.49,88.0,5.0,12.73,53,7.51,1.59,83.0,4.0,8.61,70,14.85,6.03,91.0,4.0,18.64,11.18
1000,10,True,potje,10,3,10.07,7.03,97.0,26,7.03,1.04,97.0,8.0,8.83,35,13.86,7.63,98.0,9.0,13.08,53,9.3,1.76,96.0,9.0,9.33,70,10.99,5.8,88.0,9.0,8.65,10.14
1000,10,True,potje,20,3,5.4,2.71,83.0,26,2.71,1.26,82.0,12.0,4.22,35,10.27,7.72,94.0,17.0,5.45,53,3.23,1.53,72.0,14.0,3.51,70,12.35,5.69,99.0,17.0,10.06,7.79
1000,10,True,potje_3m,5,3,9.05,4.64,81.0,26,4.76,0.71,78.0,3.0,3.78,35,17.75,7.84,97.0,5.0,15.43,53,4.64,1.87,68.0,3.0,8.61,70,26.46,5.84,100.0,4.0,22.84,15.55
1000,10,True,potje_3m,10,3,9.0,6.03,94.0,26,6.03,1.21,92.0,7.0,9.37,35,13.38,7.59,98.0,9.0,13.08,53,7.6,1.12,91.0,8.0,9.8,70,18.78,5.42,100.0,8.0,17.26,13.19
1000,10,True,potje_3m,20,3,5.32,1.58,79.0,26,1.58,1.13,63.0,10.0,0.3,35,9.64,7.67,90.0,17.0,5.9,53,4.74,1.94,84.0,15.0,3.3,70,14.15,5.8,100.0,16.0,12.65,9.45
1000,10,True,gem_r,5,3,13.16,9.06,94.0,26,9.06,1.23,95.0,4.0,11.62,35,20.87,7.74,99.0,5.0,22.82,53,9.54,1.52,89.0,5.0,10.06,70,8.09,5.92,63.0,3.0,6.89,8.82
1000,10,True,gem_r,10,3,6.47,3.13,81.0,26,5.19,1.19,91.0,6.0,7.07,35,11.08,7.54,89.0,8.0,4.92,53,3.13,1.82,64.0,8.0,6.83,70,6.86,5.92,58.0,6.0,8.3,5.0
1000,10,True,gem_r,20,3,4.98,2.45,75.0,26,2.45,1.15,81.0,11.0,2.38,35,8.21,7.65,62.0,16.0,5.45,53,4.27,1.59,81.0,15.0,2.65,70,6.05,5.84,51.0,14.0,7.02,5.16
1000,10,True,t,5,3,12.81,7.75,93.0,26,13.14,0.96,99.0,4.0,13.82,35,17.53,7.66,98.0,5.0,13.43,53,7.75,1.98,82.0,4.0,8.61,70,17.74,5.67,98.0,5.0,10.42,12.75
1000,10,True,t,10,3,7.7,4.28,88.0,26,6.65,1.25,95.0,7.0,8.83,35,12.18,7.69,94.0,9.0,8.94,53,4.28,1.25,75.0,8.0,3.3,70,17.08,5.81,100.0,10.0,16.1,10.68
1000,10,True,t,20,3,4.69,1.01,68.0,26,1.01,1.25,42.0,10.0,-0.02,35,9.43,7.76,84.0,15.0,4.92,53,3.61,1.45,77.0,15.0,1.86,70,10.01,6.05,94.0,17.0,8.02,6.81
1000,10,True,winstmnd_frac,5,3,7.49,7.4,77.0,26,7.4,0.77,89.0,4.0,11.62,35,7.65,7.42,55.0,3.0,4.69,53,7.43,1.47,85.0,5.0,8.61,70,9.27,5.68,73.0,4.0,9.43,8.35
1000,10,True,winstmnd_frac,10,3,5.71,1.74,68.0,26,1.74,1.27,58.0,6.0,7.07,35,8.4,7.74,58.0,7.0,4.92,53,6.98,1.41,88.0,9.0,6.83,70,10.9,5.58,89.0,9.0,9.93,8.94
1000,10,True,winstmnd_frac,20,3,4.03,0.73,66.0,26,2.71,1.22,85.0,12.0,4.22,35,8.64,7.67,74.0,15.0,5.45,53,0.73,1.46,38.0,14.0,1.8,70,7.67,5.8,73.0,14.0,7.38,4.2
1000,10,False,potje,5,3,16.51,10.34,90.0,49,10.34,5.45,82.0,4.0,10.15,59,25.27,8.9,99.0,5.0,33.98,97,13.92,2.67,90.0,2.0,-1.21,117,33.4,7.07,99.0,4.0,46.81,23.66
1000,10,False,potje,10,3,14.79,8.92,92.0,49,8.92,4.97,80.0,8.0,8.64,59,21.91,8.86,100.0,10.0,13.08,97,13.55,2.51,97.0,7.0,13.43,117,28.48,6.74,100.0,8.0,30.44,21.01
1000,10,False,potje,20,3,12.96,10.31,97.0,49,10.58,5.16,93.0,13.0,7.07,59,18.0,8.85,100.0,19.0,11.5,97,10.31,2.18,99.0,15.0,7.64,117,22.87,6.67,100.0,18.0,9.93,16.59
1000,10,False,potje_3m,5,3,35.87,33.07,100.0,49,36.12,4.73,100.0,4.0,33.21,59,38.42,8.5,100.0,5.0,35.8,97,33.07,2.43,100.0,4.0,36.64,117,40.86,7.17,100.0,5.0,46.81,36.96
1000,10,False,potje_3m,10,3,21.07,15.03,99.0,49,20.1,5.32,99.0,8.0,11.98,59,28.07,8.63,100.0,10.0,27.42,97,15.03,2.43,99.0,7.0,15.62,117,39.25,6.62,100.0,9.0,42.43,27.14
1000,10,False,potje_3m,20,3,12.7,8.94,97.0,49,11.45,5.6,96.0,14.0,9.68,59,17.72,9.01,100.0,19.0,11.5,97,8.94,2.07,96.0,13.0,7.64,117,26.46,7.12,100.0,18.0,20.47,17.7
1000,10,False,gem_r,5,3,13.16,9.06,85.0,49,9.06,5.85,74.0,4.0,11.62,59,20.87,8.86,94.0,5.0,22.82,97,9.54,1.36,86.0,5.0,10.06,117,8.09,7.4,57.0,3.0,6.89,8.82
1000,10,False,gem_r,10,3,6.83,4.21,64.0,49,5.19,5.87,52.0,6.0,7.07,59,11.08,8.85,73.0,8.0,4.92,97,4.21,2.22,67.0,8.0,6.83,117,4.21,6.74,32.0,5.0,3.45,4.21
1000,10,False,gem_r,20,3,3.43,0.87,29.0,49,1.55,5.61,13.0,11.0,2.38,59,7.88,8.77,38.0,15.0,4.46,97,0.87,2.22,37.0,14.0,2.24,117,6.83,6.74,50.0,14.0,7.5,3.85
1000,10,False,t,5,3,14.05,8.01,86.0,49,8.01,5.26,76.0,4.0,11.62,59,14.55,8.4,84.0,5.0,10.26,97,19.6,1.67,99.0,3.0,8.61,117,25.9,6.29,97.0,5.0,18.64,22.75
1000,10,False,t,10,3,12.44,9.63,89.0,49,9.83,5.75,78.0,8.0,9.68,59,17.85,8.97,97.0,10.0,13.08,97,9.63,2.02,91.0,6.0,4.81,117,25.27,7.57,100.0,10.0,19.41,17.45
1000,10,False,t,20,3,12.32,8.76,98.0,49,12.63,5.32,99.0,15.0,8.17,59,15.56,9.12,100.0,19.0,9.35,97,8.76,2.48,94.0,15.0,5.86,117,18.94,6.9,100.0,20.0,13.94,13.85
1000,10,False,winstmnd_frac,5,3,9.77,6.93,74.0,49,7.4,6.46,66.0,4.0,11.62,59,14.96,8.8,83.0,4.0,13.43,97,6.93,2.8,73.0,3.0,5.06,117,21.85,7.47,93.0,5.0,10.42,14.39
1000,10,False,winstmnd_frac,10,3,4.65,1.6,51.0,49,1.6,5.16,30.0,6.0,6.4,59,9.29,8.57,60.0,8.0,4.92,97,3.06,1.87,63.0,7.0,4.66,117,16.04,6.69,91.0,9.0,11.21,9.55
1000,10,False,winstmnd_frac,20,3,5.52,3.03,52.0,49,3.03,5.46,27.0,13.0,6.34,59,9.1,8.94,55.0,15.0,4.92,97,4.43,2.22,72.0,15.0,3.86,117,8.05,6.8,63.0,13.0,7.38,6.24
1000,20,True,potje,5,3,10.43,7.51,92.0,29,10.64,0.96,98.0,4.0,11.62,40,13.15,7.56,91.0,5.0,12.73,58,7.51,0.78,87.0,4.0,8.61,76,14.85,6.04,93.0,4.0,18.64,11.18
1000,20,True,potje,10,3,10.07,7.03,97.0,29,7.03,1.02,97.0,8.0,8.83,40,13.86,7.63,98.0,9.0,13.08,58,9.3,1.32,95.0,9.0,9.33,76,10.99,5.21,91.0,9.0,8.65,10.14
1000,20,True,potje,20,3,6.08,3.23,90.0,29,3.95,0.94,98.0,12.0,4.22,40,11.06,7.45,99.0,17.0,6.43,58,3.23,1.27,75.0,14.0,3.51,76,12.35,5.5,99.0,17.0,10.06,7.79
1000,20,True,potje_3m,5,3,9.05,4.64,84.0,29,4.76,1.17,78.0,3.0,3.78,40,17.75,7.35,99.0,5.0,15.43,58,4.64,1.08,75.0,3.0,8.61,76,26.46,6.38,100.0,4.0,22.84,15.55
1000,20,True,potje_3m,10,3,9.0,6.03,94.0,29,6.03,1.1,93.0,7.0,9.37,40,13.38,7.73,97.0,9.0,13.08,58,7.6,1.18,92.0,8.0,9.8,76,18.78,5.69,100.0,8.0,17.26,13.19
1000,20,True,potje_3m,20,3,5.16,1.53,81.0,29,1.53,0.91,65.0,9.0,-0.21,40,9.2,7.54,88.0,17.0,5.9,58,4.74,1.21,90.0,15.0,3.3,76,14.15,5.56,100.0,16.0,12.65,9.45
1000,20,True,gem_r,5,3,10.73,6.5,91.0,29,9.06,0.99,94.0,4.0,11.62,40,16.64,7.42,99.0,5.0,16.9,58,6.5,1.49,81.0,4.0,10.06,76,8.09,5.59,67.0,3.0,6.89,7.29
1000,20,True,gem_r,10,3,7.81,4.46,90.0,29,4.46,0.96,89.0,5.0,3.42,40,13.63,7.59,97.0,10.0,9.49,58,5.33,1.38,83.0,8.0,6.83,76,7.15,5.4,65.0,6.0,8.66,6.24
1000,20,True,gem_r,20,3,4.48,1.11,70.0,29,1.11,0.93,53.0,9.0,-0.39,40,8.64,7.4,76.0,16.0,4.92,58,3.67,1.31,82.0,16.0,2.65,76,8.09,5.63,84.0,16.0,7.5,5.88
1000,20,True,t,5,3,12.81,7.75,94.0,29,13.14,1.12,98.0,4.0,13.82,40,17.53,7.57,99.0,5.0,13.43,58,7.75,2.07,84.0,4.0,8.61,76,17.74,6.12,97.0,5.0,10.42,12.75
1000,20,True,t,10,3,8.47,4.28,90.0,29,8.96,0.87,99.0,7.0,8.83,40,12.18,7.31,95.0,9.0,8.94,58,4.28,1.31,77.0,8.0,3.3,76,17.08,5.86,99.0,10.0,16.1,10.68
1000,20,True,t,20,3,4.32,1.58,68.0,29,1.58,1.04,66.0,9.0,-0.21,40,8.22,7.44,65.0,15.0,4.51,58,3.18,1.5,72.0,15.0,1.65,76,9.2,5.69,89.0,17.0,7.5,6.19
1000,20,True,winstmnd_frac,5,3,8.7,7.4,86.0,29,7.4,0.49,91.0,4.0,11.62,40,11.27,7.35,82.0,4.0,13.43,58,7.43,1.06,86.0,5.0,8.61,76,9.27,5.54,73.0,4.0,9.43,8.35
1000,20,True,winstmnd_frac,10,3,4.37,1.74,58.0,29,1.74,1.17,56.0,6.0,7.07,40,6.35,7.52,35.0,7.0,4.51,58,5.01,1.17,82.0,9.0,4.66,76,10.9,5.71,91.0,9.0,9.93,7.95
1000,20,True,winstmnd_frac,20,3,3.58,0.37,62.0,29,1.99,0.9,75.0,11.0,1.94,40,8.37,7.37,74.0,15.0,4.92,58,0.37,1.23,38.0,14.0,1.52,76,7.67,5.5,77.0,14.0,7.38,4.02
1000,20,False,potje,5,3,16.51,10.34,92.0,52,10.34,4.72,83.0,4.0,10.15,64,25.27,8.76,99.0,5.0,33.98,102,13.92,1.27,95.0,2.0,-1.21,123,33.4,6.43,100.0,4.0,46.81,23.66
1000,20,False,potje,10,3,14.79,8.92,93.0,52,8.92,4.86,80.0,8.0,8.64,64,21.91,8.68,100.0,10.0,13.08,102,13.55,2.33,97.0,7.0,13.43,123,28.48,6.77,100.0,8.0,30.44,21.01
1000,20,False,potje,20,3,13.16,10.31,97.0,52,10.58,5.18,93.0,13.0,7.07,64,18.61,8.86,100.0,19.0,13.08,102,10.31,1.99,99.0,15.0,7.64,123,22.87,6.78,100.0,18.0,9.93,16.59
1000,20,False,potje_3m,5,3,35.87,33.07,100.0,52,36.12,5.37,100.0,4.0,33.21,64,38.42,8.28,100.0,5.0,35.8,102,33.07,2.64,100.0,4.0,36.64,123,40.86,7.1,100.0,5.0,46.81,36.96
1000,20,False,potje_3m,10,3,21.07,15.03,99.0,52,20.1,5.25,99.0,8.0,11.98,64,28.07,8.31,100.0,10.0,27.42,102,15.03,2.04,99.0,7.0,15.62,123,39.25,6.51,100.0,9.0,42.43,27.14
1000,20,False,potje_3m,20,3,12.7,8.94,98.0,52,11.45,5.18,96.0,14.0,9.68,64,17.72,8.62,100.0,19.0,11.5,102,8.94,2.29,97.0,13.0,7.64,123,26.46,6.84,100.0,18.0,20.47,17.7
1000,20,False,gem_r,5,3,10.73,6.5,82.0,52,9.06,5.97,77.0,4.0,11.62,64,16.64,8.06,91.0,5.0,16.9,102,6.5,1.85,80.0,4.0,10.06,123,8.09,7.11,58.0,3.0,6.89,7.29
1000,20,False,gem_r,10,3,6.81,2.33,65.0,52,4.46,5.38,52.0,5.0,3.42,64,13.63,8.68,88.0,10.0,9.49,102,2.33,1.96,56.0,7.0,3.17,123,4.21,6.43,36.0,5.0,3.45,3.27
1000,20,False,gem_r,20,3,3.67,0.6,34.0,52,2.41,5.07,24.0,10.0,-0.1,64,7.98,8.45,44.0,16.0,4.29,102,0.6,2.1,33.0,15.0,2.24,123,5.86,6.96,39.0,14.0,7.02,3.23
1000,20,False,t,5,3,14.05,8.01,85.0,52,8.01,5.12,74.0,4.0,11.62,64,14.55,8.66,84.0,5.0,10.26,102,19.6,1.8,97.0,3.0,8.61,123,25.9,6.46,98.0,5.0,18.64,22.75
1000,20,False,t,10,3,12.44,9.63,90.0,52,9.83,5.24,80.0,8.0,9.68,64,17.85,8.53,99.0,10.0,13.08,102,9.63,1.87,92.0,6.0,4.81,123,25.27,6.75,100.0,10.0,19.41,17.45
1000,20,False,t,20,3,11.47,8.76,96.0,52,10.65,5.19,93.0,13.0,7.07,64,14.99,8.52,99.0,19.0,6.79,102,8.76,2.21,96.0,15.0,5.86,123,18.94,6.88,100.0,20.0,13.94,13.85
1000,20,False,winstmnd_frac,5,3,9.77,6.93,78.0,52,7.4,4.67,75.0,4.0,11.62,64,14.96,8.5,85.0,4.0,13.43,102,6.93,2.22,75.0,3.0,5.06,123,21.85,5.81,95.0,5.0,10.42,14.39
1000,20,False,winstmnd_frac,10,3,4.79,1.6,50.0,52,1.6,4.73,30.0,6.0,6.4,64,10.79,8.9,68.0,8.0,6.56,102,1.97,1.95,51.0,6.0,3.04,123,16.04,7.12,90.0,9.0,11.21,9.0
1000,20,False,winstmnd_frac,20,3,5.33,3.03,53.0,52,3.03,5.11,29.0,13.0,6.34,64,9.82,8.76,67.0,16.0,4.92,102,3.12,2.14,63.0,14.0,2.61,123,8.05,6.62,63.0,13.0,7.38,5.59
1000,999,True,potje,5,3,10.43,7.51,92.0,33,10.64,1.01,97.0,4.0,11.62,45,13.15,6.9,91.0,5.0,12.73,62,7.51,1.11,88.0,4.0,8.61,81,14.85,6.09,92.0,4.0,18.64,11.18
1000,999,True,potje,10,3,10.07,7.03,98.0,33,7.03,1.02,98.0,8.0,8.83,45,13.86,6.88,99.0,9.0,13.08,62,9.3,1.33,97.0,9.0,9.33,81,10.99,5.37,91.0,9.0,8.65,10.14
1000,999,True,potje,20,3,6.11,3.23,92.0,33,4.1,0.81,98.0,13.0,4.22,45,10.99,6.88,100.0,17.0,6.13,62,3.23,1.12,77.0,14.0,3.51,81,12.35,5.56,99.0,17.0,10.06,7.79
1000,999,True,potje_3m,5,3,9.05,4.64,85.0,33,4.76,0.62,81.0,3.0,3.78,45,17.75,6.61,99.0,5.0,15.43,62,4.64,1.25,75.0,3.0,8.61,81,26.46,6.04,100.0,4.0,22.84,15.55
1000,999,True,potje_3m,10,3,9.0,6.03,96.0,33,6.03,0.9,95.0,7.0,9.37,45,13.38,6.8,99.0,9.0,13.08,62,7.6,1.04,93.0,8.0,9.8,81,19.19,5.7,100.0,9.0,17.26,13.39
1000,999,True,potje_3m,20,3,5.19,1.35,82.0,33,1.35,0.81,62.0,10.0,0.61,45,9.48,6.73,94.0,18.0,5.9,62,4.74,1.12,90.0,15.0,3.3,81,13.2,5.55,100.0,16.0,8.65,8.97
1000,999,True,gem_r,5,3,5.3,1.99,71.0,33,4.46,0.83,78.0,3.0,2.77,45,9.46,6.71,75.0,5.0,4.3,62,1.99,0.98,61.0,4.0,1.38,81,9.44,5.36,76.0,4.0,5.47,5.71
1000,999,True,gem_r,10,3,6.28,3.87,84.0,33,3.87,0.89,82.0,6.0,2.07,45,10.47,6.76,92.0,10.0,4.74,62,4.5,1.22,78.0,9.0,3.41,81,7.59,5.44,71.0,7.0,6.18,6.04
1000,999,True,gem_r,20,3,3.89,1.89,66.0,33,1.89,1.01,71.0,10.0,-0.08,45,7.31,6.84,61.0,16.0,4.15,62,2.47,1.43,64.0,17.0,1.86,81,6.78,5.58,67.0,15.0,6.18,4.62
1000,999,True,t,5,3,10.27,8.27,92.0,33,8.7,0.99,95.0,5.0,11.62,45,13.83,6.43,96.0,5.0,12.73,62,8.27,1.88,86.0,5.0,8.61,81,17.74,5.41,97.0,5.0,10.42,13.01
1000,999,True,t,10,3,7.9,4.37,88.0,33,9.45,0.88,100.0,9.0,8.83,45,9.88,6.67,86.0,9.0,4.92,62,4.37,1.35,77.0,8.0,3.41,81,15.99,5.34,100.0,10.0,13.15,10.18
1000,999,True,t,20,3,5.12,3.03,85.0,33,3.03,0.99,90.0,10.0,0.56,45,8.4,6.84,83.0,17.0,4.32,62,3.93,1.37,82.0,17.0,1.76,81,9.02,5.57,90.0,17.0,7.02,6.47
1000,999,True,winstmnd_frac,5,3,8.7,7.4,88.0,33,7.4,0.82,92.0,4.0,11.62,45,11.27,7.06,84.0,4.0,13.43,62,7.43,0.77,87.0,5.0,8.61,81,9.27,5.41,76.0,4.0,9.43,8.35
1000,999,True,winstmnd_frac,10,3,4.48,1.45,65.0,33,1.45,0.93,59.0,6.0,2.07,45,6.99,6.73,55.0,8.0,4.51,62,5.01,1.24,81.0,9.0,4.66,81,10.9,5.15,93.0,9.0,9.93,7.95
1000,999,True,winstmnd_frac,20,3,3.47,0.77,60.0,33,2.98,0.92,88.0,13.0,3.28,45,6.66,6.78,46.0,15.0,4.32,62,0.77,0.99,47.0,15.0,1.57,81,7.42,5.52,76.0,14.0,5.69,4.1
1000,999,False,potje,5,3,16.51,10.34,92.0,56,10.34,4.66,85.0,4.0,10.15,70,25.27,7.86,99.0,5.0,33.98,107,13.92,1.81,92.0,2.0,-1.21,128,33.4,6.64,100.0,4.0,46.81,23.66
1000,999,False,potje,10,3,14.79,8.92,92.0,56,8.92,4.89,78.0,8.0,8.64,70,21.91,7.95,100.0,10.0,13.08,107,13.55,2.22,98.0,7.0,13.43,128,28.48,6.49,100.0,8.0,30.44,21.01
1000,999,False,potje,20,3,13.16,10.31,98.0,56,10.58,4.79,95.0,13.0,7.07,70,18.61,8.07,100.0,19.0,13.08,107,10.31,2.22,99.0,15.0,7.64,128,22.87,6.48,100.0,18.0,9.93,16.59
1000,999,False,potje_3m,5,3,35.87,33.07,100.0,56,36.12,4.94,100.0,4.0,33.21,70,38.42,7.88,100.0,5.0,35.8,107,33.07,1.92,100.0,4.0,36.64,128,40.86,6.6,100.0,5.0,46.81,36.96
1000,999,False,potje_3m,10,3,21.07,15.03,100.0,56,20.1,4.9,100.0,8.0,11.98,70,28.07,8.51,100.0,10.0,27.42,107,15.03,1.61,99.0,7.0,15.62,128,39.25,6.77,100.0,9.0,42.43,27.14
1000,999,False,potje_3m,20,3,12.67,8.94,98.0,56,11.45,4.81,97.0,14.0,9.68,70,17.63,8.19,100.0,19.0,11.5,107,8.94,1.94,97.0,13.0,7.64,128,26.06,6.41,100.0,18.0,20.47,17.5
1000,999,False,gem_r,5,3,5.3,1.99,59.0,56,4.46,5.24,57.0,3.0,2.77,70,9.46,7.97,65.0,5.0,4.3,107,1.99,1.94,55.0,4.0,1.38,128,9.44,6.21,67.0,4.0,5.47,5.71
1000,999,False,gem_r,10,3,5.82,3.87,63.0,56,3.87,4.68,51.0,6.0,2.07,70,9.15,7.88,65.0,10.0,4.32,107,4.43,1.86,72.0,9.0,3.41,128,7.59,7.06,55.0,7.0,6.18,6.01
1000,999,False,gem_r,20,3,3.67,1.13,36.0,56,2.4,4.88,27.0,10.0,0.56,70,7.48,7.94,45.0,17.0,4.15,107,1.13,2.2,38.0,16.0,1.86,128,5.67,6.49,41.0,14.0,6.18,3.4
1000,999,False,t,5,3,11.2,8.7,85.0,56,8.7,4.71,81.0,5.0,11.62,70,13.67,7.64,85.0,5.0,10.26,107,11.22,1.73,88.0,3.0,1.38,128,25.9,6.42,98.0,5.0,18.64,18.56
1000,999,False,t,10,3,12.82,9.41,92.0,56,9.41,4.58,83.0,9.0,8.64,70,15.98,8.05,96.0,10.0,11.5,107,13.07,1.93,98.0,8.0,4.99,128,25.13,6.96,100.0,10.0,19.41,19.1
1000,999,False,t,20,3,10.39,6.36,94.0,56,9.9,4.46,93.0,12.0,4.89,70,14.9,8.01,99.0,19.0,6.79,107,6.36,1.93,90.0,15.0,1.57,128,18.92,6.47,100.0,20.0,13.94,12.64
1000,999,False,winstmnd_frac,5,3,9.77,6.93,80.0,56,7.4,4.46,76.0,4.0,11.62,70,14.96,8.25,87.0,4.0,13.43,107,6.93,1.63,78.0,3.0,5.06,128,21.85,6.42,93.0,5.0,10.42,14.39
1000,999,False,winstmnd_frac,10,3,4.84,1.74,56.0,56,1.74,4.71,33.0,6.0,3.52,70,10.79,7.97,76.0,8.0,6.56,107,1.97,1.76,58.0,6.0,3.04,128,16.04,6.28,93.0,9.0,11.21,9.0
1000,999,False,winstmnd_frac,20,3,4.22,1.53,46.0,56,1.53,4.67,18.0,12.0,2.07,70,8.26,7.97,56.0,17.0,4.32,107,2.87,1.88,62.0,14.0,1.57,128,8.05,6.69,63.0,13.0,7.38,5.46
5000,5,True,potje,5,3,11.07,9.98,82.0,8,12.06,9.7,69.0,4.0,11.62,8,9.98,7.8,79.0,4.0,1.01,17,11.17,4.42,97.0,4.0,10.99,28,14.27,6.14,92.0,5.0,9.43,12.72
5000,5,True,potje,10,1,7.93,7.93,96.0,8,,,,,,8,,,,,,17,7.93,4.31,96.0,8.0,9.8,28,15.27,6.26,99.0,8.0,12.65,11.6
5000,5,True,potje,20,0,,,,8,,,,,,8,,,,,,17,,,,,,28,9.27,6.43,97.0,13.0,6.99,9.27
5000,5,True,potje_3m,5,3,12.93,11.17,92.0,8,14.7,9.45,87.0,4.0,13.29,8,12.91,7.79,91.0,4.0,15.43,17,11.17,4.15,98.0,4.0,10.99,28,15.45,6.55,92.0,4.0,9.43,13.31
5000,5,True,potje_3m,10,1,7.88,7.88,96.0,8,,,,,,8,,,,,,17,7.88,4.45,96.0,8.0,9.8,28,10.57,6.57,86.0,7.0,7.77,9.22
5000,5,True,potje_3m,20,0,,,,8,,,,,,8,,,,,,17,,,,,,28,9.41,6.42,97.0,13.0,7.77,9.41
5000,5,True,gem_r,5,3,10.19,8.57,80.0,8,12.06,9.26,75.0,4.0,11.62,8,9.94,7.82,76.0,4.0,1.01,17,8.57,4.42,88.0,4.0,10.99,28,9.31,6.46,71.0,4.0,9.43,8.94
5000,5,True,gem_r,10,1,7.72,7.72,96.0,8,,,,,,8,,,,,,17,7.72,4.29,96.0,8.0,11.24,28,12.09,6.25,94.0,6.0,8.65,9.91
5000,5,True,gem_r,20,0,,,,8,,,,,,8,,,,,,17,,,,,,28,7.11,6.36,63.0,12.0,4.27,7.11
5000,5,True,t,5,3,9.42,6.18,73.0,8,12.06,9.61,70.0,4.0,11.62,8,10.03,7.84,80.0,4.0,1.01,17,6.18,4.27,71.0,4.0,8.61,28,9.67,6.32,74.0,4.0,9.43,7.92
5000,5,True,t,10,1,6.01,6.01,82.0,8,,,,,,8,,,,,,17,6.01,4.22,82.0,9.0,5.39,28,7.31,6.45,61.0,7.0,8.02,6.66
5000,5,True,t,20,0,,,,8,,,,,,8,,,,,,17,,,,,,28,7.28,6.48,66.0,12.0,4.27,7.28
5000,5,True,winstmnd_frac,5,3,11.26,8.86,86.0,8,14.94,9.38,91.0,5.0,13.29,8,9.99,7.88,77.0,4.0,1.01,17,8.86,4.23,90.0,5.0,10.99,28,9.31,6.24,71.0,4.0,9.43,9.08
5000,5,True,winstmnd_frac,10,1,3.9,3.9,40.0,8,,,,,,8,,,,,,17,3.9,4.39,40.0,8.0,1.59,28,5.69,6.53,43.0,6.0,8.02,4.79
5000,5,True,winstmnd_frac,20,0,,,,8,,,,,,8,,,,,,17,,,,,,28,9.99,6.54,100.0,13.0,7.77,9.99
5000,5,False,potje,5,3,14.81,1.42,82.0,16,18.17,10.72,93.0,5.0,11.62,15,24.83,11.24,96.0,5.0,15.43,29,1.42,0.59,56.0,2.0,0.0,42,7.97,5.02,64.0,4.0,7.68,4.7
5000,5,False,potje,10,3,9.68,3.59,72.0,16,11.66,10.72,63.0,8.0,10.88,15,13.8,10.92,74.0,8.0,5.72,29,3.59,0.87,78.0,6.0,9.8,42,10.94,4.77,85.0,8.0,8.65,7.27
5000,5,False,potje,20,1,3.79,3.79,98.0,16,,,,,,15,,,,,,29,3.79,0.7,98.0,14.0,4.71,42,9.31,4.82,90.0,13.0,6.99,6.55
5000,5,False,potje_3m,5,3,15.49,1.36,84.0,16,20.45,10.64,98.0,5.0,13.92,15,24.66,10.93,97.0,4.0,15.43,29,1.36,0.33,56.0,3.0,8.61,42,22.02,5.24,98.0,5.0,15.87,11.69
5000,5,False,potje_3m,10,3,11.56,4.2,92.0,16,14.63,10.71,95.0,9.0,12.45,15,15.83,11.11,98.0,9.0,8.84,29,4.2,0.87,84.0,7.0,4.81,42,13.25,5.05,95.0,8.0,8.65,8.73
5000,5,False,potje_3m,20,1,3.23,3.23,93.0,16,,,,,,15,,,,,,29,3.23,0.8,93.0,14.0,1.27,42,5.1,5.15,50.0,13.0,4.07,4.17
5000,5,False,gem_r,5,3,9.19,2.56,64.0,16,14.31,11.25,71.0,5.0,11.62,15,10.68,11.03,56.0,4.0,4.24,29,2.56,0.53,63.0,3.0,8.61,42,4.06,5.72,36.0,3.0,7.86,3.31
5000,5,False,gem_r,10,3,10.47,6.81,73.0,16,10.8,10.63,53.0,8.0,10.88,15,13.8,11.19,69.0,8.0,5.72,29,6.81,0.71,98.0,7.0,9.8,42,5.89,4.98,54.0,6.0,4.68,6.35
5000,5,False,gem_r,20,1,2.49,2.49,90.0,16,,,,,,15,,,,,,29,2.49,0.56,90.0,12.0,0.73,42,10.14,4.76,94.0,14.0,7.77,6.31
5000,5,False,t,5,3,14.49,3.88,86.0,16,16.13,10.79,86.0,5.0,11.62,15,23.44,11.26,96.0,5.0,8.43,29,3.88,-0.02,75.0,3.0,1.01,42,17.51,4.73,95.0,5.0,15.87,10.7
5000,5,False,t,10,3,9.4,3.18,66.0,16,10.74,10.74,48.0,8.0,9.68,15,14.26,11.54,73.0,9.0,6.33,29,3.18,0.64,78.0,7.0,5.07,42,7.78,5.28,65.0,7.0,8.02,5.48
5000,5,False,t,20,1,1.32,1.32,68.0,16,,,,,,15,,,,,,29,1.32,0.7,68.0,13.0,0.75,42,7.38,4.98,73.0,13.0,6.99,4.35
5000,5,False,winstmnd_frac,5,3,4.21,-0.15,31.0,16,5.06,10.74,10.0,4.0,9.21,15,7.72,11.17,42.0,5.0,8.43,29,-0.15,0.7,42.0,3.0,8.61,42,9.31,4.8,69.0,4.0,9.43,4.58
5000,5,False,winstmnd_frac,10,3,6.92,1.9,46.0,16,10.84,10.71,51.0,9.0,11.63,15,8.01,11.26,23.0,9.0,5.72,29,1.9,0.71,65.0,7.0,4.45,42,5.5,5.05,50.0,7.0,4.84,3.7
5000,5,False,winstmnd_frac,20,1,0.11,0.11,35.0,16,,,,,,15,,,,,,29,0.11,0.78,35.0,12.0,0.47,42,6.76,5.08,68.0,13.0,7.08,3.44
5000,10,True,potje,5,3,12.91,9.59,97.0,12,13.71,5.35,96.0,5.0,11.62,14,15.45,6.96,98.0,5.0,15.43,22,9.59,4.1,95.0,4.0,8.61,41,10.81,6.36,80.0,5.0,9.43,10.2
5000,10,True,potje,10,3,8.42,6.5,84.0,12,6.5,5.6,62.0,6.0,3.61,14,9.58,7.27,90.0,8.0,4.35,22,9.19,3.83,100.0,8.0,11.24,41,12.32,6.4,95.0,9.0,9.93,10.75
5000,10,True,potje,20,1,4.39,4.39,83.0,12,,,,,,14,,,,,,22,4.39,3.85,83.0,15.0,2.34,41,11.77,6.42,100.0,15.0,8.65,8.08
5000,10,True,potje_3m,5,3,14.23,11.17,99.0,12,16.35,5.76,100.0,5.0,13.29,14,15.17,7.02,98.0,4.0,15.43,22,11.17,3.8,99.0,4.0,10.99,41,17.84,6.61,98.0,4.0,15.87,14.5
5000,10,True,potje_3m,10,3,7.58,6.5,82.0,12,6.5,5.7,66.0,6.0,3.61,14,9.02,6.98,84.0,7.0,2.85,22,7.21,3.86,95.0,8.0,6.83,41,13.11,6.41,97.0,7.0,12.65,10.16
5000,10,True,potje_3m,20,1,3.83,3.83,50.0,12,,,,,,14,,,,,,22,3.83,3.84,50.0,15.0,1.85,41,10.96,6.4,99.0,14.0,7.77,7.39
5000,10,True,gem_r,5,3,11.2,7.29,92.0,12,13.46,5.9,95.0,4.0,11.62,14,12.85,6.88,93.0,4.0,4.69,22,7.29,3.69,86.0,4.0,8.61,41,8.09,6.63,63.0,3.0,6.89,7.69
5000,10,True,gem_r,10,3,7.92,6.5,79.0,12,6.5,5.71,60.0,6.0,3.61,14,8.46,6.88,78.0,7.0,4.35,22,8.81,3.92,100.0,9.0,9.8,41,7.53,6.53,61.0,6.0,8.66,8.17
5000,10,True,gem_r,20,1,4.04,4.04,64.0,12,,,,,,14,,,,,,22,4.04,3.79,64.0,14.0,2.02,41,10.04,6.3,96.0,13.0,7.38,7.04
5000,10,True,t,5,3,10.32,4.89,84.0,12,13.46,5.45,97.0,4.0,11.62,14,12.61,7.01,92.0,5.0,4.69,22,4.89,3.78,62.0,4.0,5.06,41,12.41,6.55,84.0,5.0,10.42,8.65
5000,10,True,t,10,3,6.88,6.3,73.0,12,6.5,5.69,63.0,6.0,3.61,14,7.83,6.9,66.0,7.0,2.5,22,6.3,3.86,89.0,9.0,6.83,41,11.43,6.54,91.0,10.0,9.93,8.86
5000,10,True,t,20,1,4.9,4.9,96.0,12,,,,,,14,,,,,,22,4.9,3.85,96.0,15.0,2.34,41,7.92,6.43,77.0,15.0,7.77,6.41
5000,10,True,winstmnd_frac,5,3,5.37,3.63,50.0,12,3.63,5.94,32.0,3.0,7.13,14,5.04,7.12,33.0,3.0,1.01,22,7.43,3.9,85.0,5.0,8.61,41,9.27,6.44,71.0,4.0,9.43,8.35
5000,10,True,winstmnd_frac,10,3,6.21,3.98,61.0,12,6.5,5.65,63.0,6.0,3.61,14,8.14,7.06,67.0,7.0,2.85,22,3.98,3.85,53.0,8.0,3.61,41,10.9,6.61,90.0,9.0,9.93,7.44
5000,10,True,winstmnd_frac,20,1,4.22,4.22,74.0,12,,,,,,14,,,,,,22,4.22,3.82,74.0,15.0,2.34,41,8.45,6.47,83.0,15.0,8.02,6.34
5000,10,False,potje,5,3,16.26,1.42,83.0,20,18.17,8.2,97.0,5.0,11.62,21,29.19,9.8,100.0,5.0,22.82,35,1.42,0.9,51.0,2.0,0.0,56,11.95,5.32,79.0,4.0,10.42,6.68
5000,10,False,potje,10,3,9.69,2.88,81.0,20,10.01,8.23,76.0,7.0,8.64,21,16.18,10.28,96.0,9.0,5.95,35,2.88,0.81,72.0,6.0,6.83,56,10.68,5.32,82.0,8.0,8.65,6.78
5000,10,False,potje,20,3,7.42,3.83,73.0,20,8.17,8.17,25.0,14.0,9.68,21,10.27,9.65,96.0,16.0,5.09,35,3.83,0.78,97.0,14.0,3.79,56,12.8,5.11,99.0,16.0,9.93,8.32
5000,10,False,potje_3m,5,3,15.35,1.36,84.0,20,20.04,8.15,99.0,5.0,13.92,21,24.66,9.46,98.0,4.0,15.43,35,1.36,0.75,53.0,3.0,8.61,56,20.44,4.9,99.0,4.0,15.87,10.9
5000,10,False,potje_3m,10,3,13.13,4.68,96.0,20,16.3,7.89,100.0,10.0,12.45,21,18.42,9.73,100.0,9.0,12.34,35,4.68,0.9,88.0,7.0,6.83,56,15.56,5.59,98.0,8.0,12.65,10.12
5000,10,False,potje_3m,20,3,7.27,3.69,51.0,20,8.17,8.17,0.0,14.0,9.68,21,9.96,9.66,58.0,15.0,5.09,35,3.69,0.82,96.0,16.0,2.34,56,10.03,5.29,94.0,15.0,7.77,6.86
5000,10,False,gem_r,5,3,10.04,3.82,77.0,20,13.46,8.08,86.0,4.0,11.62,21,12.85,9.81,70.0,4.0,4.69,35,3.82,0.49,74.0,4.0,8.61,56,8.09,5.22,63.0,3.0,6.89,5.95
5000,10,False,gem_r,10,3,6.57,4.5,54.0,20,6.19,8.04,28.0,6.0,3.61,21,9.01,9.9,44.0,8.0,4.46,35,4.5,0.55,90.0,8.0,6.83,56,4.21,5.34,39.0,5.0,3.45,4.36
5000,10,False,gem_r,20,3,7.38,4.27,40.0,20,8.17,8.17,0.0,14.0,9.68,21,9.7,9.69,23.0,15.0,4.46,35,4.27,0.91,98.0,13.0,3.79,56,6.94,5.15,67.0,13.0,6.1,5.6
5000,10,False,t,5,3,10.99,3.88,79.0,20,15.72,7.8,91.0,5.0,11.62,21,13.36,9.76,72.0,5.0,4.69,35,3.88,0.62,73.0,3.0,1.01,56,12.41,4.62,88.0,5.0,10.42,8.15
5000,10,False,t,10,3,10.23,2.39,86.0,20,12.11,8.08,90.0,8.0,9.68,21,16.2,9.68,97.0,10.0,6.56,35,2.39,0.69,71.0,7.0,3.3,56,14.71,5.53,98.0,10.0,13.15,8.55
5000,10,False,t,20,3,6.48,1.39,35.0,20,8.17,8.17,0.0,14.0,9.68,21,9.89,9.67,43.0,15.0,4.46,35,1.39,0.83,62.0,13.0,1.27,56,7.91,5.13,80.0,15.0,7.38,4.65
5000,10,False,winstmnd_frac,5,3,3.33,-1.43,32.0,20,3.63,7.87,20.0,3.0,7.13,21,7.79,9.73,45.0,4.0,4.69,35,-1.43,0.85,32.0,3.0,5.06,56,9.27,5.13,71.0,4.0,9.43,3.92
5000,10,False,winstmnd_frac,10,3,3.42,1.09,26.0,20,2.84,8.32,4.0,6.0,3.61,21,6.33,9.69,23.0,8.0,4.46,35,1.09,0.83,51.0,6.0,3.04,56,10.9,5.44,87.0,9.0,9.93,5.99
5000,10,False,winstmnd_frac,20,3,6.15,0.4,35.0,20,8.17,8.17,19.0,14.0,9.68,21,9.89,9.71,44.0,15.0,4.46,35,0.4,0.73,43.0,12.0,0.47,56,7.29,5.13,72.0,15.0,7.38,3.85
5000,20,True,potje,5,3,13.77,9.59,98.0,13,13.71,5.34,97.0,5.0,11.62,17,18.03,6.84,100.0,5.0,16.9,23,9.59,3.3,96.0,4.0,8.61,43,10.81,6.6,79.0,5.0,9.43,10.2
5000,20,True,potje,10,3,8.58,6.74,90.0,13,6.74,5.12,80.0,6.0,3.61,17,9.81,7.01,91.0,8.0,4.35,23,9.19,3.43,100.0,8.0,11.24,43,12.32,6.56,95.0,9.0,9.93,10.75
5000,20,True,potje,20,1,4.81,4.81,99.0,13,,,,,,17,,,,,,23,4.81,3.34,99.0,15.0,2.34,43,11.77,6.53,100.0,15.0,8.65,8.29
5000,20,True,potje_3m,5,3,14.23,11.17,98.0,13,16.35,5.19,99.0,5.0,13.29,17,15.17,7.14,97.0,4.0,15.43,23,11.17,3.32,99.0,4.0,10.99,43,17.84,6.44,98.0,4.0,15.87,14.5
5000,20,True,potje_3m,10,3,8.09,6.44,88.0,13,6.44,5.27,69.0,5.0,3.31,17,10.61,7.08,96.0,7.0,10.06,23,7.21,3.37,97.0,8.0,6.83,43,13.11,6.68,97.0,7.0,12.65,10.16
5000,20,True,potje_3m,20,1,3.46,3.46,56.0,13,,,,,,17,,,,,,23,3.46,3.32,56.0,14.0,1.85,43,10.9,6.47,98.0,14.0,7.77,7.18
5000,20,True,gem_r,5,3,11.7,6.21,91.0,13,13.46,5.18,97.0,4.0,11.62,17,15.43,6.71,97.0,4.0,16.9,23,6.21,3.45,79.0,4.0,8.61,43,8.09,6.29,66.0,3.0,6.89,7.15
5000,20,True,gem_r,10,3,6.36,5.12,67.0,13,5.12,5.23,42.0,5.0,-0.2,17,8.25,7.03,71.0,7.0,3.28,23,5.7,3.29,87.0,8.0,6.83,43,7.15,6.44,62.0,6.0,8.66,6.42
5000,20,True,gem_r,20,1,3.63,3.63,66.0,13,,,,,,17,,,,,,23,3.63,3.37,66.0,13.0,1.76,43,8.59,6.48,85.0,14.0,7.38,6.11
5000,20,True,t,5,3,10.36,4.89,87.0,13,13.59,5.47,97.0,4.0,11.62,17,12.61,6.92,91.0,5.0,4.69,23,4.89,3.03,72.0,4.0,5.06,43,12.41,7.37,85.0,5.0,10.42,8.65
5000,20,True,t,10,3,7.04,5.12,77.0,13,5.12,5.07,48.0,5.0,-0.2,17,9.69,6.76,93.0,8.0,3.63,23,6.3,3.32,89.0,9.0,6.83,43,11.43,6.7,90.0,10.0,9.93,8.86
5000,20,True,t,20,1,3.98,3.98,81.0,13,,,,,,17,,,,,,23,3.98,3.38,81.0,14.0,1.85,43,6.87,6.53,56.0,15.0,7.29,5.43
5000,20,True,winstmnd_frac,5,3,6.63,3.63,66.0,13,3.63,5.12,39.0,3.0,7.13,17,8.84,7.24,69.0,4.0,4.69,23,7.43,3.25,89.0,5.0,8.61,43,9.27,6.37,72.0,4.0,9.43,8.35
5000,20,True,winstmnd_frac,10,3,6.54,3.1,71.0,13,6.56,5.16,75.0,6.0,3.61,17,9.95,7.02,93.0,8.0,5.96,23,3.1,3.46,44.0,7.0,3.04,43,10.9,6.48,88.0,9.0,9.93,7.0
5000,20,True,winstmnd_frac,20,1,3.82,3.82,72.0,13,,,,,,17,,,,,,23,3.82,3.36,72.0,14.0,2.34,43,7.03,6.31,64.0,15.0,7.38,5.43
5000,20,False,potje,5,3,16.26,1.42,84.0,21,18.17,8.03,96.0,5.0,11.62,24,29.19,9.61,100.0,5.0,22.82,36,1.42,0.49,56.0,2.0,0.0,58,11.95,4.96,85.0,4.0,10.42,6.68
5000,20,False,potje,10,3,10.01,2.88,85.0,21,10.01,7.72,80.0,7.0,8.64,24,17.15,9.45,99.0,9.0,10.06,36,2.88,0.64,76.0,6.0,6.83,58,10.68,4.98,88.0,8.0,8.65,6.78
5000,20,False,potje,20,3,7.6,3.83,89.0,21,8.7,7.75,93.0,14.0,9.68,24,10.28,9.27,76.0,15.0,4.46,36,3.83,0.6,97.0,14.0,3.79,58,12.8,5.46,99.0,16.0,9.93,8.32
5000,20,False,potje_3m,5,3,15.35,1.36,85.0,21,20.04,8.01,99.0,5.0,13.92,24,24.66,9.18,99.0,4.0,15.43,36,1.36,0.54,56.0,3.0,8.61,58,20.44,5.04,98.0,4.0,15.87,10.9
5000,20,False,potje_3m,10,3,13.13,4.68,97.0,21,16.3,8.01,100.0,10.0,12.45,24,18.42,9.19,100.0,9.0,12.34,36,4.68,0.27,92.0,7.0,6.83,58,15.56,4.9,99.0,8.0,12.65,10.12
5000,20,False,potje_3m,20,3,7.29,3.69,68.0,21,7.45,7.77,18.0,13.0,8.17,24,10.73,9.38,90.0,16.0,5.09,36,3.69,0.51,97.0,16.0,2.34,58,10.03,5.29,92.0,15.0,7.77,6.86
5000,20,False,gem_r,5,3,11.7,6.21,85.0,21,13.46,7.83,85.0,4.0,11.62,24,15.43,9.07,82.0,4.0,16.9,36,6.21,0.36,88.0,4.0,8.61,58,8.09,5.33,64.0,3.0,6.89,7.15
5000,20,False,gem_r,10,3,5.8,2.63,52.0,21,6.19,7.64,33.0,6.0,3.61,24,8.57,9.3,47.0,7.0,4.12,36,2.63,0.46,76.0,7.0,3.79,58,4.21,5.47,38.0,5.0,3.45,3.42
5000,20,False,gem_r,20,3,7.71,4.02,88.0,21,8.7,7.78,90.0,14.0,9.68,24,10.42,9.38,76.0,15.0,4.46,36,4.02,0.74,97.0,13.0,3.79,58,6.3,5.33,63.0,14.0,6.1,5.16
5000,20,False,t,5,3,10.99,3.88,82.0,21,15.72,7.5,95.0,5.0,11.62,24,13.36,8.77,78.0,5.0,4.69,36,3.88,0.55,74.0,3.0,1.01,58,12.41,5.5,84.0,5.0,10.42,8.15
5000,20,False,t,10,3,8.58,2.39,76.0,21,8.74,7.71,63.0,7.0,8.17,24,14.61,9.33,92.0,9.0,4.46,36,2.39,0.52,72.0,7.0,3.3,58,14.71,5.0,98.0,10.0,13.15,8.55
5000,20,False,t,20,3,6.79,1.03,82.0,21,8.7,7.74,92.0,14.0,9.68,24,10.63,9.14,90.0,16.0,4.46,36,1.03,0.57,62.0,12.0,1.27,58,8.36,5.22,80.0,16.0,7.38,4.7
5000,20,False,winstmnd_frac,5,3,4.54,-1.43,41.0,21,3.63,7.79,22.0,3.0,7.13,24,11.42,9.17,70.0,5.0,8.43,36,-1.43,0.8,30.0,3.0,5.06,58,9.27,5.48,67.0,4.0,9.43,3.92
5000,20,False,winstmnd_frac,10,3,3.91,0.92,33.0,21,2.84,7.62,4.0,6.0,3.61,24,7.97,9.37,39.0,8.0,6.56,36,0.92,0.47,56.0,6.0,3.04,58,10.9,5.37,88.0,9.0,9.93,5.91
5000,20,False,winstmnd_frac,20,3,4.6,-0.64,19.0,21,6.91,7.74,11.0,13.0,8.17,24,7.51,9.25,16.0,16.0,4.46,36,-0.64,0.35,31.0,11.0,0.37,58,6.2,5.4,58.0,15.0,6.1,2.78
5000,999,True,potje,5,3,13.77,9.59,99.0,14,13.71,4.77,98.0,5.0,11.62,18,18.03,6.51,100.0,5.0,16.9,24,9.59,3.02,99.0,4.0,8.61,46,10.81,6.56,79.0,5.0,9.43,10.2
5000,999,True,potje,10,3,8.58,6.74,92.0,14,6.74,4.79,82.0,6.0,3.61,18,9.81,6.42,93.0,8.0,4.35,24,9.19,3.19,100.0,8.0,11.24,46,12.32,6.18,95.0,9.0,9.93,10.75
5000,999,True,potje,20,1,4.81,4.81,100.0,14,,,,,,18,,,,,,24,4.81,3.0,100.0,15.0,2.34,46,11.77,6.22,100.0,15.0,8.65,8.29
5000,999,True,potje_3m,5,3,14.23,11.17,99.0,14,16.35,4.54,100.0,5.0,13.29,18,15.17,6.74,99.0,4.0,15.43,24,11.17,3.27,98.0,4.0,10.99,46,17.84,6.36,99.0,4.0,15.87,14.5
5000,999,True,potje_3m,10,3,8.09,6.44,90.0,14,6.44,4.76,76.0,5.0,3.31,18,10.61,6.41,99.0,7.0,10.06,24,7.21,3.01,96.0,8.0,6.83,46,13.11,6.62,96.0,7.0,12.65,10.16
5000,999,True,potje_3m,20,1,4.02,4.02,90.0,14,,,,,,18,,,,,,24,4.02,3.03,90.0,14.0,1.85,46,10.9,6.31,99.0,14.0,7.77,7.46
5000,999,True,gem_r,5,3,9.41,6.21,80.0,14,6.25,5.0,62.0,3.0,7.13,18,15.78,6.23,99.0,5.0,16.9,24,6.21,3.04,80.0,4.0,8.61,46,8.34,6.45,67.0,3.0,3.11,7.27
5000,999,True,gem_r,10,3,6.35,5.15,73.0,14,5.15,4.65,55.0,5.0,-0.08,18,8.2,6.58,75.0,7.0,3.28,24,5.7,3.29,87.0,8.0,6.83,46,6.56,6.21,58.0,6.0,5.0,6.13
5000,999,True,gem_r,20,1,3.63,3.63,77.0,14,,,,,,18,,,,,,24,3.63,3.06,77.0,13.0,1.76,46,7.86,6.53,74.0,15.0,7.38,5.75
5000,999,True,t,5,3,10.38,4.89,87.0,14,13.64,4.79,99.0,4.0,11.62,18,12.6,6.74,91.0,5.0,4.69,24,4.89,2.93,71.0,4.0,5.06,46,12.41,6.47,85.0,5.0,10.42,8.65
5000,999,True,t,10,3,7.35,6.26,86.0,14,6.26,4.77,74.0,5.0,-0.08,18,9.49,6.57,92.0,8.0,2.85,24,6.3,3.05,94.0,9.0,6.83,46,11.21,6.25,94.0,10.0,9.93,8.75
5000,999,True,t,20,1,3.98,3.98,87.0,14,,,,,,18,,,,,,24,3.98,3.09,87.0,14.0,1.85,46,8.16,6.23,80.0,17.0,7.77,6.07
5000,999,True,winstmnd_frac,5,3,6.63,3.63,66.0,14,3.63,5.03,40.0,3.0,7.13,18,8.84,6.68,72.0,4.0,4.69,24,7.43,3.37,88.0,5.0,8.61,46,9.27,6.67,69.0,4.0,9.43,8.35
5000,999,True,winstmnd_frac,10,3,4.97,3.1,51.0,14,5.21,4.68,55.0,5.0,-0.08,18,6.61,6.52,49.0,8.0,2.85,24,3.1,3.11,50.0,7.0,3.04,46,10.9,6.44,89.0,9.0,9.93,7.0
5000,999,True,winstmnd_frac,20,1,3.82,3.82,81.0,14,,,,,,18,,,,,,24,3.82,3.09,81.0,14.0,2.34,46,8.07,6.44,80.0,16.0,8.02,5.94
5000,999,False,potje,5,3,16.26,1.42,85.0,22,18.17,7.46,98.0,5.0,11.62,25,29.19,9.17,100.0,5.0,22.82,37,1.42,0.21,58.0,2.0,0.0,61,11.95,5.35,84.0,4.0,10.42,6.68
5000,999,False,potje,10,3,10.01,2.88,86.0,22,10.01,7.1,82.0,7.0,8.64,25,17.15,9.19,99.0,9.0,10.06,37,2.88,0.39,79.0,6.0,6.83,61,10.68,5.32,87.0,8.0,8.65,6.78
5000,999,False,potje,20,3,7.37,3.83,85.0,22,8.0,7.4,74.0,13.0,8.17,25,10.28,8.84,83.0,15.0,4.46,37,3.83,0.39,98.0,14.0,3.79,61,12.8,5.36,99.0,16.0,9.93,8.32
5000,999,False,potje_3m,5,3,15.35,1.36,85.0,22,20.04,7.57,99.0,5.0,13.92,25,24.66,9.24,99.0,4.0,15.43,37,1.36,0.55,56.0,3.0,8.61,61,20.44,5.17,99.0,4.0,15.87,10.9
5000,999,False,potje_3m,10,3,13.13,4.68,98.0,22,16.3,7.54,100.0,10.0,12.45,25,18.42,9.09,100.0,9.0,12.34,37,4.68,0.41,93.0,7.0,6.83,61,15.56,5.05,98.0,8.0,12.65,10.12
5000,999,False,potje_3m,20,3,7.48,3.69,86.0,22,8.0,7.48,69.0,13.0,8.17,25,10.77,9.06,93.0,17.0,5.09,37,3.69,0.57,96.0,16.0,2.34,61,10.03,5.2,94.0,15.0,7.77,6.86
5000,999,False,gem_r,5,3,9.41,6.21,71.0,22,6.25,7.43,41.0,3.0,7.13,25,15.78,8.59,83.0,5.0,16.9,37,6.21,0.24,89.0,4.0,8.61,61,8.34,5.08,70.0,3.0,3.11,7.27
5000,999,False,gem_r,10,3,5.85,2.63,53.0,22,6.27,7.31,36.0,6.0,3.61,25,8.64,9.05,49.0,8.0,4.12,37,2.63,0.52,74.0,7.0,3.79,61,6.56,5.28,55.0,6.0,5.0,4.59
5000,999,False,gem_r,20,3,7.23,4.02,78.0,22,8.0,7.38,74.0,13.0,8.17,25,9.66,8.77,64.0,15.0,4.12,37,4.02,0.54,97.0,13.0,3.79,61,5.2,5.2,44.0,13.0,4.74,4.61
5000,999,False,t,5,3,10.99,3.88,81.0,22,15.72,7.69,93.0,5.0,11.62,25,13.36,9.0,77.0,5.0,4.69,37,3.88,0.56,75.0,3.0,1.01,61,12.41,5.04,85.0,5.0,10.42,8.15
5000,999,False,t,10,3,8.46,2.39,76.0,22,8.3,7.33,61.0,6.0,8.17,25,14.68,8.58,95.0,10.0,4.46,37,2.39,0.5,72.0,7.0,3.3,61,14.71,5.47,100.0,10.0,13.15,8.55
5000,999,False,t,20,3,6.31,1.03,68.0,22,8.0,7.46,71.0,13.0,8.17,25,9.89,8.94,70.0,16.0,4.12,37,1.03,0.46,64.0,12.0,1.27,61,8.51,5.38,83.0,16.0,7.38,4.77
5000,999,False,winstmnd_frac,5,3,4.54,-1.43,42.0,22,3.63,7.33,22.0,3.0,7.13,25,11.42,9.18,72.0,5.0,8.43,37,-1.43,0.53,32.0,3.0,5.06,61,9.27,4.81,72.0,4.0,9.43,3.92
5000,999,False,winstmnd_frac,10,3,3.91,0.92,36.0,22,2.84,7.38,7.0,6.0,3.61,25,7.97,8.85,46.0,8.0,6.56,37,0.92,0.56,54.0,6.0,3.04,61,10.9,4.95,89.0,9.0,9.93,5.91
5000,999,False,winstmnd_frac,20,3,3.98,-0.64,16.0,22,5.24,7.44,1.0,12.0,5.63,25,7.34,8.88,19.0,16.0,4.46,37,-0.64,0.33,29.0,11.0,0.37,61,5.87,5.45,52.0,15.0,6.1,2.62
10000,5,True,potje,5,2,9.46,9.35,90.0,3,,,,,,6,9.57,7.71,85.0,3.0,0.54,13,9.35,4.26,96.0,4.0,10.99,14,15.91,5.16,100.0,5.0,15.87,12.63
10000,5,True,potje,10,1,5.17,5.17,70.0,3,,,,,,6,,,,,,13,5.17,4.3,70.0,7.0,1.27,14,8.7,5.35,97.0,8.0,8.02,6.93
10000,5,True,potje,20,0,,,,3,,,,,,6,,,,,,13,,,,,,14,,,,,,
10000,5,True,potje_3m,5,2,8.12,6.74,70.0,3,,,,,,6,9.49,7.74,64.0,3.0,0.54,13,6.74,4.3,77.0,3.0,1.01,14,3.08,5.32,29.0,3.0,7.86,4.91
10000,5,True,potje_3m,10,1,5.91,5.91,92.0,3,,,,,,6,,,,,,13,5.91,4.24,92.0,8.0,1.27,14,5.07,5.3,46.0,6.0,7.08,5.49
10000,5,True,potje_3m,20,0,,,,3,,,,,,6,,,,,,13,,,,,,14,,,,,,
10000,5,True,gem_r,5,2,9.46,9.35,89.0,3,,,,,,6,9.57,7.67,82.0,3.0,0.54,13,9.35,4.17,95.0,4.0,10.99,14,15.91,5.55,99.0,5.0,15.87,12.63
10000,5,True,gem_r,10,1,5.06,5.06,70.0,3,,,,,,6,,,,,,13,5.06,4.25,70.0,7.0,0.73,14,8.7,5.38,95.0,8.0,8.02,6.88
10000,5,True,gem_r,20,0,,,,3,,,,,,6,,,,,,13,,,,,,14,,,,,,
10000,5,True,t,5,2,7.13,4.76,61.0,3,,,,,,6,9.49,7.78,69.0,3.0,0.54,13,4.76,4.33,54.0,4.0,1.53,14,11.54,5.35,90.0,5.0,9.43,8.15
10000,5,True,t,10,1,1.81,1.81,3.0,3,,,,,,6,,,,,,13,1.81,4.28,3.0,7.0,0.73,14,8.7,5.29,96.0,8.0,8.02,5.26
10000,5,True,t,20,0,,,,3,,,,,,6,,,,,,13,,,,,,14,,,,,,
10000,5,True,winstmnd_frac,5,2,6.4,3.35,45.0,3,,,,,,6,9.46,7.58,51.0,3.0,0.54,13,3.35,4.3,39.0,4.0,1.01,14,11.54,5.28,94.0,5.0,9.43,7.44
10000,5,True,winstmnd_frac,10,1,5.43,5.43,80.0,3,,,,,,6,,,,,,13,5.43,4.37,80.0,8.0,1.59,14,8.7,5.33,95.0,8.0,8.02,7.06
10000,5,True,winstmnd_frac,20,0,,,,3,,,,,,6,,,,,,13,,,,,,14,,,,,,
10000,5,False,potje,5,3,6.15,-4.47,29.0,5,13.11,13.11,0.0,4.0,13.77,8,9.81,7.58,72.0,4.0,7.2,22,-4.47,0.62,16.0,2.0,-1.21,22,13.71,1.44,96.0,4.0,9.43,4.62
10000,5,False,potje,10,1,2.91,2.91,76.0,5,,,,,,8,,,,,,22,2.91,0.65,76.0,7.0,6.0,22,12.19,1.53,99.0,8.0,12.65,7.55
10000,5,False,potje,20,1,1.64,1.64,87.0,5,,,,,,8,,,,,,22,1.64,0.61,87.0,13.0,0.75,22,0.95,1.49,39.0,12.0,2.03,1.3
10000,5,False,potje_3m,5,3,9.59,4.14,56.0,5,13.11,13.11,0.0,4.0,13.77,8,11.51,7.74,92.0,4.0,8.43,22,4.14,0.43,76.0,3.0,10.99,22,13.7,2.12,96.0,4.0,9.43,8.92
10000,5,False,potje_3m,10,1,4.36,4.36,90.0,5,,,,,,8,,,,,,22,4.36,0.57,90.0,7.0,6.0,22,7.37,1.12,85.0,7.0,7.08,5.86
10000,5,False,potje_3m,20,1,1.49,1.49,84.0,5,,,,,,8,,,,,,22,1.49,0.52,84.0,13.0,0.75,22,1.0,1.35,42.0,13.0,2.88,1.25
10000,5,False,gem_r,5,3,7.33,0.74,35.0,5,13.11,13.11,0.0,4.0,13.77,8,8.13,7.6,54.0,3.0,0.54,22,0.74,0.5,50.0,3.0,1.01,22,4.28,1.77,55.0,3.0,7.86,2.51
10000,5,False,gem_r,10,1,5.67,5.67,95.0,5,,,,,,8,,,,,,22,5.67,0.66,95.0,7.0,6.0,22,10.44,1.67,97.0,7.0,8.65,8.06
10000,5,False,gem_r,20,1,1.08,1.08,76.0,5,,,,,,8,,,,,,22,1.08,0.55,76.0,13.0,0.75,22,5.66,1.46,95.0,13.0,4.27,3.37
10000,5,False,t,5,3,7.57,-1.91,42.0,5,13.11,13.11,0.0,4.0,13.77,8,11.51,7.61,91.0,4.0,8.43,22,-1.91,0.07,35.0,3.0,1.01,22,17.51,1.75,99.0,5.0,15.87,7.8
10000,5,False,t,10,1,1.1,1.1,61.0,5,,,,,,8,,,,,,22,1.1,0.31,61.0,7.0,1.27,22,7.04,1.54,83.0,7.0,8.02,4.07
10000,5,False,t,20,1,1.64,1.64,87.0,5,,,,,,8,,,,,,22,1.64,0.57,87.0,13.0,0.75,22,1.88,1.58,74.0,13.0,2.88,1.76
10000,5,False,winstmnd_frac,5,3,8.09,-2.01,42.0,5,13.11,13.11,0.0,4.0,13.77,8,13.17,7.88,98.0,5.0,8.43,22,-2.01,0.84,28.0,3.0,1.01,22,10.27,1.36,84.0,5.0,9.43,4.13
10000,5,False,winstmnd_frac,10,1,-0.62,-0.62,37.0,5,,,,,,8,,,,,,22,-0.62,0.56,37.0,7.0,0.75,22,4.91,1.71,70.0,7.0,8.02,2.14
10000,5,False,winstmnd_frac,20,1,0.64,0.64,57.0,5,,,,,,8,,,,,,22,0.64,0.58,57.0,13.0,0.75,22,1.09,1.34,45.0,12.0,2.88,0.87
10000,10,True,potje,5,2,9.41,7.24,86.0,4,,,,,,9,7.24,5.04,72.0,3.0,0.54,17,11.58,3.59,100.0,4.0,11.48,18,12.73,4.28,99.0,4.0,9.43,12.15
10000,10,True,potje,10,1,5.53,5.53,87.0,4,,,,,,9,,,,,,17,5.53,3.59,87.0,7.0,1.76,18,8.35,4.44,97.0,7.0,7.38,6.94
10000,10,True,potje,20,0,,,,4,,,,,,9,,,,,,17,,,,,,18,,,,,,
10000,10,True,potje_3m,5,2,8.12,6.74,85.0,4,,,,,,9,9.49,5.3,85.0,3.0,0.54,17,6.74,3.55,85.0,3.0,1.01,18,6.09,4.34,68.0,3.0,7.86,6.42
10000,10,True,potje_3m,10,1,6.12,6.12,95.0,4,,,,,,9,,,,,,17,6.12,3.66,95.0,8.0,2.02,18,5.78,4.37,73.0,6.0,6.6,5.95
10000,10,True,potje_3m,20,0,,,,4,,,,,,9,,,,,,17,,,,,,18,,,,,,
10000,10,True,gem_r,5,2,5.82,4.96,64.0,4,,,,,,9,6.68,5.29,58.0,2.0,-1.23,17,4.96,3.53,70.0,4.0,2.51,18,6.85,4.11,76.0,3.0,6.89,5.9
10000,10,True,gem_r,10,1,6.32,6.32,96.0,4,,,,,,9,,,,,,17,6.32,3.59,96.0,7.0,6.75,18,8.71,4.42,99.0,7.0,7.38,7.52
10000,10,True,gem_r,20,0,,,,4,,,,,,9,,,,,,17,,,,,,18,,,,,,
10000,10,True,t,5,2,7.17,4.76,77.0,4,,,,,,9,9.58,5.68,85.0,3.0,0.54,17,4.76,3.43,69.0,4.0,1.53,18,11.28,4.11,96.0,5.0,9.43,8.02
10000,10,True,t,10,1,1.28,1.28,11.0,4,,,,,,9,,,,,,17,1.28,3.55,11.0,6.0,0.65,18,8.13,4.28,95.0,7.0,8.02,4.7
10000,10,True,t,20,0,,,,4,,,,,,9,,,,,,17,,,,,,18,,,,,,
10000,10,True,winstmnd_frac,5,2,6.57,3.76,68.0,4,,,,,,9,9.38,5.34,81.0,3.0,0.54,17,3.76,3.6,55.0,4.0,1.01,18,9.9,4.36,91.0,4.0,9.43,6.83
10000,10,True,winstmnd_frac,10,1,0.83,0.83,5.0,4,,,,,,9,,,,,,17,0.83,3.51,5.0,6.0,0.37,18,8.13,4.24,97.0,7.0,8.02,4.48
10000,10,True,winstmnd_frac,20,0,,,,4,,,,,,9,,,,,,17,,,,,,18,,,,,,
10000,10,False,potje,5,3,4.75,-4.47,43.0,6,9.78,10.48,37.0,3.0,11.65,11,8.93,5.62,77.0,4.0,4.0,26,-4.47,0.68,16.0,2.0,-1.21,26,7.71,1.26,76.0,3.0,7.86,1.62
10000,10,False,potje,10,2,4.98,3.51,87.0,6,,,,,,11,6.46,5.71,92.0,6.0,2.27,26,3.51,0.65,82.0,6.0,11.24,26,10.58,1.95,98.0,7.0,8.65,7.04
10000,10,False,potje,20,1,2.62,2.62,91.0,6,,,,,,11,,,,,,26,2.62,0.62,91.0,14.0,1.27,26,6.25,1.47,97.0,13.0,4.27,4.43
10000,10,False,potje_3m,5,3,8.48,4.14,71.0,6,9.78,10.5,37.0,3.0,11.65,11,11.51,5.49,95.0,4.0,8.43,26,4.14,0.32,80.0,3.0,10.99,26,14.24,0.67,97.0,4.0,9.43,9.19
10000,10,False,potje_3m,10,2,5.11,4.36,63.0,6,,,,,,11,5.85,5.66,37.0,5.0,-0.27,26,4.36,0.51,89.0,7.0,6.0,26,9.05,1.54,95.0,7.0,7.08,6.71
10000,10,False,potje_3m,20,1,1.97,1.97,86.0,6,,,,,,11,,,,,,26,1.97,0.67,86.0,14.0,1.27,26,0.33,1.31,39.0,12.0,1.79,1.15
10000,10,False,gem_r,5,3,5.84,1.04,49.0,6,9.78,10.51,36.0,3.0,11.65,11,6.68,5.56,58.0,2.0,-1.23,26,1.04,0.89,53.0,3.0,2.51,26,0.22,1.39,35.0,2.0,0.0,0.63
10000,10,False,gem_r,10,2,6.02,5.61,89.0,6,,,,,,11,6.42,5.64,83.0,6.0,2.27,26,5.61,0.61,95.0,7.0,6.75,26,6.29,1.23,79.0,6.0,7.38,5.95
10000,10,False,gem_r,20,1,1.86,1.86,82.0,6,,,,,,11,,,,,,26,1.86,0.66,82.0,12.0,0.73,26,6.25,1.46,97.0,13.0,4.27,4.06
10000,10,False,t,5,3,6.46,-1.91,53.0,6,9.78,10.7,33.0,3.0,11.65,11,11.51,5.62,97.0,4.0,8.43,26,-1.91,0.71,29.0,3.0,1.01,26,17.32,1.67,99.0,5.0,15.87,7.7
10000,10,False,t,10,2,3.74,1.1,63.0,6,,,,,,11,6.38,5.71,73.0,6.0,2.27,26,1.1,0.65,53.0,7.0,1.27,26,10.26,1.29,97.0,8.0,8.02,5.68
10000,10,False,t,20,1,-0.02,-0.02,31.0,6,,,,,,11,,,,,,26,-0.02,0.66,31.0,12.0,0.47,26,6.16,1.44,97.0,13.0,4.27,3.07
10000,10,False,winstmnd_frac,5,3,4.01,-2.01,37.0,6,9.78,10.36,38.0,3.0,11.65,11,4.27,5.31,47.0,3.0,0.54,26,-2.01,0.89,27.0,3.0,1.01,26,9.9,0.83,89.0,4.0,9.43,3.95
10000,10,False,winstmnd_frac,10,2,2.6,-1.17,45.0,6,,,,,,11,6.36,5.67,58.0,6.0,2.27,26,-1.17,0.46,31.0,6.0,0.65,26,4.77,1.1,72.0,7.0,7.38,1.8
10000,10,False,winstmnd_frac,20,1,-0.82,-0.82,14.0,6,,,,,,11,,,,,,26,-0.82,0.7,14.0,11.0,0.37,26,1.99,1.52,66.0,12.0,4.27,0.59
10000,20,True,potje,5,2,9.51,7.45,88.0,4,,,,,,10,7.45,4.69,78.0,3.0,0.54,18,11.58,3.2,99.0,4.0,11.48,18,12.73,4.75,99.0,4.0,9.43,12.15
10000,20,True,potje,10,2,5.1,4.67,82.0,4,,,,,,10,4.67,4.67,76.0,4.0,-0.63,18,5.53,3.09,89.0,7.0,1.76,18,8.35,4.37,96.0,7.0,7.38,6.94
10000,20,True,potje,20,0,,,,4,,,,,,10,,,,,,18,,,,,,18,,,,,,
10000,20,True,potje_3m,5,2,8.12,6.74,86.0,4,,,,,,10,9.49,4.86,86.0,3.0,0.54,18,6.74,2.94,86.0,3.0,1.01,18,6.09,4.51,66.0,3.0,7.86,6.42
10000,20,True,potje_3m,10,2,5.4,4.67,50.0,4,,,,,,10,4.67,4.67,5.0,4.0,-0.63,18,6.12,3.0,96.0,8.0,2.02,18,5.78,4.44,71.0,6.0,6.6,5.95
10000,20,True,potje_3m,20,0,,,,4,,,,,,10,,,,,,18,,,,,,18,,,,,,
10000,20,True,gem_r,5,2,5.16,3.43,62.0,4,,,,,,10,6.9,4.56,67.0,2.0,-0.19,18,3.43,3.1,57.0,3.0,2.51,18,6.85,4.35,74.0,3.0,6.89,5.14
10000,20,True,gem_r,10,2,4.58,4.5,42.0,4,,,,,,10,4.67,4.67,4.0,4.0,-0.63,18,4.5,2.99,79.0,6.0,1.76,18,8.71,4.38,97.0,7.0,7.38,6.6
10000,20,True,gem_r,20,0,,,,4,,,,,,10,,,,,,18,,,,,,18,,,,,,
10000,20,True,t,5,2,7.27,4.76,82.0,4,,,,,,10,9.79,4.72,91.0,3.0,0.54,18,4.76,2.93,73.0,4.0,1.53,18,11.28,4.0,96.0,5.0,9.43,8.02
10000,20,True,t,10,2,2.72,0.77,7.0,4,,,,,,10,4.67,4.67,2.0,4.0,-0.63,18,0.77,2.93,12.0,6.0,0.65,18,8.13,4.28,96.0,7.0,8.02,4.45
10000,20,True,t,20,0,,,,4,,,,,,10,,,,,,18,,,,,,18,,,,,,
10000,20,True,winstmnd_frac,5,2,5.88,2.38,64.0,4,,,,,,10,9.38,4.7,83.0,3.0,0.54,18,2.38,2.96,45.0,3.0,1.01,18,9.9,4.07,91.0,4.0,9.43,6.14
10000,20,True,winstmnd_frac,10,2,2.66,0.66,7.0,4,,,,,,10,4.67,4.67,4.0,4.0,-0.63,18,0.66,2.9,10.0,6.0,0.37,18,8.13,4.34,97.0,7.0,8.02,4.39
10000,20,True,winstmnd_frac,20,0,,,,4,,,,,,10,,,,,,18,,,,,,18,,,,,,
10000,20,False,potje,5,3,4.7,-4.47,43.0,6,9.78,10.26,37.0,3.0,11.65,12,8.78,5.29,77.0,3.0,4.0,27,-4.47,0.49,16.0,2.0,-1.21,26,7.71,1.54,80.0,3.0,7.86,1.62
10000,20,False,potje,10,2,5.04,3.51,90.0,6,,,,,,12,6.57,5.22,96.0,6.0,2.27,27,3.51,0.25,84.0,6.0,11.24,26,10.58,1.72,98.0,7.0,8.65,7.04
10000,20,False,potje,20,1,2.26,2.26,91.0,6,,,,,,12,,,,,,27,2.26,0.35,91.0,13.0,1.27,26,6.25,1.45,98.0,13.0,4.27,4.26
10000,20,False,potje_3m,5,3,8.48,4.14,72.0,6,9.78,10.39,39.0,3.0,11.65,12,11.51,5.19,98.0,4.0,8.43,27,4.14,0.22,78.0,3.0,10.99,26,14.24,1.17,98.0,4.0,9.43,9.19
10000,20,False,potje_3m,10,2,5.2,4.36,79.0,6,,,,,,12,6.04,5.25,67.0,5.0,0.18,27,4.36,0.36,91.0,7.0,6.0,26,9.05,1.23,94.0,7.0,7.08,6.71
10000,20,False,potje_3m,20,1,0.93,0.93,69.0,6,,,,,,12,,,,,,27,0.93,0.31,69.0,13.0,0.75,26,0.33,1.37,38.0,12.0,1.79,0.63
10000,20,False,gem_r,5,3,5.3,-0.78,49.0,6,9.78,10.18,43.0,3.0,11.65,12,6.9,5.07,64.0,2.0,-0.19,27,-0.78,0.56,40.0,2.0,-1.21,26,0.22,0.92,36.0,2.0,0.0,-0.28
10000,20,False,gem_r,10,2,3.98,3.13,57.0,6,,,,,,12,4.83,5.18,31.0,5.0,0.18,27,3.13,0.32,83.0,6.0,1.76,26,6.29,1.41,84.0,6.0,7.38,4.71
10000,20,False,gem_r,20,1,1.46,1.46,76.0,6,,,,,,12,,,,,,27,1.46,0.41,76.0,11.0,0.37,26,6.25,1.54,97.0,13.0,4.27,3.85
10000,20,False,t,5,3,6.52,-1.91,55.0,6,9.78,10.57,34.0,3.0,11.65,12,11.69,5.4,97.0,4.0,8.43,27,-1.91,0.03,33.0,3.0,1.01,26,17.32,1.72,99.0,5.0,15.87,7.7
10000,20,False,t,10,2,3.81,1.1,75.0,6,,,,,,12,6.52,5.16,92.0,6.0,2.27,27,1.1,0.39,57.0,7.0,1.27,26,10.26,1.24,98.0,8.0,8.02,5.68
10000,20,False,t,20,1,-1.06,-1.06,17.0,6,,,,,,12,,,,,,27,-1.06,0.36,17.0,11.0,0.37,26,6.16,1.17,97.0,13.0,4.27,2.55
10000,20,False,winstmnd_frac,5,3,3.69,-2.99,36.0,6,9.78,10.7,34.0,3.0,11.65,12,4.27,5.14,48.0,3.0,0.54,27,-2.99,0.19,26.0,3.0,1.01,26,9.9,1.41,87.0,4.0,9.43,3.46
10000,20,False,winstmnd_frac,10,2,2.23,-2.05,57.0,6,,,,,,12,6.51,5.2,90.0,6.0,2.27,27,-2.05,0.14,25.0,5.0,-0.7,26,4.77,1.68,66.0,7.0,7.38,1.36
10000,20,False,winstmnd_frac,20,1,-1.75,-1.75,6.0,6,,,,,,12,,,,,,27,-1.75,0.38,6.0,10.0,-0.46,26,1.99,1.25,72.0,12.0,4.27,0.12
10000,999,True,potje,5,2,9.51,7.45,89.0,4,,,,,,10,7.45,4.75,78.0,3.0,0.54,18,11.58,2.96,100.0,4.0,11.48,18,12.73,4.52,98.0,4.0,9.43,12.15
10000,999,True,potje,10,2,5.1,4.67,86.0,4,,,,,,10,4.67,4.67,78.0,4.0,-0.63,18,5.53,3.03,94.0,7.0,1.76,18,8.35,4.5,97.0,7.0,7.38,6.94
10000,999,True,potje,20,0,,,,4,,,,,,10,,,,,,18,,,,,,18,,,,,,
10000,999,True,potje_3m,5,2,8.12,6.74,88.0,4,,,,,,10,9.49,4.85,88.0,3.0,0.54,18,6.74,2.96,88.0,3.0,1.01,18,6.09,4.66,62.0,3.0,7.86,6.42
10000,999,True,potje_3m,10,2,5.4,4.67,50.0,4,,,,,,10,4.67,4.67,4.0,4.0,-0.63,18,6.12,2.95,97.0,8.0,2.02,18,5.78,4.38,72.0,6.0,6.6,5.95
10000,999,True,potje_3m,20,0,,,,4,,,,,,10,,,,,,18,,,,,,18,,,,,,
10000,999,True,gem_r,5,2,5.16,3.43,60.0,4,,,,,,10,6.9,4.86,66.0,2.0,-0.19,18,3.43,3.13,53.0,3.0,2.51,18,6.85,4.43,75.0,3.0,6.89,5.14
10000,999,True,gem_r,10,2,4.58,4.5,40.0,4,,,,,,10,4.67,4.67,3.0,4.0,-0.63,18,4.5,3.12,77.0,6.0,1.76,18,8.71,4.49,98.0,7.0,7.38,6.6
10000,999,True,gem_r,20,0,,,,4,,,,,,10,,,,,,18,,,,,,18,,,,,,
10000,999,True,t,5,2,7.27,4.76,78.0,4,,,,,,10,9.79,4.98,89.0,3.0,0.54,18,4.76,3.18,67.0,4.0,1.53,18,11.28,4.26,95.0,5.0,9.43,8.02
10000,999,True,t,10,2,2.72,0.77,7.0,4,,,,,,10,4.67,4.67,3.0,4.0,-0.63,18,0.77,2.79,11.0,6.0,0.65,18,8.13,4.39,95.0,7.0,8.02,4.45
10000,999,True,t,20,0,,,,4,,,,,,10,,,,,,18,,,,,,18,,,,,,
10000,999,True,winstmnd_frac,5,2,5.88,2.38,65.0,4,,,,,,10,9.38,4.9,84.0,3.0,0.54,18,2.38,2.88,46.0,3.0,1.01,18,9.9,4.17,92.0,4.0,9.43,6.14
10000,999,True,winstmnd_frac,10,2,2.66,0.66,6.0,4,,,,,,10,4.67,4.67,2.0,4.0,-0.63,18,0.66,3.01,9.0,6.0,0.37,18,8.13,4.39,97.0,7.0,8.02,4.39
10000,999,True,winstmnd_frac,20,0,,,,4,,,,,,10,,,,,,18,,,,,,18,,,,,,
10000,999,False,potje,5,3,4.7,-4.47,44.0,6,9.78,10.33,37.0,3.0,11.65,12,8.78,4.95,81.0,3.0,4.0,27,-4.47,0.66,14.0,2.0,-1.21,26,7.71,1.31,80.0,3.0,7.86,1.62
10000,999,False,potje,10,2,5.04,3.51,88.0,6,,,,,,12,6.57,5.2,95.0,6.0,2.27,27,3.51,0.5,81.0,6.0,11.24,26,10.58,1.48,97.0,7.0,8.65,7.04
10000,999,False,potje,20,1,2.26,2.26,90.0,6,,,,,,12,,,,,,27,2.26,0.46,90.0,13.0,1.27,26,6.25,1.32,98.0,13.0,4.27,4.26
10000,999,False,potje_3m,5,3,8.48,4.14,69.0,6,9.78,10.77,34.0,3.0,11.65,12,11.51,5.09,98.0,4.0,8.43,27,4.14,0.23,76.0,3.0,10.99,26,14.24,0.43,98.0,4.0,9.43,9.19
10000,999,False,potje_3m,10,2,5.2,4.36,78.0,6,,,,,,12,6.04,5.13,66.0,5.0,0.18,27,4.36,0.38,90.0,7.0,6.0,26,9.05,1.5,94.0,7.0,7.08,6.71
10000,999,False,potje_3m,20,1,0.93,0.93,65.0,6,,,,,,12,,,,,,27,0.93,0.39,65.0,13.0,0.75,26,0.33,1.66,29.0,12.0,1.79,0.63
10000,999,False,gem_r,5,3,5.3,-0.78,45.0,6,9.78,10.64,34.0,3.0,11.65,12,6.9,5.4,62.0,2.0,-0.19,27,-0.78,0.64,40.0,2.0,-1.21,26,0.22,1.8,31.0,2.0,0.0,-0.28
10000,999,False,gem_r,10,2,3.98,3.13,57.0,6,,,,,,12,4.83,5.19,30.0,5.0,0.18,27,3.13,0.13,84.0,6.0,1.76,26,6.29,1.49,81.0,6.0,7.38,4.71
10000,999,False,gem_r,20,1,1.46,1.46,78.0,6,,,,,,12,,,,,,27,1.46,0.42,78.0,11.0,0.37,26,6.25,1.41,97.0,13.0,4.27,3.85
10000,999,False,t,5,3,6.52,-1.91,55.0,6,9.78,10.52,37.0,3.0,11.65,12,11.69,5.07,98.0,4.0,8.43,27,-1.91,0.36,31.0,3.0,1.01,26,17.32,1.03,100.0,5.0,15.87,7.7
10000,999,False,t,10,2,3.81,1.1,76.0,6,,,,,,12,6.52,5.19,93.0,6.0,2.27,27,1.1,0.3,60.0,7.0,1.27,26,10.26,1.19,98.0,8.0,8.02,5.68
10000,999,False,t,20,1,-1.06,-1.06,15.0,6,,,,,,12,,,,,,27,-1.06,0.39,15.0,11.0,0.37,26,6.16,1.42,96.0,13.0,4.27,2.55
10000,999,False,winstmnd_frac,5,3,3.69,-2.99,39.0,6,9.78,10.26,42.0,3.0,11.65,12,4.27,5.01,49.0,3.0,0.54,27,-2.99,0.13,26.0,3.0,1.01,26,9.9,0.63,90.0,4.0,9.43,3.46
10000,999,False,winstmnd_frac,10,2,2.23,-2.05,57.0,6,,,,,,12,6.51,5.23,90.0,6.0,2.27,27,-2.05,0.15,25.0,5.0,-0.7,26,4.77,1.33,68.0,7.0,7.38,1.36
10000,999,False,winstmnd_frac,20,1,-1.75,-1.75,6.0,6,,,,,,12,,,,,,27,-1.75,0.34,6.0,10.0,-0.46,26,1.99,1.35,69.0,12.0,4.27,0.12
25000,5,True,potje,5,0,,,,0,,,,,,1,,,,,,2,,,,,,5,9.94,9.94,0.0,5.0,9.43,9.94
25000,5,True,potje,10,0,,,,0,,,,,,1,,,,,,2,,,,,,5,,,,,,
25000,5,True,potje,20,0,,,,0,,,,,,1,,,,,,2,,,,,,5,,,,,,
25000,5,True,potje_3m,5,0,,,,0,,,,,,1,,,,,,2,,,,,,5,9.94,9.94,0.0,5.0,9.43,9.94
25000,5,True,potje_3m,10,0,,,,0,,,,,,1,,,,,,2,,,,,,5,,,,,,
25000,5,True,potje_3m,20,0,,,,0,,,,,,1,,,,,,2,,,,,,5,,,,,,
25000,5,True,gem_r,5,0,,,,0,,,,,,1,,,,,,2,,,,,,5,9.94,9.94,0.0,5.0,9.43,9.94
25000,5,True,gem_r,10,0,,,,0,,,,,,1,,,,,,2,,,,,,5,,,,,,
25000,5,True,gem_r,20,0,,,,0,,,,,,1,,,,,,2,,,,,,5,,,,,,
25000,5,True,t,5,0,,,,0,,,,,,1,,,,,,2,,,,,,5,9.94,9.94,0.0,5.0,9.43,9.94
25000,5,True,t,10,0,,,,0,,,,,,1,,,,,,2,,,,,,5,,,,,,
25000,5,True,t,20,0,,,,0,,,,,,1,,,,,,2,,,,,,5,,,,,,
25000,5,True,winstmnd_frac,5,0,,,,0,,,,,,1,,,,,,2,,,,,,5,9.94,9.94,0.0,5.0,9.43,9.94
25000,5,True,winstmnd_frac,10,0,,,,0,,,,,,1,,,,,,2,,,,,,5,,,,,,
25000,5,True,winstmnd_frac,20,0,,,,0,,,,,,1,,,,,,2,,,,,,5,,,,,,
25000,5,False,potje,5,0,,,,1,,,,,,2,,,,,,4,,,,,,7,9.7,9.28,58.0,4.0,9.43,9.7
25000,5,False,potje,10,0,,,,1,,,,,,2,,,,,,4,,,,,,7,,,,,,
25000,5,False,potje,20,0,,,,1,,,,,,2,,,,,,4,,,,,,7,,,,,,
25000,5,False,potje_3m,5,0,,,,1,,,,,,2,,,,,,4,,,,,,7,6.3,9.17,0.0,4.0,7.86,6.3
25000,5,False,potje_3m,10,0,,,,1,,,,,,2,,,,,,4,,,,,,7,,,,,,
25000,5,False,potje_3m,20,0,,,,1,,,,,,2,,,,,,4,,,,,,7,,,,,,
25000,5,False,gem_r,5,0,,,,1,,,,,,2,,,,,,4,,,,,,7,7.62,9.16,4.0,4.0,7.86,7.62
25000,5,False,gem_r,10,0,,,,1,,,,,,2,,,,,,4,,,,,,7,,,,,,
25000,5,False,gem_r,20,0,,,,1,,,,,,2,,,,,,4,,,,,,7,,,,,,
25000,5,False,t,5,0,,,,1,,,,,,2,,,,,,4,,,,,,7,9.7,9.2,59.0,4.0,9.43,9.7
25000,5,False,t,10,0,,,,1,,,,,,2,,,,,,4,,,,,,7,,,,,,
25000,5,False,t,20,0,,,,1,,,,,,2,,,,,,4,,,,,,7,,,,,,
25000,5,False,winstmnd_frac,5,0,,,,1,,,,,,2,,,,,,4,,,,,,7,9.7,9.29,56.0,4.0,9.43,9.7
25000,5,False,winstmnd_frac,10,0,,,,1,,,,,,2,,,,,,4,,,,,,7,,,,,,
25000,5,False,winstmnd_frac,20,0,,,,1,,,,,,2,,,,,,4,,,,,,7,,,,,,
25000,10,True,potje,5,0,,,,0,,,,,,1,,,,,,3,,,,,,5,9.94,9.94,0.0,5.0,9.43,9.94
25000,10,True,potje,10,0,,,,0,,,,,,1,,,,,,3,,,,,,5,,,,,,
25000,10,True,potje,20,0,,,,0,,,,,,1,,,,,,3,,,,,,5,,,,,,
25000,10,True,potje_3m,5,0,,,,0,,,,,,1,,,,,,3,,,,,,5,9.94,9.94,0.0,5.0,9.43,9.94
25000,10,True,potje_3m,10,0,,,,0,,,,,,1,,,,,,3,,,,,,5,,,,,,
25000,10,True,potje_3m,20,0,,,,0,,,,,,1,,,,,,3,,,,,,5,,,,,,
25000,10,True,gem_r,5,0,,,,0,,,,,,1,,,,,,3,,,,,,5,9.94,9.94,0.0,5.0,9.43,9.94
25000,10,True,gem_r,10,0,,,,0,,,,,,1,,,,,,3,,,,,,5,,,,,,
25000,10,True,gem_r,20,0,,,,0,,,,,,1,,,,,,3,,,,,,5,,,,,,
25000,10,True,t,5,0,,,,0,,,,,,1,,,,,,3,,,,,,5,9.94,9.94,0.0,5.0,9.43,9.94
25000,10,True,t,10,0,,,,0,,,,,,1,,,,,,3,,,,,,5,,,,,,
25000,10,True,t,20,0,,,,0,,,,,,1,,,,,,3,,,,,,5,,,,,,
25000,10,True,winstmnd_frac,5,0,,,,0,,,,,,1,,,,,,3,,,,,,5,9.94,9.94,0.0,5.0,9.43,9.94
25000,10,True,winstmnd_frac,10,0,,,,0,,,,,,1,,,,,,3,,,,,,5,,,,,,
25000,10,True,winstmnd_frac,20,0,,,,0,,,,,,1,,,,,,3,,,,,,5,,,,,,
25000,10,False,potje,5,1,-0.53,-0.53,0.0,1,,,,,,2,,,,,,5,-0.53,-0.53,0.0,4.0,2.51,7,9.7,9.39,52.0,4.0,9.43,4.59
25000,10,False,potje,10,0,,,,1,,,,,,2,,,,,,5,,,,,,7,,,,,,
25000,10,False,potje,20,0,,,,1,,,,,,2,,,,,,5,,,,,,7,,,,,,
25000,10,False,potje_3m,5,1,-0.53,-0.53,0.0,1,,,,,,2,,,,,,5,-0.53,-0.53,0.0,4.0,2.51,7,6.3,9.14,0.0,4.0,7.86,2.89
25000,10,False,potje_3m,10,0,,,,1,,,,,,2,,,,,,5,,,,,,7,,,,,,
25000,10,False,potje_3m,20,0,,,,1,,,,,,2,,,,,,5,,,,,,7,,,,,,
25000,10,False,gem_r,5,1,-0.53,-0.53,0.0,1,,,,,,2,,,,,,5,-0.53,-0.53,0.0,4.0,2.51,7,7.62,9.17,5.0,4.0,7.86,3.54
25000,10,False,gem_r,10,0,,,,1,,,,,,2,,,,,,5,,,,,,7,,,,,,
25000,10,False,gem_r,20,0,,,,1,,,,,,2,,,,,,5,,,,,,7,,,,,,
25000,10,False,t,5,1,-0.53,-0.53,0.0,1,,,,,,2,,,,,,5,-0.53,-0.53,0.0,4.0,2.51,7,9.7,9.25,57.0,4.0,9.43,4.59
25000,10,False,t,10,0,,,,1,,,,,,2,,,,,,5,,,,,,7,,,,,,
25000,10,False,t,20,0,,,,1,,,,,,2,,,,,,5,,,,,,7,,,,,,
25000,10,False,winstmnd_frac,5,1,-0.53,-0.53,21.0,1,,,,,,2,,,,,,5,-0.53,-0.53,21.0,4.0,2.51,7,9.7,9.17,58.0,4.0,9.43,4.59
25000,10,False,winstmnd_frac,10,0,,,,1,,,,,,2,,,,,,5,,,,,,7,,,,,,
25000,10,False,winstmnd_frac,20,0,,,,1,,,,,,2,,,,,,5,,,,,,7,,,,,,
25000,20,True,potje,5,0,,,,0,,,,,,1,,,,,,3,,,,,,5,9.94,9.94,0.0,5.0,9.43,9.94
25000,20,True,potje,10,0,,,,0,,,,,,1,,,,,,3,,,,,,5,,,,,,
25000,20,True,potje,20,0,,,,0,,,,,,1,,,,,,3,,,,,,5,,,,,,
25000,20,True,potje_3m,5,0,,,,0,,,,,,1,,,,,,3,,,,,,5,9.94,9.94,0.0,5.0,9.43,9.94
25000,20,True,potje_3m,10,0,,,,0,,,,,,1,,,,,,3,,,,,,5,,,,,,
25000,20,True,potje_3m,20,0,,,,0,,,,,,1,,,,,,3,,,,,,5,,,,,,
25000,20,True,gem_r,5,0,,,,0,,,,,,1,,,,,,3,,,,,,5,9.94,9.94,0.0,5.0,9.43,9.94
25000,20,True,gem_r,10,0,,,,0,,,,,,1,,,,,,3,,,,,,5,,,,,,
25000,20,True,gem_r,20,0,,,,0,,,,,,1,,,,,,3,,,,,,5,,,,,,
25000,20,True,t,5,0,,,,0,,,,,,1,,,,,,3,,,,,,5,9.94,9.94,0.0,5.0,9.43,9.94
25000,20,True,t,10,0,,,,0,,,,,,1,,,,,,3,,,,,,5,,,,,,
25000,20,True,t,20,0,,,,0,,,,,,1,,,,,,3,,,,,,5,,,,,,
25000,20,True,winstmnd_frac,5,0,,,,0,,,,,,1,,,,,,3,,,,,,5,9.94,9.94,0.0,5.0,9.43,9.94
25000,20,True,winstmnd_frac,10,0,,,,0,,,,,,1,,,,,,3,,,,,,5,,,,,,
25000,20,True,winstmnd_frac,20,0,,,,0,,,,,,1,,,,,,3,,,,,,5,,,,,,
25000,20,False,potje,5,1,-0.53,-0.53,0.0,1,,,,,,2,,,,,,5,-0.53,-0.53,0.0,4.0,2.51,7,9.7,9.16,58.0,4.0,9.43,4.59
25000,20,False,potje,10,0,,,,1,,,,,,2,,,,,,5,,,,,,7,,,,,,
25000,20,False,potje,20,0,,,,1,,,,,,2,,,,,,5,,,,,,7,,,,,,
25000,20,False,potje_3m,5,1,-0.53,-0.53,0.0,1,,,,,,2,,,,,,5,-0.53,-0.53,0.0,4.0,2.51,7,6.3,9.16,0.0,4.0,7.86,2.89
25000,20,False,potje_3m,10,0,,,,1,,,,,,2,,,,,,5,,,,,,7,,,,,,
25000,20,False,potje_3m,20,0,,,,1,,,,,,2,,,,,,5,,,,,,7,,,,,,
25000,20,False,gem_r,5,1,-0.53,-0.53,0.0,1,,,,,,2,,,,,,5,-0.53,-0.53,0.0,4.0,2.51,7,7.62,9.18,5.0,4.0,7.86,3.54
25000,20,False,gem_r,10,0,,,,1,,,,,,2,,,,,,5,,,,,,7,,,,,,
25000,20,False,gem_r,20,0,,,,1,,,,,,2,,,,,,5,,,,,,7,,,,,,
25000,20,False,t,5,1,-0.53,-0.53,0.0,1,,,,,,2,,,,,,5,-0.53,-0.53,0.0,4.0,2.51,7,9.7,9.37,52.0,4.0,9.43,4.59
25000,20,False,t,10,0,,,,1,,,,,,2,,,,,,5,,,,,,7,,,,,,
25000,20,False,t,20,0,,,,1,,,,,,2,,,,,,5,,,,,,7,,,,,,
25000,20,False,winstmnd_frac,5,1,-0.53,-0.53,20.0,1,,,,,,2,,,,,,5,-0.53,-0.53,20.0,4.0,2.51,7,9.7,9.28,56.0,4.0,9.43,4.59
25000,20,False,winstmnd_frac,10,0,,,,1,,,,,,2,,,,,,5,,,,,,7,,,,,,
25000,20,False,winstmnd_frac,20,0,,,,1,,,,,,2,,,,,,5,,,,,,7,,,,,,
25000,999,True,potje,5,0,,,,0,,,,,,1,,,,,,3,,,,,,5,9.94,9.94,0.0,5.0,9.43,9.94
25000,999,True,potje,10,0,,,,0,,,,,,1,,,,,,3,,,,,,5,,,,,,
25000,999,True,potje,20,0,,,,0,,,,,,1,,,,,,3,,,,,,5,,,,,,
25000,999,True,potje_3m,5,0,,,,0,,,,,,1,,,,,,3,,,,,,5,9.94,9.94,0.0,5.0,9.43,9.94
25000,999,True,potje_3m,10,0,,,,0,,,,,,1,,,,,,3,,,,,,5,,,,,,
25000,999,True,potje_3m,20,0,,,,0,,,,,,1,,,,,,3,,,,,,5,,,,,,
25000,999,True,gem_r,5,0,,,,0,,,,,,1,,,,,,3,,,,,,5,9.94,9.94,0.0,5.0,9.43,9.94
25000,999,True,gem_r,10,0,,,,0,,,,,,1,,,,,,3,,,,,,5,,,,,,
25000,999,True,gem_r,20,0,,,,0,,,,,,1,,,,,,3,,,,,,5,,,,,,
25000,999,True,t,5,0,,,,0,,,,,,1,,,,,,3,,,,,,5,9.94,9.94,0.0,5.0,9.43,9.94
25000,999,True,t,10,0,,,,0,,,,,,1,,,,,,3,,,,,,5,,,,,,
25000,999,True,t,20,0,,,,0,,,,,,1,,,,,,3,,,,,,5,,,,,,
25000,999,True,winstmnd_frac,5,0,,,,0,,,,,,1,,,,,,3,,,,,,5,9.94,9.94,0.0,5.0,9.43,9.94
25000,999,True,winstmnd_frac,10,0,,,,0,,,,,,1,,,,,,3,,,,,,5,,,,,,
25000,999,True,winstmnd_frac,20,0,,,,0,,,,,,1,,,,,,3,,,,,,5,,,,,,
25000,999,False,potje,5,1,-0.53,-0.53,0.0,1,,,,,,2,,,,,,5,-0.53,-0.53,0.0,4.0,2.51,7,9.7,9.27,55.0,4.0,9.43,4.59
25000,999,False,potje,10,0,,,,1,,,,,,2,,,,,,5,,,,,,7,,,,,,
25000,999,False,potje,20,0,,,,1,,,,,,2,,,,,,5,,,,,,7,,,,,,
25000,999,False,potje_3m,5,1,-0.53,-0.53,0.0,1,,,,,,2,,,,,,5,-0.53,-0.53,0.0,4.0,2.51,7,6.3,9.16,0.0,4.0,7.86,2.89
25000,999,False,potje_3m,10,0,,,,1,,,,,,2,,,,,,5,,,,,,7,,,,,,
25000,999,False,potje_3m,20,0,,,,1,,,,,,2,,,,,,5,,,,,,7,,,,,,
25000,999,False,gem_r,5,1,-0.53,-0.53,0.0,1,,,,,,2,,,,,,5,-0.53,-0.53,0.0,4.0,2.51,7,7.62,9.28,4.0,4.0,7.86,3.54
25000,999,False,gem_r,10,0,,,,1,,,,,,2,,,,,,5,,,,,,7,,,,,,
25000,999,False,gem_r,20,0,,,,1,,,,,,2,,,,,,5,,,,,,7,,,,,,
25000,999,False,t,5,1,-0.53,-0.53,0.0,1,,,,,,2,,,,,,5,-0.53,-0.53,0.0,4.0,2.51,7,9.7,9.25,56.0,4.0,9.43,4.59
25000,999,False,t,10,0,,,,1,,,,,,2,,,,,,5,,,,,,7,,,,,,
25000,999,False,t,20,0,,,,1,,,,,,2,,,,,,5,,,,,,7,,,,,,
25000,999,False,winstmnd_frac,5,1,-0.53,-0.53,19.0,1,,,,,,2,,,,,,5,-0.53,-0.53,19.0,4.0,2.51,7,9.7,9.14,59.0,4.0,9.43,4.59
25000,999,False,winstmnd_frac,10,0,,,,1,,,,,,2,,,,,,5,,,,,,7,,,,,,
25000,999,False,winstmnd_frac,20,0,,,,1,,,,,,2,,,,,,5,,,,,,7,,,,,,
