selectie,variant,omschrijving,wallets,rendement,gem_dag,nw_t,zonder_2_beste_dagen,max_drawdown,pct_potjes_winst,btc,GO
kwintiel,H4,"H4: Kraken, 2x, stop -20%",8,0.0533,0.00033,0.63,6e-05,-0.0565,0.5,-0.0184,False
kwintiel,P,"P: Kraken, 2x, stop -35%",8,0.0408,0.00026,0.47,-1e-05,-0.069,0.5,-0.0184,False
kwintiel,K_stop_geen,"Kraken, 2x, geen stop",8,0.062,0.0004,0.6,4e-05,-0.0757,0.5,-0.0184,False
kwintiel,K_stop20,"Kraken, 2x, stop -20%",8,0.0533,0.00033,0.63,6e-05,-0.0565,0.5,-0.0184,False
kwintiel,K_stop50,"Kraken, 2x, stop -50%",8,0.0257,0.00018,0.3,-9e-05,-0.084,0.5,-0.0184,False
kwintiel,K_lev1,"Kraken, 1x, stop -35%",8,0.0626,0.00038,0.88,7e-05,-0.0415,0.5,-0.0184,False
kwintiel,K_lev5,"Kraken, 5x, stop -35% (niet toegestaan particulier)",8,0.0255,0.00018,0.31,-9e-05,-0.0742,0.5,-0.0184,False
kwintiel,B_bitvavo,"Bitvavo spot: alleen long, 1x, stop -35%",8,0.0044,3e-05,0.19,-7e-05,-0.023,0.375,-0.0184,False
kwintiel,H_ref,"Hyperliquid referentie: alle munten, geen plafond, geen stop",8,0.0718,0.00047,0.59,5e-05,-0.0848,0.625,-0.0184,False
top10,H4,"H4: Kraken, 2x, stop -20%",10,0.0404,0.00025,0.58,5e-05,-0.056,0.5,-0.0184,False
top10,P,"P: Kraken, 2x, stop -35%",10,0.0304,0.0002,0.43,-1e-05,-0.066,0.5,-0.0184,False
top10,K_stop_geen,"Kraken, 2x, geen stop",10,0.0474,0.0003,0.55,1e-05,-0.0727,0.5,-0.0184,False
top10,K_stop20,"Kraken, 2x, stop -20%",10,0.0404,0.00025,0.58,5e-05,-0.056,0.5,-0.0184,False
top10,K_stop50,"Kraken, 2x, stop -50%",10,0.0183,0.00013,0.27,-8e-05,-0.078,0.5,-0.0184,False
top10,K_lev1,"Kraken, 1x, stop -35%",10,0.0478,0.00029,0.76,3e-05,-0.0438,0.5,-0.0184,False
top10,K_lev5,"Kraken, 5x, stop -35% (niet toegestaan particulier)",10,0.0192,0.00013,0.29,-8e-05,-0.0677,0.5,-0.0184,False
top10,B_bitvavo,"Bitvavo spot: alleen long, 1x, stop -35%",10,-0.0129,-7e-05,-0.28,-0.00017,-0.0396,0.3,-0.0184,False
top10,H_ref,"Hyperliquid referentie: alle munten, geen plafond, geen stop",10,0.0673,0.00043,0.65,0.00011,-0.0764,0.6,-0.0184,False
top30,H4,"H4: Kraken, 2x, stop -20%",30,-0.0246,-0.00014,-0.6,-0.00027,-0.0595,0.367,-0.0184,False
top30,P,"P: Kraken, 2x, stop -35%",30,-0.021,-0.00012,-0.42,-0.00029,-0.0621,0.4,-0.0184,False
top30,K_stop_geen,"Kraken, 2x, geen stop",30,-0.0001,1e-05,0.04,-0.00025,-0.0626,0.433,-0.0184,False
top30,K_stop20,"Kraken, 2x, stop -20%",30,-0.0246,-0.00014,-0.6,-0.00027,-0.0595,0.367,-0.0184,False
top30,K_stop50,"Kraken, 2x, stop -50%",30,-0.0017,0.0,0.01,-0.00021,-0.0661,0.433,-0.0184,False
top30,K_lev1,"Kraken, 1x, stop -35%",30,-0.0022,-1e-05,-0.05,-0.00014,-0.0299,0.433,-0.0184,False
top30,K_lev5,"Kraken, 5x, stop -35% (niet toegestaan particulier)",30,-0.0396,-0.00022,-0.56,-0.00044,-0.0851,0.4,-0.0184,False
top30,B_bitvavo,"Bitvavo spot: alleen long, 1x, stop -35%",30,-0.0512,-0.00029,-0.73,-0.00045,-0.0749,0.333,-0.0184,False
top30,H_ref,"Hyperliquid referentie: alle munten, geen plafond, geen stop",30,-0.0607,-0.00033,-0.54,-0.00067,-0.1251,0.433,-0.0184,False
breed,H4,"H4: Kraken, 2x, stop -20%",37,-0.0372,-0.00022,-1.02,-0.00032,-0.0632,0.324,-0.0184,False
breed,P,"P: Kraken, 2x, stop -35%",37,-0.0401,-0.00023,-0.97,-0.00035,-0.072,0.351,-0.0184,False
breed,K_stop_geen,"Kraken, 2x, geen stop",37,-0.0217,-0.00012,-0.35,-0.00033,-0.0732,0.378,-0.0184,False
breed,K_stop20,"Kraken, 2x, stop -20%",37,-0.0372,-0.00022,-1.02,-0.00032,-0.0632,0.324,-0.0184,False
breed,K_stop50,"Kraken, 2x, stop -50%",37,-0.023,-0.00013,-0.41,-0.00031,-0.0771,0.378,-0.0184,False
breed,K_lev1,"Kraken, 1x, stop -35%",37,-0.0157,-9e-05,-0.54,-0.00019,-0.0417,0.378,-0.0184,False
breed,K_lev5,"Kraken, 5x, stop -35% (niet toegestaan particulier)",37,-0.0534,-0.00031,-0.93,-0.00049,-0.0866,0.351,-0.0184,False
breed,B_bitvavo,"Bitvavo spot: alleen long, 1x, stop -35%",37,-0.0581,-0.00033,-0.83,-0.00048,-0.0774,0.297,-0.0184,False
breed,H_ref,"Hyperliquid referentie: alle munten, geen plafond, geen stop",37,-0.0598,-0.00033,-0.62,-0.00063,-0.1198,0.405,-0.0184,False
geverifieerd,H4,"H4: Kraken, 2x, stop -20%",7,-0.0496,-0.00029,-1.56,-0.00037,-0.0671,0.286,-0.0184,False
geverifieerd,P,"P: Kraken, 2x, stop -35%",7,-0.0762,-0.00045,-1.58,-0.00066,-0.0912,0.286,-0.0184,False
geverifieerd,K_stop_geen,"Kraken, 2x, geen stop",7,-0.1316,-0.00081,-2.68,-0.00103,-0.1458,0.286,-0.0184,False
geverifieerd,K_stop20,"Kraken, 2x, stop -20%",7,-0.0496,-0.00029,-1.56,-0.00037,-0.0671,0.286,-0.0184,False
geverifieerd,K_stop50,"Kraken, 2x, stop -50%",7,-0.0968,-0.00059,-2.04,-0.00079,-0.1118,0.286,-0.0184,False
geverifieerd,K_lev1,"Kraken, 1x, stop -35%",7,-0.0422,-0.00025,-1.24,-0.00041,-0.059,0.286,-0.0184,False
geverifieerd,K_lev5,"Kraken, 5x, stop -35% (niet toegestaan particulier)",7,-0.0569,-0.00033,-1.02,-0.00057,-0.0905,0.286,-0.0184,False
geverifieerd,B_bitvavo,"Bitvavo spot: alleen long, 1x, stop -35%",7,-0.0827,-0.00049,-1.32,-0.00063,-0.1038,0.143,-0.0184,False
geverifieerd,H_ref,"Hyperliquid referentie: alle munten, geen plafond, geen stop",7,-0.0904,-0.00053,-1.1,-0.00085,-0.1439,0.571,-0.0184,False
controle_onderste_kwintiel,H4,"H4: Kraken, 2x, stop -20%",8,-0.0726,-0.00043,-1.22,-0.00063,-0.102,0.125,-0.0184,False
controle_onderste_kwintiel,P,"P: Kraken, 2x, stop -35%",8,-0.1334,-0.00082,-2.33,-0.00099,-0.1558,0.125,-0.0184,False
controle_onderste_kwintiel,K_stop_geen,"Kraken, 2x, geen stop",8,-0.1677,-0.00105,-2.52,-0.00123,-0.1885,0.125,-0.0184,False
controle_onderste_kwintiel,K_stop20,"Kraken, 2x, stop -20%",8,-0.0726,-0.00043,-1.22,-0.00063,-0.102,0.125,-0.0184,False
controle_onderste_kwintiel,K_stop50,"Kraken, 2x, stop -50%",8,-0.1457,-0.0009,-2.3,-0.00108,-0.168,0.125,-0.0184,False
controle_onderste_kwintiel,K_lev1,"Kraken, 1x, stop -35%",8,-0.0974,-0.00059,-2.46,-0.00068,-0.1108,0.125,-0.0184,False
controle_onderste_kwintiel,K_lev5,"Kraken, 5x, stop -35% (niet toegestaan particulier)",8,-0.1479,-0.0009,-1.64,-0.00119,-0.1905,0.125,-0.0184,False
controle_onderste_kwintiel,B_bitvavo,"Bitvavo spot: alleen long, 1x, stop -35%",8,-0.1105,-0.00066,-1.56,-0.00089,-0.1189,0.25,-0.0184,False
controle_onderste_kwintiel,H_ref,"Hyperliquid referentie: alle munten, geen plafond, geen stop",8,-0.2324,-0.00149,-2.19,-0.00187,-0.2507,0.125,-0.0184,False
