trader,coin,dir,open,sluit,kraken,eigen_max_eur,pnl_eur,r,eerste_eur,status
0x1071…2648,HYPE,1,1791152185353,,True,26.83,0.03224729381227309,0.0012898917524909238,0.0,open
0xcCF5…9D42,PUMP,-1,1791132385352,1791136406810.0,True,25.0,0.27317468481053797,0.010926987392421518,0.2731925386658724,dicht
0xcCF5…9D42,1000FLOKI,-1,1791150125620,1791151235126.0,True,25.0,0.08431501259571254,0.003372600503828502,0.08452638354830518,dicht
0xA95e…8585,XMR,1,1791181091763,,True,25.03,-0.024201430388340637,-0.0009680572155336255,0.0,open
0xFAE1…6dBB,PUMP,-1,1791132435534,1791136463885.0,True,25.01,0.2287105157604475,0.009148420630417901,0.22813780813781223,dicht
0x5Ed2…d7cF,LIT,1,1791133466688,1791136817268.0,False,21.6,0.015972453025159636,0.0006388981210063854,0.018646733542667725,dicht
0x5Ed2…d7cF,LIT,1,1791136824242,1791139459593.0,False,21.6,0.17497033269861412,0.006998813307944564,0.20299014723790484,dicht
0x5Ed2…d7cF,LIT,1,1791142718638,1791143421697.0,False,21.6,0.07733699920737751,0.0030934799682951005,0.08979212494501183,dicht
0x5Ed2…d7cF,LIT,1,1791147674316,1791148875362.0,False,21.6,-0.06083282786399824,-0.0024333131145599296,-0.070404123485227,dicht
0x5Ed2…d7cF,LIT,1,1791148881576,1791150709751.0,False,21.6,-0.09808767652167866,-0.003923507060867146,-0.11359754257974411,dicht
0x5Ed2…d7cF,LIT,1,1791150715410,1791151203826.0,False,21.6,-0.0993129196714709,-0.0039725167868588365,-0.11502169971982826,dicht
0x5Ed2…d7cF,LIT,1,1791151211887,1791151752652.0,False,21.6,0.028129110041958602,0.0011251644016783441,0.032742671726340225,dicht
0x5Ed2…d7cF,LIT,1,1791151836542,1791152542300.0,False,21.6,-0.05657485920775397,-0.002262994368310159,-0.06546394708702767,dicht
0x5Ed2…d7cF,LIT,1,1791152547234,1791159043096.0,False,21.59,-0.08411671586299946,-0.003364668634519978,-0.043620556692289744,dicht
0x5Ed2…d7cF,LIT,1,1791159048289,1791159831598.0,False,21.59,-0.05554518660097698,-0.002221807464039079,-0.06428188726696253,dicht
0x5Ed2…d7cF,LIT,1,1791159837161,1791160166872.0,False,21.6,-0.09856533850337695,-0.003942613540135078,-0.11414647471794706,dicht
0x5Ed2…d7cF,LIT,1,1791160172221,1791163685457.0,False,21.59,0.09837463185972603,0.003934985274389041,0.11420131291028598,dicht
0x5Ed2…d7cF,LIT,1,1791164668851,1791166805396.0,False,21.6,-0.052673720474720256,-0.0021069488189888103,-0.06094546014545947,dicht
0x5Ed2…d7cF,LIT,1,1791166811097,1791167615149.0,False,21.59,-0.0972443084853941,-0.0038897723394157643,-0.11265394976733892,dicht
0x5Ed2…d7cF,LIT,1,1791167620549,1791168789583.0,False,21.59,-0.03796444578906376,-0.0015185778315625503,-0.043893506281170655,dicht
0x5Ed2…d7cF,LIT,1,1791168795304,1791175550856.0,False,47.09,-0.07280051873296858,-0.0029120207493187433,-0.09700587723117153,dicht
0x5Ed2…d7cF,LIT,1,1791175764505,1791177919020.0,False,21.6,-0.014008755617748968,-0.0005603502247099587,-0.01611352762070133,dicht
0x4F47…E6C8,HYPE,1,1791153075337,1791159434012.0,True,23.3,-0.025984043949417487,-0.0010393617579766996,-0.04869077451852048,dicht
0x4F47…E6C8,HYPE,1,1791163997551,1791164759510.0,True,15.41,-0.019279257597710264,-0.0007711703039084105,-0.03120281979331112,dicht
0x4F47…E6C8,HYPE,1,1791170468386,1791171468766.0,True,23.32,-0.02490064672092978,-0.0009960258688371912,-0.04560325703476857,dicht
0x4F47…E6C8,HYPE,1,1791179001594,1791179358629.0,True,15.31,-0.018300940828237695,-0.0007320376331295079,-0.029809625981972388,dicht
0x18Ac…6E35,AI,1,1791139602366,1791139664098.0,False,75.0,-0.5113277542921271,-0.020453110171685083,-0.17058752480373132,dicht
0x18Ac…6E35,AI,1,1791139763625,1791139790278.0,False,5.97,-0.008856864308516099,-0.00035427457234064397,-0.036970740103268104,dicht
0x18Ac…6E35,AI,1,1791139816175,1791139902425.0,False,14.96,-0.15014201345088832,-0.006005680538035533,-0.25551369863013645,dicht
0xE2C8…D708,2049,1,1791179411564,,False,1.56,-0.002497209649468546,-9.988838597874184e-05,0.0,open
0x8917…4a67,AI,-1,1791169146077,1791169188283.0,False,11.01,-0.06212620488418144,-0.0024850481953672576,-0.14102401009741575,dicht
0x8917…4a67,AI,1,1791178981501,,False,17.38,0.13085037684022904,0.005234015073609162,0.0,open
0x1c20…b3a5,ZEC,1,1791124350792,,True,60.21,-0.1722828490643638,-0.006891313962574553,0.0,open
0x80B8…6965,PUMP,-1,1791134338348,1791177384814.0,True,40.36,0.7360329111903572,0.029441316447614288,0.45504491044776,dicht
