plek,kort,maand,trades,winst_pct,bot_pct,hun_pct
1,0x0daa…9b23,2026-05,12.0,42.0,0.9,4.7
1,0x0daa…9b23,2026-06,71.0,23.0,174.9,203.8
1,0x0daa…9b23,2026-07,35.0,29.0,-430.6,-499.9
2,0xad82…533d,2025-07,4.0,25.0,-0.3,1.0
2,0xad82…533d,2025-08,17.0,29.0,8.6,2.4
2,0xad82…533d,2025-09,14.0,36.0,4.7,14.7
2,0xad82…533d,2025-10,1.0,0.0,-0.1,0.2
2,0xad82…533d,2025-11,26.0,38.0,8.4,12.7
2,0xad82…533d,2025-12,12.0,25.0,-18.4,-15.0
2,0xad82…533d,2026-01,2.0,0.0,-1.6,-1.0
2,0xad82…533d,2026-03,5.0,0.0,-13.3,-11.7
2,0xad82…533d,2026-04,15.0,33.0,11.0,15.2
2,0xad82…533d,2026-05,5.0,40.0,-2.9,-1.3
3,0x4250…12a8,2025-07,4.0,100.0,2.1,1.7
3,0x4250…12a8,2025-08,7.0,29.0,-3.8,-3.1
3,0x4250…12a8,2025-09,9.0,67.0,14.8,15.6
3,0x4250…12a8,2025-10,16.0,50.0,10.7,7.7
3,0x4250…12a8,2025-11,11.0,18.0,-11.7,-11.8
3,0x4250…12a8,2025-12,3.0,67.0,-3.7,-3.1
3,0x4250…12a8,2026-01,3.0,33.0,-2.1,-2.6
3,0x4250…12a8,2026-02,10.0,30.0,-5.3,-4.4
3,0x4250…12a8,2026-03,15.0,53.0,-1.0,0.3
3,0x4250…12a8,2026-04,6.0,33.0,-4.3,-3.1
3,0x4250…12a8,2026-05,9.0,44.0,-2.3,-1.6
3,0x4250…12a8,2026-06,24.0,50.0,44.8,45.3
3,0x4250…12a8,2026-07,21.0,62.0,-34.3,-30.6
3,0x4250…12a8,2026-08,9.0,33.0,3.0,3.6
4,0x0c91…198d,2025-11,37.0,49.0,1.6,13.5
4,0x0c91…198d,2026-02,55.0,35.0,-26.7,-9.8
4,0x0c91…198d,2026-03,9.0,11.0,-7.1,-5.2
4,0x0c91…198d,2026-04,5.0,80.0,3.7,5.3
4,0x0c91…198d,2026-05,23.0,61.0,79.6,85.3
4,0x0c91…198d,2026-06,1.0,0.0,-1.6,-1.2
4,0x0c91…198d,2026-08,2.0,0.0,-5.4,-4.8
5,0x53bb…efb3,2025-08,41.0,29.0,-0.7,14.8
5,0x53bb…efb3,2025-09,27.0,19.0,-27.1,-12.6
5,0x53bb…efb3,2025-10,4.0,100.0,25.0,8.9
5,0x53bb…efb3,2025-11,61.0,36.0,17.7,6.4
5,0x53bb…efb3,2025-12,55.0,38.0,23.1,32.0
5,0x53bb…efb3,2026-01,25.0,40.0,-1.6,1.2
5,0x53bb…efb3,2026-03,4.0,25.0,-8.4,-13.7
5,0x53bb…efb3,2026-04,3.0,67.0,6.3,-10.8
5,0x53bb…efb3,2026-05,11.0,55.0,20.5,21.7
5,0x53bb…efb3,2026-06,34.0,53.0,-64.3,-52.6
5,0x53bb…efb3,2026-07,28.0,50.0,11.4,4.5
5,0x53bb…efb3,2026-08,7.0,43.0,-10.3,-5.7
6,0x7d93…620b,2025-10,1.0,100.0,2.6,2.8
6,0x7d93…620b,2025-12,10.0,60.0,8.6,9.0
6,0x7d93…620b,2026-01,65.0,54.0,2.7,14.2
6,0x7d93…620b,2026-02,54.0,56.0,10.0,17.6
6,0x7d93…620b,2026-03,48.0,50.0,-6.7,2.4
6,0x7d93…620b,2026-04,24.0,46.0,-3.4,6.6
6,0x7d93…620b,2026-05,27.0,56.0,-27.0,-27.4
6,0x7d93…620b,2026-06,68.0,62.0,1.2,15.6
6,0x7d93…620b,2026-07,26.0,46.0,3.4,8.1
6,0x7d93…620b,2026-08,10.0,50.0,-0.9,0.8
7,0x84bb…00bb,2025-07,1.0,0.0,-0.4,-0.2
7,0x84bb…00bb,2025-08,8.0,12.0,-17.5,-21.6
7,0x84bb…00bb,2025-10,11.0,64.0,8.0,8.7
7,0x84bb…00bb,2025-11,5.0,20.0,-6.4,-7.4
7,0x84bb…00bb,2025-12,2.0,50.0,2.5,3.1
7,0x84bb…00bb,2026-01,9.0,56.0,-0.2,0.1
7,0x84bb…00bb,2026-02,5.0,40.0,-10.7,-12.3
7,0x84bb…00bb,2026-05,9.0,44.0,1.3,-2.3
7,0x84bb…00bb,2026-06,6.0,50.0,-11.1,-11.9
7,0x84bb…00bb,2026-08,2.0,100.0,1.4,0.6
8,0xa4a8…57a3,2025-07,1.0,100.0,0.2,0.2
8,0xa4a8…57a3,2025-08,25.0,36.0,-10.7,-8.6
8,0xa4a8…57a3,2025-09,6.0,33.0,-1.6,-1.2
8,0xa4a8…57a3,2025-10,10.0,50.0,-2.3,-1.5
8,0xa4a8…57a3,2025-11,2.0,50.0,-3.8,-2.1
8,0xa4a8…57a3,2025-12,3.0,33.0,-3.8,-3.5
8,0xa4a8…57a3,2026-01,6.0,67.0,-3.2,-3.5
8,0xa4a8…57a3,2026-02,8.0,62.0,-0.9,-1.6
8,0xa4a8…57a3,2026-03,8.0,38.0,-4.3,-3.9
8,0xa4a8…57a3,2026-04,11.0,36.0,-3.4,-0.8
8,0xa4a8…57a3,2026-05,8.0,62.0,5.0,5.7
8,0xa4a8…57a3,2026-06,14.0,71.0,66.9,67.0
8,0xa4a8…57a3,2026-07,7.0,43.0,-3.6,0.9
8,0xa4a8…57a3,2026-08,5.0,60.0,0.0,-1.4
9,0x0d4a…5efd,2026-05,38.0,55.0,18.0,11.1
9,0x0d4a…5efd,2026-06,1.0,0.0,-1.2,-1.1
9,0x0d4a…5efd,2026-07,11.0,45.0,-3.9,-7.8
10,0x9824…be68,2025-09,4.0,75.0,4.2,4.6
10,0x9824…be68,2025-10,9.0,33.0,-0.2,0.5
10,0x9824…be68,2025-11,101.0,48.0,-20.0,4.4
10,0x9824…be68,2025-12,71.0,32.0,-21.8,2.7
10,0x9824…be68,2026-01,23.0,48.0,-5.8,4.0
10,0x9824…be68,2026-02,16.0,56.0,-11.4,4.3
10,0x9824…be68,2026-03,25.0,68.0,1.9,13.0
10,0x9824…be68,2026-04,20.0,85.0,2.6,9.1
10,0x9824…be68,2026-05,51.0,61.0,-2.2,14.5
10,0x9824…be68,2026-06,42.0,31.0,-15.0,-1.7
10,0x9824…be68,2026-07,31.0,55.0,3.2,21.1
10,0x9824…be68,2026-08,9.0,44.0,-4.0,2.0
11,0x5e70…9d84,2026-01,4.0,25.0,-0.7,-0.4
11,0x5e70…9d84,2026-02,43.0,37.0,0.0,5.0
11,0x5e70…9d84,2026-03,45.0,29.0,-0.4,0.2
11,0x5e70…9d84,2026-04,23.0,17.0,-5.0,-3.8
11,0x5e70…9d84,2026-05,38.0,29.0,-0.4,-3.7
11,0x5e70…9d84,2026-06,28.0,11.0,-7.0,-4.4
11,0x5e70…9d84,2026-07,28.0,32.0,-2.4,-0.9
11,0x5e70…9d84,2026-08,1.0,0.0,-0.1,0.0
12,0x5a75…8258,2025-10,9.0,44.0,-2.6,2.0
12,0x5a75…8258,2025-11,17.0,71.0,7.1,10.5
12,0x5a75…8258,2025-12,5.0,60.0,1.4,2.8
12,0x5a75…8258,2026-01,8.0,75.0,1.3,2.0
12,0x5a75…8258,2026-02,84.0,57.0,2.3,24.9
12,0x5a75…8258,2026-03,108.0,55.0,-10.5,13.5
12,0x5a75…8258,2026-04,81.0,59.0,26.9,41.7
12,0x5a75…8258,2026-05,26.0,62.0,6.1,15.8
12,0x5a75…8258,2026-06,70.0,56.0,-36.3,-13.8
12,0x5a75…8258,2026-07,43.0,49.0,-53.9,-37.2
12,0x5a75…8258,2026-08,22.0,55.0,-9.8,21.8
13,0xbaa9…d8b6,2025-08,13.0,69.0,-67.5,-59.3
13,0xbaa9…d8b6,2026-02,30.0,70.0,-0.1,23.2
13,0xbaa9…d8b6,2026-03,37.0,76.0,-5.7,29.2
13,0xbaa9…d8b6,2026-04,27.0,70.0,2.5,14.6
13,0xbaa9…d8b6,2026-05,45.0,80.0,-7.8,41.3
13,0xbaa9…d8b6,2026-06,9.0,89.0,28.0,45.2
13,0xbaa9…d8b6,2026-07,3.0,100.0,1.7,4.1
13,0xbaa9…d8b6,2026-08,9.0,78.0,1.4,4.7
14,0x3261…2522,2026-01,23.0,39.0,-2.0,7.3
14,0x3261…2522,2026-02,35.0,40.0,-37.8,-26.5
14,0x3261…2522,2026-04,36.0,25.0,-25.8,-14.9
14,0x3261…2522,2026-05,31.0,48.0,0.5,-2.3
14,0x3261…2522,2026-06,88.0,38.0,-37.8,-26.7
14,0x3261…2522,2026-07,22.0,64.0,3.4,3.5
14,0x3261…2522,2026-08,14.0,43.0,-3.8,2.3
15,0xe916…e550,2026-02,19.0,37.0,-7.2,1.8
15,0xe916…e550,2026-03,115.0,32.0,-17.9,18.1
15,0xe916…e550,2026-04,41.0,44.0,-2.0,14.5
15,0xe916…e550,2026-05,15.0,47.0,-37.7,-32.6
15,0xe916…e550,2026-06,6.0,83.0,1.7,5.3
15,0xe916…e550,2026-07,9.0,44.0,-6.5,-5.1
15,0xe916…e550,2026-08,1.0,0.0,-2.7,-2.4
16,0x48bb…8c9d,2025-08,51.0,67.0,-2.7,13.0
16,0x48bb…8c9d,2025-09,24.0,50.0,-37.3,-31.2
16,0x48bb…8c9d,2025-10,11.0,82.0,9.5,10.9
16,0x48bb…8c9d,2025-11,28.0,39.0,-5.9,1.7
16,0x48bb…8c9d,2025-12,48.0,12.0,-3.4,2.3
16,0x48bb…8c9d,2026-01,1.0,100.0,0.9,1.1
16,0x48bb…8c9d,2026-02,6.0,17.0,-1.4,-0.3
16,0x48bb…8c9d,2026-03,6.0,83.0,7.4,8.7
16,0x48bb…8c9d,2026-04,4.0,25.0,-2.8,2.3
16,0x48bb…8c9d,2026-05,8.0,75.0,-43.8,-41.7
16,0x48bb…8c9d,2026-06,19.0,68.0,7.7,14.9
16,0x48bb…8c9d,2026-07,43.0,35.0,145.0,153.5
16,0x48bb…8c9d,2026-08,1.0,0.0,-8.8,-8.3
17,0x9c90…a2ee,2025-08,2.0,0.0,-3.3,-2.7
17,0x9c90…a2ee,2025-11,30.0,63.0,12.3,21.3
17,0x9c90…a2ee,2025-12,24.0,62.0,1.0,8.4
17,0x9c90…a2ee,2026-01,21.0,62.0,-24.0,-17.9
17,0x9c90…a2ee,2026-02,6.0,50.0,-21.9,-20.0
17,0x9c90…a2ee,2026-03,6.0,33.0,-7.2,-5.4
17,0x9c90…a2ee,2026-04,16.0,44.0,5.3,6.9
17,0x9c90…a2ee,2026-05,38.0,53.0,34.2,35.9
17,0x9c90…a2ee,2026-06,32.0,47.0,20.7,26.5
17,0x9c90…a2ee,2026-07,27.0,52.0,0.1,8.0
17,0x9c90…a2ee,2026-08,25.0,64.0,8.8,12.7
18,0x599d…2d09,2026-04,3.0,0.0,-2.5,-1.5
18,0x599d…2d09,2026-05,58.0,55.0,18.8,32.2
18,0x599d…2d09,2026-06,114.0,53.0,-0.2,42.4
18,0x599d…2d09,2026-07,12.0,42.0,-7.5,0.4
18,0x599d…2d09,2026-08,3.0,33.0,22.3,23.8
19,0x4341…12d8,2025-07,35.0,20.0,-25.4,-23.3
19,0x4341…12d8,2025-08,50.0,28.0,-16.4,-13.0
19,0x4341…12d8,2025-09,4.0,25.0,-1.9,-1.5
19,0x4341…12d8,2025-10,4.0,50.0,-4.3,-9.6
19,0x4341…12d8,2025-11,6.0,17.0,-7.6,-6.9
19,0x4341…12d8,2025-12,5.0,20.0,-7.7,-7.2
19,0x4341…12d8,2026-01,1.0,0.0,-0.2,-0.0
19,0x4341…12d8,2026-03,8.0,62.0,5.1,-0.2
19,0x4341…12d8,2026-05,4.0,25.0,5.4,-1.1
19,0x4341…12d8,2026-06,4.0,25.0,-5.0,-5.0
19,0x4341…12d8,2026-07,18.0,28.0,-134.1,-132.1
19,0x4341…12d8,2026-08,2.0,50.0,3.3,1.4
20,0x1165…1356,2025-08,4.0,50.0,-0.9,0.9
20,0x1165…1356,2025-09,3.0,33.0,-0.5,0.4
20,0x1165…1356,2025-10,8.0,25.0,-2.9,2.9
20,0x1165…1356,2025-11,30.0,40.0,-4.5,4.7
20,0x1165…1356,2025-12,5.0,0.0,-1.2,0.4
20,0x1165…1356,2026-01,7.0,43.0,0.5,1.8
20,0x1165…1356,2026-02,1.0,0.0,-0.2,0.1
20,0x1165…1356,2026-03,3.0,33.0,-0.4,1.0
20,0x1165…1356,2026-04,3.0,33.0,0.0,1.3
20,0x1165…1356,2026-05,2.0,50.0,-0.2,0.2
20,0x1165…1356,2026-06,4.0,50.0,0.5,1.4
20,0x1165…1356,2026-07,3.0,33.0,0.0,1.0
21,0xe86d…6273,2026-01,1.0,100.0,0.3,-0.3
21,0xe86d…6273,2026-02,1.0,100.0,4.0,4.5
21,0xe86d…6273,2026-05,3.0,67.0,8.3,4.2
21,0xe86d…6273,2026-06,1.0,0.0,-2.5,-2.4
21,0xe86d…6273,2026-07,1.0,0.0,-0.0,0.1
22,0x8726…3af9,2025-07,2.0,50.0,0.9,1.1
22,0x8726…3af9,2025-08,35.0,29.0,3.8,5.7
22,0x8726…3af9,2025-09,9.0,56.0,10.8,12.5
22,0x8726…3af9,2025-10,10.0,60.0,2.9,4.0
22,0x8726…3af9,2025-11,27.0,15.0,-9.3,-6.1
22,0x8726…3af9,2025-12,14.0,21.0,-9.2,-7.5
22,0x8726…3af9,2026-01,5.0,0.0,-0.6,-0.1
22,0x8726…3af9,2026-02,7.0,71.0,6.4,7.1
22,0x8726…3af9,2026-03,41.0,15.0,-6.7,-1.4
22,0x8726…3af9,2026-04,26.0,35.0,1.8,5.9
22,0x8726…3af9,2026-05,81.0,32.0,-28.6,-20.4
22,0x8726…3af9,2026-06,22.0,41.0,1.0,3.3
22,0x8726…3af9,2026-07,14.0,36.0,-2.2,-0.5
22,0x8726…3af9,2026-08,13.0,23.0,-0.0,1.6
23,0x53a5…3e9e,2025-10,13.0,54.0,23.3,25.4
23,0x53a5…3e9e,2025-12,3.0,67.0,9.9,10.4
23,0x53a5…3e9e,2026-01,2.0,50.0,1.9,2.0
23,0x53a5…3e9e,2026-03,19.0,58.0,-3.3,-0.6
23,0x53a5…3e9e,2026-04,30.0,63.0,14.1,17.1
23,0x53a5…3e9e,2026-05,31.0,29.0,-14.9,-13.6
23,0x53a5…3e9e,2026-06,14.0,43.0,-1.1,-1.7
23,0x53a5…3e9e,2026-07,21.0,43.0,5.8,8.4
23,0x53a5…3e9e,2026-08,11.0,45.0,7.8,10.2
24,0xe6c0…1a10,2026-04,16.0,25.0,-3.6,-0.6
24,0xe6c0…1a10,2026-05,56.0,36.0,11.2,11.0
24,0xe6c0…1a10,2026-06,225.0,29.0,-31.1,-19.5
24,0xe6c0…1a10,2026-07,35.0,51.0,6.7,8.8
24,0xe6c0…1a10,2026-08,8.0,38.0,-0.4,0.5
25,0x0c23…f0d1,2026-05,6.0,17.0,-5.3,-4.5
25,0x0c23…f0d1,2026-06,24.0,17.0,-4.9,-2.3
25,0x0c23…f0d1,2026-07,12.0,25.0,-3.6,-1.7
25,0x0c23…f0d1,2026-08,14.0,21.0,-5.1,-3.6
27,0x635b…2188,2025-11,4.0,25.0,-0.4,0.3
27,0x635b…2188,2025-12,29.0,41.0,-3.1,-0.4
27,0x635b…2188,2026-01,21.0,24.0,-2.9,1.6
27,0x635b…2188,2026-02,31.0,29.0,-14.2,-7.9
27,0x635b…2188,2026-03,1.0,0.0,-3.7,-3.5
27,0x635b…2188,2026-05,20.0,40.0,-4.6,-1.3
27,0x635b…2188,2026-06,37.0,30.0,3.6,-11.2
27,0x635b…2188,2026-07,10.0,20.0,12.5,4.2
27,0x635b…2188,2026-08,3.0,67.0,7.2,2.1
28,0x9611…a105,2025-10,49.0,31.0,-3.8,9.7
28,0x9611…a105,2025-11,42.0,26.0,-35.0,-24.4
28,0x9611…a105,2025-12,51.0,20.0,-22.6,-8.8
28,0x9611…a105,2026-01,12.0,17.0,-11.6,-8.0
28,0x9611…a105,2026-04,10.0,20.0,-65.2,-62.0
28,0x9611…a105,2026-05,43.0,23.0,-45.9,-24.8
28,0x9611…a105,2026-06,73.0,12.0,-42.6,-17.6
28,0x9611…a105,2026-07,10.0,30.0,-8.7,-5.9
28,0x9611…a105,2026-08,10.0,30.0,-8.1,-6.2
29,0x9a13…d0f9,2025-08,25.0,32.0,-9.6,-9.3
29,0x9a13…d0f9,2025-09,6.0,33.0,-3.9,-3.1
29,0x9a13…d0f9,2025-11,14.0,50.0,-2.3,-3.8
29,0x9a13…d0f9,2025-12,34.0,29.0,-4.4,-1.5
29,0x9a13…d0f9,2026-03,2.0,0.0,-2.1,-1.8
29,0x9a13…d0f9,2026-04,4.0,0.0,-1.3,-0.9
29,0x9a13…d0f9,2026-06,24.0,50.0,11.3,7.7
29,0x9a13…d0f9,2026-07,11.0,45.0,-1.9,-2.8
29,0x9a13…d0f9,2026-08,9.0,11.0,-4.3,-5.0
30,0xccaa…fb25,2025-07,1.0,0.0,-0.1,-0.1
30,0xccaa…fb25,2025-08,11.0,55.0,1.8,2.5
30,0xccaa…fb25,2025-09,52.0,29.0,-4.2,0.2
30,0xccaa…fb25,2025-10,24.0,38.0,-0.6,0.9
