plek,kort,recent_trades,recent_bot_per_maand_pct,recent_hand_1u_per_maand_pct,K,fills_dataset,eerste_trade,laatste_trade,trades,maanden,winstmaanden,winst_pct_trades,gem_r_pct,gem_per_maand_pct,mediaan_per_maand_pct,slechtste_maand_pct,totaal_pct,grootste_daling_pct,houdtijd_uur
1,0x0daa…9b23,42,236.15,-5.6,1,2145,2026-05-14,2026-07-22,118.0,3.0,2.0,26.3,-2.16,-84.9,0.9,-430.6,-254.8,-129.3,0.8
2,0xad82…533d,32,90.3,94.38,1,2220,2025-07-30,2026-05-17,101.0,10.0,4.0,30.7,-0.04,-0.4,-0.2,-18.4,-3.8,-46.5,2.3
3,0x4250…12a8,88,66.93,28.58,4,3074,2025-07-28,2026-08-18,147.0,14.0,5.0,47.6,0.18,0.5,-2.2,-34.3,6.8,-50.4,16.3
4,0x0c91…198d,33,53.25,32.31,1,794,2025-11-05,2026-08-18,132.0,7.0,3.0,42.4,0.33,6.3,-1.6,-26.7,44.1,-44.2,1.1
5,0x53bb…efb3,46,49.94,64.77,1,11716,2025-08-05,2026-08-18,300.0,12.0,6.0,39.3,-0.03,-0.7,2.8,-64.3,-8.5,-47.9,1.2
6,0x7d93…620b,79,46.66,50.89,2,5863,2025-10-23,2026-08-18,333.0,10.0,6.0,54.4,-0.06,-1.0,1.9,-27.0,-9.6,-49.9,1.3
7,0x84bb…00bb,43,45.97,49.54,2,3990,2025-07-29,2026-08-11,58.0,10.0,4.0,44.8,-1.14,-3.3,-0.3,-17.5,-33.1,-41.0,17.6
8,0xa4a8…57a3,67,42.12,33.18,4,1648,2025-07-30,2026-08-17,114.0,14.0,3.0,49.1,1.21,2.5,-2.8,-10.7,34.6,-54.0,22.7
9,0x0d4a…5efd,78,40.87,32.53,3,1994,2026-05-08,2026-07-31,50.0,3.0,1.0,52.0,0.78,4.3,-1.2,-3.9,13.0,-11.1,16.9
10,0x9824…be68,73,36.94,45.03,4,18110,2025-09-22,2026-08-18,402.0,12.0,4.0,48.8,-0.68,-5.7,-3.1,-21.8,-68.5,-71.9,2.6
11,0x5e70…9d84,64,35.44,38.8,3,4706,2026-01-29,2026-08-17,210.0,8.0,0.0,27.1,-0.23,-2.0,-0.6,-7.0,-16.0,-18.2,1.6
12,0x5a75…8258,48,34.68,36.52,4,9499,2025-10-10,2026-08-18,473.0,11.0,6.0,56.7,-0.58,-6.2,1.3,-53.9,-68.1,-84.3,10.7
13,0xbaa9…d8b6,35,33.33,24.6,1,2330,2025-08-10,2026-08-17,173.0,8.0,4.0,75.7,-0.27,-5.9,0.6,-67.5,-47.5,-79.5,4.5
14,0x3261…2522,46,32.98,21.03,1,2665,2026-01-08,2026-08-16,249.0,7.0,2.0,40.2,-0.42,-14.8,-3.8,-37.8,-103.4,-104.2,2.9
15,0xe916…e550,48,32.32,33.25,1,2832,2026-02-23,2026-08-02,206.0,7.0,1.0,37.9,-0.35,-10.3,-6.5,-37.7,-72.2,-77.4,2.9
16,0x48bb…8c9d,77,31.27,9.7,2,6316,2025-08-05,2026-08-13,250.0,13.0,5.0,45.6,0.51,5.0,-2.7,-43.8,64.4,-87.0,1.3
17,0x9c90…a2ee,76,29.95,12.93,1,6029,2025-08-18,2026-08-18,227.0,11.0,7.0,54.6,0.11,2.4,1.0,-24.0,26.1,-50.4,1.8
18,0x599d…2d09,55,29.31,31.68,4,7403,2026-04-19,2026-08-16,190.0,5.0,2.0,51.6,0.65,6.2,-0.2,-7.5,30.8,-22.8,15.1
19,0x4341…12d8,41,29.05,19.27,3,2778,2025-07-28,2026-08-14,141.0,12.0,3.0,27.7,-4.01,-15.7,-4.6,-134.1,-188.7,-192.8,14.7
20,0x1165…1356,35,28.83,32.61,5,5471,2025-07-28,2026-07-23,73.0,12.0,2.0,35.6,-0.67,-0.8,-0.3,-4.5,-9.7,-11.1,13.3
21,0xe86d…6273,46,28.67,23.26,3,350,2026-01-15,2026-07-14,7.0,5.0,3.0,57.1,4.35,2.0,0.3,-2.5,10.1,-2.4,69.7
22,0x8726…3af9,54,28.61,29.0,3,4705,2025-07-29,2026-08-14,306.0,14.0,7.0,30.1,-0.29,-2.1,0.4,-28.6,-29.1,-41.6,3.6
23,0x53a5…3e9e,99,28.59,14.61,2,3664,2025-10-12,2026-08-17,144.0,9.0,6.0,47.9,0.6,4.8,5.8,-14.9,43.5,-16.5,6.2
24,0xe6c0…1a10,96,28.58,28.33,4,6097,2026-04-20,2026-08-17,340.0,5.0,2.0,32.6,-0.2,-3.4,-0.4,-31.1,-17.2,-32.0,1.2
25,0x0c23…f0d1,115,27.14,30.76,2,540,2026-05-11,2026-08-13,56.0,4.0,0.0,19.6,-0.68,-4.7,-5.0,-5.3,-19.0,-19.0,3.4
26,0x556d…aafb,42,27.02,25.83,4,0,,,,,,,,,,,,,
27,0x635b…2188,67,26.81,29.41,2,5687,2025-11-25,2026-08-18,156.0,9.0,3.0,32.1,-0.07,-0.6,-2.9,-14.2,-5.5,-33.6,1.5
28,0x9611…a105,33,26.54,25.95,1,8678,2025-10-06,2026-08-18,300.0,9.0,0.0,21.7,-0.81,-27.1,-22.6,-65.2,-243.5,-237.0,1.4
29,0x9a13…d0f9,49,26.54,38.36,3,2201,2025-08-12,2026-08-12,129.0,9.0,1.0,34.9,-0.43,-2.1,-2.3,-9.6,-18.4,-24.8,3.3
30,0xccaa…fb25,58,26.52,26.1,5,3440,2025-07-28,2025-10-10,88.0,4.0,1.0,34.1,-0.17,-0.8,-0.4,-4.2,-3.0,-8.8,5.0
