accounts,adres,bron,status,collateral,delta_30d,delta_90d,eerste_pnl_dag,maanden,open_pos,pnl_eind,pnl_status,pnl_veld,som_30d,trades_totaal,upnl,verliesmaanden
1,0x2555…34b1,vast5,200,202329.0,4822.0,2720.0,2025-10-18,13,1,201759.0,200,trade_pnl,6170362.0,0,-569.0,2
1,0x031f…b220,pool,200,82775.0,109832.0,632318.0,2025-11-02,12,3,632318.0,200,trade_pnl,17196462.0,0,549542.0,2
1,0x0aac…9c3b,pool,200,60544.0,0.0,60544.0,2026-01-21,10,0,60544.0,200,trade_pnl,1876854.0,0,0.0,4
1,0x0fe2…d74b,pool,200,76044.0,224.0,62321.0,2026-02-26,9,0,76044.0,200,trade_pnl,2356232.0,0,0.0,0
1,0x103e…48a4,pool,200,0.0,0.0,-53876.0,2026-05-26,6,0,0.0,200,trade_pnl,0.0,0,0.0,2
2,0x1da5…3151,pool,200,67129.0,-980.0,-3430.0,2025-06-07,17,2,67626.0,200,trade_pnl,1976512.0,30,497.0,1
1,0x1ec6…f13a,pool,200,14064.0,13083.0,-20406.0,2026-02-04,9,1,13083.0,200,trade_pnl,108380.0,0,-981.0,4
1,0x250a…e113,pool,200,21841.0,4112.0,-7500.0,2025-10-27,13,11,15514.0,200,trade_pnl,374229.0,0,-6327.0,6
1,0x2ded…656b,pool,200,146611.0,-20872.0,-46578.0,2026-01-19,10,45,115995.0,200,trade_pnl,4172483.0,0,-30615.0,5
1,0x2ff2…faed,pool,200,250575.0,41120.0,-47645.0,2025-09-02,14,34,162001.0,200,trade_pnl,4378918.0,0,-88581.0,5
1,0x3a13…fee4,pool,200,4503.0,,,2026-09-30,1,0,4503.0,200,trade_pnl,22660.0,0,0.0,1
1,0x3aac…434f,pool,200,0.0,0.0,0.0,2025-07-15,16,0,0.0,200,trade_pnl,0.0,0,0.0,2
1,0x3c37…442f,pool,200,0.0,0.0,0.0,2025-04-18,19,0,0.0,200,trade_pnl,0.0,0,0.0,1
1,0x4780…e125,pool,200,0.0,0.0,0.0,2025-09-16,14,0,0.0,200,trade_pnl,0.0,0,0.0,1
2,0x500b…84ba,pool,200,400390.0,129896.0,-40700.0,2025-09-02,14,1,241459.0,200,trade_pnl,7468223.0,0,-158931.0,0
1,0x5d2f…9bb7,pool,200,1.0,0.0,0.0,2025-06-21,17,0,1.0,200,trade_pnl,27.0,0,0.0,2
2,0x5e37…e207,pool,200,0.0,0.0,0.0,2026-05-10,6,0,0.0,200,trade_pnl,0.0,0,0.0,1
1,0x6491…5349,pool,200,433.0,0.0,0.0,2025-11-26,12,0,433.0,200,trade_pnl,13418.0,0,0.0,1
3,0x6608…fc71,pool,200,0.0,0.0,0.0,2025-03-14,20,0,0.0,200,trade_pnl,0.0,0,0.0,1
1,0x6e4d…1c0e,pool,200,0.0,0.0,0.0,2025-04-24,19,0,0.0,200,trade_pnl,0.0,0,0.0,2
1,0x7786…240d,pool,200,0.0,0.0,0.0,2025-09-03,14,0,0.0,200,trade_pnl,0.0,0,0.0,5
1,0x7cbe…5019,pool,200,47638.0,18502.0,41187.0,2025-07-12,16,5,77647.0,200,trade_pnl,2135807.0,0,11058.0,9
2,0x7e09…be1e,pool,200,57147.0,-2738.0,3287.0,2025-06-07,17,1,57279.0,200,trade_pnl,1677004.0,30,132.0,1
1,0xa20f…46fa,pool,200,0.0,0.0,0.0,2025-05-12,18,0,0.0,200,trade_pnl,0.0,0,0.0,6
3,0xa5fd…15ff,pool,200,642180.0,-90066.0,-171038.0,2025-05-10,15,20,545883.0,200,trade_pnl,20423628.0,1,-96298.0,1
9,0xcc38…90b4,pool,200,426061.0,-81471.0,-37880.0,2025-09-26,13,11,413993.0,200,trade_pnl,13038112.0,43,-12067.0,5
1,0xe061…31eb,pool,200,0.0,0.0,-61176.0,2025-10-18,13,0,0.0,200,trade_pnl,0.0,0,0.0,6
1,0xe912…0550,pool,200,545381.0,-169026.0,-133034.0,2026-05-25,6,1,281725.0,200,trade_pnl,11265435.0,0,-263656.0,3
1,0xf770…99ea,pool,200,19671.0,,,2026-10-02,1,1,14972.0,200,trade_pnl,53842.0,2,-4699.0,1
1,0xfdba…da7a,pool,200,100.0,0.0,,2026-07-06,4,0,100.0,200,trade_pnl,3100.0,0,0.0,0
1,0xa891…5ea6,breed,200,0.0,0.0,-13240.0,2025-09-16,14,0,0.0,200,trade_pnl,0.0,0,0.0,7
1,0x1504…e577,breed,200,210.0,0.0,0.0,2026-02-11,9,0,210.0,200,trade_pnl,6510.0,0,0.0,0
1,0x3ae8…01eb,breed,200,0.0,0.0,0.0,2025-09-30,13,0,0.0,200,trade_pnl,0.0,0,0.0,3
1,0x788d…2451,breed,200,0.0,0.0,0.0,2025-04-24,19,0,0.0,200,trade_pnl,0.0,0,0.0,6
1,0x0687…e4d2,breed,200,545.0,83.0,168.0,2026-02-10,9,1,547.0,200,trade_pnl,16648.0,0,0.0,3
1,0x2f0e…fa34,breed,200,0.0,0.0,0.0,2025-09-20,14,0,0.0,200,trade_pnl,0.0,0,0.0,6
2,0x584d…d583,breed,200,25.0,0.0,0.0,2025-08-10,15,0,25.0,200,trade_pnl,778.0,0,0.0,1
1,0x7c27…8c73,breed,200,0.0,0.0,0.0,2025-09-24,14,0,0.0,200,trade_pnl,0.0,0,0.0,2
1,0x0c6d…a332,breed,200,29.0,-3.0,-9.0,2026-04-06,7,1,21.0,200,trade_pnl,709.0,0,-8.0,5
1,0xcb5c…b5cb,breed,200,0.0,0.0,0.0,2025-12-17,11,0,0.0,200,trade_pnl,0.0,0,0.0,1
1,0x5357…ed3f,breed,200,0.0,0.0,0.0,2025-11-10,12,0,0.0,200,trade_pnl,0.0,0,0.0,1
1,0xa5ab…71f3,breed,200,0.0,0.0,-3042.0,2025-10-15,13,0,0.0,200,trade_pnl,0.0,0,0.0,4
1,0x9298…a3ea,breed,200,0.0,-162.0,,2026-08-22,3,0,0.0,200,trade_pnl,972.0,0,0.0,2
1,0x1cdc…edd6,breed,200,7779.0,273.0,5109.0,2025-10-16,13,4,7693.0,200,trade_pnl,232711.0,4,-87.0,6
1,0x1856…04a1,breed,200,0.0,0.0,0.0,2025-09-26,14,0,0.0,200,trade_pnl,7.0,0,0.0,2
1,0x3d26…fabb,breed,200,3.0,0.0,0.0,2026-02-05,9,0,3.0,200,trade_pnl,104.0,0,0.0,1
1,0xf6aa…50f7,breed,200,0.0,0.0,0.0,2025-04-16,19,0,0.0,200,trade_pnl,0.0,0,0.0,2
1,0xc4b1…b51e,breed,200,0.0,0.0,0.0,2025-04-15,19,0,0.0,200,trade_pnl,0.0,0,0.0,6
1,0x3f10…97b3,breed,200,0.0,0.0,0.0,2026-03-21,8,0,0.0,200,trade_pnl,0.0,0,0.0,1
3,0xc811…f6e0,breed,200,44016.0,116286.0,166471.0,2025-04-06,17,3,166706.0,200,trade_pnl,3209250.0,22,-29182.0,0
1,0x62ab…9ba0,breed,200,0.0,0.0,0.0,2025-06-12,17,0,0.0,200,trade_pnl,0.0,0,0.0,3
1,0x657b…da0b,breed,200,0.0,0.0,0.0,2025-05-13,18,0,0.0,200,trade_pnl,0.0,0,0.0,6
2,0x3354…6a57,breed,200,0.0,0.0,0.0,2025-07-21,13,0,0.0,200,trade_pnl,0.0,0,0.0,0
1,0x8a9a…cba4,breed,200,0.0,-10.0,-34.0,2025-10-10,13,0,0.0,200,trade_pnl,5224.0,0,0.0,4
1,0x36eb…4815,breed,200,0.0,0.0,0.0,2025-04-17,19,0,0.0,200,trade_pnl,0.0,0,0.0,3
2,0x786e…fa21,breed,200,11.0,0.0,0.0,2025-05-27,16,0,11.0,200,trade_pnl,331.0,0,0.0,0
1,0xa335…84ca,breed,200,86.0,-211.0,-211.0,2026-03-10,8,0,86.0,200,trade_pnl,8166.0,0,0.0,3
1,0xed6d…b8a5,breed,200,0.0,0.0,0.0,2025-09-19,14,0,0.0,200,trade_pnl,0.0,0,0.0,4
1,0xfd8e…10e5,breed,200,0.0,0.0,0.0,2025-08-20,15,0,0.0,200,trade_pnl,0.0,0,0.0,2
1,0x8b49…6251,breed,200,4526.0,1897.0,4730.0,2025-07-07,16,10,4730.0,200,trade_pnl,108686.0,20,-62.0,2
1,0x2233…38db,breed,200,0.0,0.0,0.0,2025-04-14,19,0,0.0,200,trade_pnl,805176.0,0,0.0,3
1,0x37e6…e8f5,breed,200,0.0,0.0,0.0,2025-06-13,17,0,0.0,200,trade_pnl,0.0,0,0.0,4
1,0xd72f…7258,breed,200,10406.0,-225.0,10406.0,2025-10-26,13,0,10406.0,200,trade_pnl,840094.0,0,0.0,3
1,0xd698…c706,breed,200,0.0,0.0,0.0,2025-09-23,14,0,0.0,200,trade_pnl,0.0,0,0.0,2
1,0x0a77…553b,breed,200,0.0,0.0,0.0,2025-10-21,13,0,0.0,200,trade_pnl,0.0,0,0.0,1
1,0xe525…693d,breed,200,0.0,0.0,0.0,2026-04-24,7,0,0.0,200,trade_pnl,0.0,0,0.0,0
2,0xc0d7…2e8c,breed,200,0.0,0.0,0.0,2025-12-05,11,0,0.0,200,trade_pnl,0.0,0,0.0,1
3,0xf626…a85a,breed,200,0.0,0.0,0.0,2025-09-06,14,0,0.0,200,trade_pnl,0.0,0,0.0,3
1,0x743e…4519,breed,200,0.0,0.0,0.0,2025-12-18,11,0,0.0,200,trade_pnl,0.0,0,0.0,0
1,0xdeb9…4079,breed,200,0.0,0.0,0.0,2025-11-28,12,0,0.0,200,trade_pnl,0.0,0,0.0,1
2,0xc90f…325d,breed,200,0.0,0.0,0.0,2025-09-18,14,0,0.0,200,trade_pnl,0.0,0,0.0,0
2,0x4cc6…84bd,breed,200,2343.0,-26208.0,-56289.0,2026-03-19,2,1,-11438.0,200,trade_pnl,180210.0,0,-13781.0,0
1,0x40ca…8076,breed,200,0.0,0.0,-1861.0,2026-05-15,6,0,0.0,200,trade_pnl,0.0,0,0.0,1
1,0xe8a2…530c,breed,200,3.0,-6.0,-22.0,2025-12-01,11,0,3.0,200,trade_pnl,87.0,0,0.0,7
1,0x52c8…a5d4,breed,200,0.0,0.0,0.0,2025-06-29,17,0,0.0,200,trade_pnl,0.0,0,0.0,1
1,0x723a…88ef,breed,200,7235.0,-2298.0,4742.0,2025-04-13,19,2,4952.0,200,trade_pnl,221820.0,2,-2284.0,10
1,0x507e…9e1d,breed,200,17.0,0.0,,2026-08-07,3,0,17.0,200,trade_pnl,525.0,0,0.0,1
1,0xf9b7…b171,breed,200,3.0,0.0,0.0,2025-12-01,11,0,3.0,200,trade_pnl,92.0,0,0.0,3
1,0x60d1…b829,breed,200,0.0,-1513.0,-500.0,2025-06-27,17,0,0.0,200,trade_pnl,12796.0,0,0.0,7
1,0x1001…0350,breed,200,0.0,0.0,0.0,2025-09-08,14,0,0.0,200,trade_pnl,0.0,0,0.0,2
1,0x4532…b01c,breed,200,5166.0,935.0,1980.0,2025-10-05,13,3,4401.0,200,trade_pnl,129058.0,0,-765.0,5
1,0x78aa…a7e5,breed,200,3.0,0.0,0.0,2025-10-27,13,0,3.0,200,trade_pnl,93.0,0,0.0,2
1,0xd57b…3d79,breed,200,0.0,0.0,-2521.0,2025-10-07,13,0,0.0,200,trade_pnl,0.0,0,0.0,6
1,0x2c03…65eb,breed,200,0.0,0.0,0.0,2025-10-28,13,0,0.0,200,trade_pnl,0.0,0,0.0,1
1,0x6905…993a,breed,200,0.0,0.0,0.0,2025-12-07,11,0,0.0,200,trade_pnl,0.0,0,0.0,0
1,0x86e3…25d3,breed,200,0.0,0.0,0.0,2026-06-11,5,0,0.0,200,trade_pnl,0.0,0,0.0,1
1,0x23d0…8200,breed,200,783.0,43.0,86.0,2025-12-18,11,2,758.0,200,trade_pnl,23249.0,0,-25.0,2
1,0xcee7…8f94,breed,200,0.0,-1364.0,0.0,2025-09-05,14,0,0.0,200,trade_pnl,4092.0,0,0.0,3
1,0x973c…8724,breed,200,0.0,0.0,0.0,2026-01-10,10,0,0.0,200,trade_pnl,0.0,0,0.0,0
1,0x1e45…ea1c,breed,200,1.0,-10.0,-19.0,2025-10-01,13,0,1.0,200,trade_pnl,117.0,0,0.0,6
1,0x6a2c…0231,breed,200,62218.0,19968.0,50132.0,2025-06-06,17,2,97079.0,200,trade_pnl,2743790.0,0,34861.0,7
1,0xc4ea…d8b3,breed,200,0.0,0.0,0.0,2025-09-24,14,0,0.0,200,trade_pnl,0.0,0,0.0,1
1,0x609e…04b3,breed,200,0.0,0.0,0.0,2025-10-09,13,0,0.0,200,trade_pnl,0.0,0,0.0,6
1,0x0901…a291,breed,200,2.0,0.0,0.0,2026-05-27,6,1,2.0,200,trade_pnl,47.0,0,-0.0,2
1,0x0826…ffc6,breed,200,0.0,0.0,-155.0,2025-08-17,15,0,0.0,200,trade_pnl,0.0,0,0.0,7
1,0x430a…5d04,breed,200,0.0,0.0,0.0,2025-12-16,11,0,0.0,200,trade_pnl,0.0,0,0.0,1
1,0xdfd7…b8e1,breed,200,0.0,0.0,-658.0,2025-10-02,13,0,0.0,200,trade_pnl,0.0,0,0.0,3
1,0x5989…b6f1,breed,200,0.0,0.0,0.0,2026-03-13,8,0,0.0,200,trade_pnl,0.0,0,0.0,0
1,0x1b07…4661,breed,200,0.0,0.0,0.0,2025-10-10,13,0,0.0,200,trade_pnl,0.0,0,0.0,2
1,0xba12…7c1e,breed,200,0.0,0.0,0.0,2025-04-21,19,0,0.0,200,trade_pnl,0.0,0,0.0,3
5,0xd783…f798,breed,200,0.0,0.0,0.0,2025-03-20,17,0,0.0,200,trade_pnl,0.0,8,0.0,0
2,0x7d17…bf8d,breed,200,0.0,0.0,0.0,2025-08-23,15,0,0.0,200,trade_pnl,0.0,0,0.0,1
1,0x8c92…f539,breed,200,0.0,0.0,0.0,2026-04-05,7,0,0.0,200,trade_pnl,1.0,0,0.0,3
1,0x9c7c…7022,breed,200,0.0,0.0,0.0,2026-02-09,9,0,0.0,200,trade_pnl,0.0,0,0.0,1
1,0xf5ca…6059,breed,200,0.0,0.0,0.0,2025-10-03,13,0,0.0,200,trade_pnl,0.0,0,0.0,1
2,0xa73d…baa8,breed,200,107.0,10.0,11.0,2025-08-27,15,1,112.0,200,trade_pnl,3259.0,10,1.0,8
1,0xd1c8…8e19,breed,200,0.0,0.0,0.0,2025-10-13,13,0,0.0,200,trade_pnl,0.0,0,0.0,1
1,0xfbb8…9971,breed,200,0.0,0.0,0.0,2025-12-14,11,0,0.0,200,trade_pnl,0.0,0,0.0,1
1,0x19d8…8ce9,breed,200,0.0,0.0,0.0,2025-04-30,18,0,0.0,200,trade_pnl,0.0,0,0.0,1
1,0xf243…0cc5,breed,200,0.0,0.0,0.0,2025-09-19,14,0,0.0,200,trade_pnl,0.0,0,0.0,2
1,0xd438…9917,breed,200,0.0,-1014.0,-1014.0,2025-08-15,15,0,0.0,200,trade_pnl,19270.0,0,0.0,1
1,0x615f…3d87,breed,200,1.0,0.0,0.0,2025-10-05,13,0,1.0,200,trade_pnl,38.0,0,0.0,4
1,0x5a5e…5204,breed,200,0.0,0.0,0.0,2026-01-23,10,0,0.0,200,trade_pnl,0.0,0,0.0,0
1,0x7a27…0469,breed,200,0.0,0.0,,2026-07-24,4,0,0.0,200,trade_pnl,0.0,0,0.0,0
1,0x2dbf…2263,breed,200,0.0,0.0,0.0,2025-09-26,14,0,0.0,200,trade_pnl,0.0,0,0.0,5
1,0x040a…4079,breed,200,1822.0,2059.0,-698.0,2025-03-05,20,1,2059.0,200,trade_pnl,23998.0,0,-92.0,4
1,0x710a…2d2e,breed,200,0.0,0.0,0.0,2025-09-07,14,0,0.0,200,trade_pnl,2517.0,0,0.0,3
1,0x035c…38fc,breed,200,2395.0,0.0,0.0,2025-08-30,15,0,2395.0,200,trade_pnl,74260.0,0,0.0,5
1,0xa5b6…d816,breed,200,0.0,0.0,0.0,2025-05-09,18,0,0.0,200,trade_pnl,2.0,0,0.0,5
1,0x5c1d…2a9e,breed,200,0.0,0.0,0.0,2025-06-24,17,0,0.0,200,trade_pnl,2.0,0,0.0,1
1,0x8ea5…e312,breed,200,0.0,0.0,0.0,2025-03-17,20,0,0.0,200,trade_pnl,0.0,0,0.0,2
1,0xb989…b05e,breed,200,82294.0,,,2026-09-22,2,5,82241.0,200,trade_pnl,1064807.0,0,-53.0,1
1,0xf0ee…1cef,breed,200,0.0,0.0,-18200.0,2026-02-23,9,0,0.0,200,trade_pnl,0.0,0,0.0,2
2,0x16d1…18e0,breed,200,0.0,0.0,0.0,2025-09-28,13,0,0.0,200,trade_pnl,0.0,0,0.0,1
1,0x6901…ef5d,breed,200,0.0,-691.0,,2026-07-07,4,0,0.0,200,trade_pnl,952.0,0,0.0,3
1,0x9f75…fffd,breed,200,0.0,0.0,0.0,2025-09-21,14,0,0.0,200,trade_pnl,0.0,0,0.0,4
1,0xd7ca…972c,breed,200,878.0,878.0,878.0,2025-04-06,19,0,878.0,200,trade_pnl,97928.0,6,0.0,4
1,0x9c52…f2fc,breed,200,0.0,0.0,0.0,2025-10-09,13,0,0.0,200,trade_pnl,0.0,0,0.0,2
2,0x3f34…460f,breed,200,0.0,0.0,0.0,2025-08-18,12,0,0.0,200,trade_pnl,0.0,0,0.0,0
1,0x3f7b…fd4e,breed,200,0.0,0.0,0.0,2025-05-29,18,0,0.0,200,trade_pnl,8.0,0,0.0,2
1,0x306e…8c81,breed,200,0.0,0.0,0.0,2025-08-22,15,0,0.0,200,trade_pnl,0.0,0,0.0,4
1,0x0e5f…b8e7,breed,200,0.0,0.0,0.0,2025-10-17,13,0,0.0,200,trade_pnl,0.0,0,0.0,1
1,0xa1c9…50c6,breed,200,0.0,0.0,0.0,2026-01-01,10,0,0.0,200,trade_pnl,0.0,0,0.0,0
1,0xc219…eb1b,breed,200,279.0,0.0,0.0,2025-09-21,14,0,279.0,200,trade_pnl,8641.0,0,0.0,2
3,0x865a…41e3,breed,200,0.0,0.0,0.0,2025-04-11,19,0,0.0,200,trade_pnl,0.0,0,0.0,2
1,0xe66f…a04f,breed,200,139.0,-2.0,-191.0,2025-05-11,18,0,139.0,200,trade_pnl,6999.0,0,0.0,9
1,0xbd38…196a,breed,200,0.0,0.0,-1000.0,2026-01-31,9,0,0.0,200,trade_pnl,0.0,0,0.0,1
1,0xaba2…33ca,breed,200,12.0,0.0,0.0,2025-10-03,13,0,12.0,200,trade_pnl,386.0,0,0.0,1
3,0x2cbb…0fd5,breed,200,0.0,0.0,0.0,2025-05-21,16,0,0.0,200,trade_pnl,0.0,0,0.0,0
1,0x07df…c263,breed,200,25.0,0.0,25.0,2025-06-21,17,0,25.0,200,trade_pnl,779.0,0,0.0,5
1,0x2df6…9060,breed,200,0.0,0.0,0.0,2026-06-25,5,0,0.0,200,trade_pnl,0.0,0,0.0,1
1,0x7c66…bb40,breed,200,0.0,0.0,0.0,2025-10-17,13,0,0.0,200,trade_pnl,0.0,0,0.0,4
1,0xa6c0…fe4b,breed,200,1.0,0.0,-1.0,2026-07-03,4,0,1.0,200,trade_pnl,28.0,0,0.0,1
1,0x97e6…4a08,breed,200,0.0,-1269.0,-893.0,2025-09-04,14,0,0.0,200,trade_pnl,41992.0,0,0.0,5
1,0xd657…f826,breed,200,0.0,0.0,0.0,2025-07-20,16,0,0.0,200,trade_pnl,0.0,0,0.0,6
1,0x7e6b…6f62,breed,200,0.0,0.0,0.0,2025-12-10,11,0,0.0,200,trade_pnl,0.0,0,0.0,4
1,0x5f40…89d9,breed,200,0.0,0.0,-56.0,2025-07-25,16,0,0.0,200,trade_pnl,0.0,0,0.0,2
1,0x63b4…9d1a,breed,200,0.0,0.0,0.0,2025-10-08,13,0,0.0,200,trade_pnl,4.0,0,0.0,3
1,0x3235…7b0d,breed,200,-893.0,19004.0,,2026-08-04,3,2,19552.0,200,trade_pnl,320375.0,4,20446.0,1
1,0x75b6…ef20,breed,200,0.0,0.0,0.0,2025-10-11,13,0,0.0,200,trade_pnl,0.0,0,0.0,1
1,0x7d0f…f035,breed,200,0.0,0.0,0.0,2025-10-03,13,0,0.0,200,trade_pnl,0.0,0,0.0,1
1,0x5cb7…add5,breed,200,0.0,0.0,0.0,2025-09-30,13,0,0.0,200,trade_pnl,0.0,0,0.0,2
1,0xda04…eb2f,breed,200,0.0,0.0,0.0,2025-02-21,21,0,0.0,200,trade_pnl,0.0,0,0.0,6
1,0xdea1…8c1f,breed,200,0.0,0.0,0.0,2025-07-15,16,0,0.0,200,trade_pnl,0.0,0,0.0,7
1,0xa3cf…a6e0,breed,200,0.0,-2906.0,,2026-08-22,3,0,0.0,200,trade_pnl,0.0,0,0.0,1
1,0xf4f9…538a,breed,200,0.0,0.0,0.0,2025-09-19,14,0,0.0,200,trade_pnl,0.0,0,0.0,2
1,0x6d13…597e,breed,200,0.0,0.0,0.0,2025-09-20,14,0,0.0,200,trade_pnl,0.0,0,0.0,1
1,0xa9d5…b383,breed,200,0.0,0.0,0.0,2025-06-04,17,0,0.0,200,trade_pnl,0.0,0,0.0,4
1,0x3149…0333,breed,200,0.0,,,2026-09-15,2,0,0.0,200,trade_pnl,3318.0,0,0.0,1
1,0x4554…9b7d,breed,200,0.0,0.0,0.0,2025-12-01,11,0,0.0,200,trade_pnl,1.0,0,0.0,1
1,0x047f…f9c4,breed,200,0.0,0.0,0.0,2025-04-21,19,0,0.0,200,trade_pnl,0.0,0,0.0,2
1,0xecd2…f89f,breed,200,9829.0,486.0,2293.0,2025-03-19,20,89,11391.0,200,trade_pnl,352273.0,52,-329.0,3
2,0xf776…8329,breed,200,1108.0,8.0,370.0,2025-06-18,8,2,1124.0,200,trade_pnl,34863.0,0,16.0,3
1,0x7506…1316,breed,200,88.0,0.0,0.0,2025-08-25,15,0,88.0,200,trade_pnl,2717.0,0,0.0,3
1,0x390a…ff90,breed,200,0.0,0.0,0.0,2025-10-07,13,0,0.0,200,trade_pnl,0.0,0,0.0,3
1,0x4f01…aaf3,breed,200,100.0,0.0,0.0,2026-03-17,8,0,100.0,200,trade_pnl,3090.0,0,0.0,1
1,0xd815…1743,breed,200,2996.0,0.0,2993.0,2025-10-28,13,0,2996.0,200,trade_pnl,92861.0,0,0.0,0
1,0x3569…3345,breed,200,0.0,0.0,0.0,2025-08-18,15,0,0.0,200,trade_pnl,0.0,0,0.0,3
1,0xfe36…2b07,breed,200,0.0,0.0,0.0,2026-02-16,9,0,0.0,200,trade_pnl,0.0,0,0.0,0
1,0xfd22…af63,breed,200,0.0,0.0,0.0,2025-11-06,12,0,0.0,200,trade_pnl,0.0,0,0.0,1
1,0x742d…84d4,breed,200,0.0,0.0,0.0,2025-09-22,14,0,0.0,200,trade_pnl,0.0,0,0.0,1
1,0x33ab…3403,breed,200,9466.0,-204.0,5627.0,2025-09-02,14,12,5627.0,200,trade_pnl,177638.0,0,-3839.0,7
1,0xbb1a…faaf,breed,200,0.0,0.0,0.0,2025-11-19,12,0,0.0,200,trade_pnl,0.0,0,0.0,3
1,0xdbc6…45ec,breed,200,0.0,0.0,0.0,2026-07-02,4,0,0.0,200,trade_pnl,0.0,0,0.0,0
1,0x2db7…8538,breed,200,0.0,0.0,,2026-07-08,4,0,0.0,200,trade_pnl,0.0,0,0.0,0
7,0x8361…d34c,breed,200,0.0,0.0,0.0,2025-04-21,16,0,0.0,200,trade_pnl,0.0,0,0.0,2
1,0x224b…96c4,breed,200,0.0,0.0,0.0,2025-06-12,17,0,0.0,200,trade_pnl,0.0,0,0.0,5
2,0x26d3…b0de,breed,200,0.0,0.0,0.0,2025-11-13,12,0,0.0,200,trade_pnl,0.0,0,0.0,0
1,0xad77…1a18,breed,200,0.0,0.0,0.0,2025-08-10,15,0,0.0,200,trade_pnl,0.0,0,0.0,5
1,0xc0a0…edcd,breed,200,0.0,0.0,0.0,2025-08-25,15,0,0.0,200,trade_pnl,0.0,0,0.0,3
1,0x9c7b…f981,breed,200,0.0,0.0,0.0,2025-08-03,15,0,0.0,200,trade_pnl,0.0,0,0.0,2
1,0x86f7…9b96,breed,200,333.0,0.0,-76.0,2026-01-26,10,0,333.0,200,trade_pnl,10331.0,0,0.0,5
1,0xb853…6934,breed,200,0.0,0.0,0.0,2025-09-19,14,0,0.0,200,trade_pnl,0.0,0,0.0,2
1,0x8a90…b0f7,breed,200,0.0,0.0,0.0,2025-10-23,13,0,0.0,200,trade_pnl,0.0,0,0.0,5
1,0x44f2…526b,breed,200,0.0,0.0,0.0,2025-06-25,17,0,0.0,200,trade_pnl,0.0,0,0.0,5
9,0x8cbd…2538,breed,200,0.0,-51.0,,2026-07-25,4,0,0.0,200,trade_pnl,1434.0,0,0.0,1
2,0x8218…41b0,breed,200,1049.0,63.0,-767.0,2025-05-14,4,1,1459.0,200,trade_pnl,45590.0,6,219.0,2
1,0x4aa1…7403,breed,200,0.0,0.0,0.0,2025-09-21,14,0,0.0,200,trade_pnl,0.0,0,0.0,3
1,0x9796…2ef6,breed,200,0.0,0.0,0.0,2025-11-28,12,0,0.0,200,trade_pnl,0.0,0,0.0,4
1,0xfae1…6dbb,breed,200,13661.0,1732.0,4527.0,2025-03-18,20,1,13578.0,200,trade_pnl,424681.0,1,-83.0,9
1,0xbe7a…65d1,breed,200,0.0,0.0,0.0,2025-11-12,12,0,0.0,200,trade_pnl,0.0,0,0.0,2
1,0x1027…35eb,breed,200,76.0,0.0,0.0,2025-11-07,12,0,76.0,200,trade_pnl,2348.0,0,0.0,0
1,0xb497…1575,breed,200,0.0,0.0,0.0,2025-04-14,19,0,0.0,200,trade_pnl,0.0,0,0.0,6
1,0x00f0…a379,breed,200,0.0,0.0,0.0,2025-07-25,16,0,0.0,200,trade_pnl,196.0,0,0.0,3
1,0xe749…2845,breed,200,50.0,0.0,-152.0,2026-06-30,4,0,50.0,200,trade_pnl,1552.0,0,0.0,1
2,0x0345…e71a,breed,200,0.0,0.0,0.0,2025-09-01,14,0,0.0,200,trade_pnl,0.0,0,0.0,2
1,0x17b6…e3cd,breed,200,1.0,,,2026-10-03,1,0,1.0,200,trade_pnl,2.0,0,0.0,0
1,0x8fa1…0aec,breed,200,0.0,0.0,0.0,2025-10-28,13,0,0.0,200,trade_pnl,0.0,0,0.0,1
1,0xeedc…3420,breed,200,12312.0,,,2026-09-22,2,0,12312.0,200,trade_pnl,124204.0,0,0.0,0
1,0x7d43…e440,breed,200,0.0,0.0,0.0,2025-12-04,11,0,0.0,200,trade_pnl,0.0,0,0.0,2
1,0x4d0e…e457,breed,200,0.0,0.0,0.0,2025-09-17,14,0,0.0,200,trade_pnl,0.0,0,0.0,3
1,0x0bcd…2440,breed,200,0.0,0.0,0.0,2025-09-15,14,0,0.0,200,trade_pnl,0.0,0,0.0,1
3,0xbd33…16dc,breed,200,0.0,0.0,0.0,2025-04-24,12,0,0.0,200,trade_pnl,9351.0,0,0.0,0
1,0xd2e9…7c86,breed,200,1.0,0.0,0.0,2026-02-10,9,0,1.0,200,trade_pnl,18.0,0,0.0,3
1,0xb6ce…f76f,breed,200,0.0,0.0,0.0,2026-03-25,8,0,0.0,200,trade_pnl,0.0,0,0.0,2
1,0x0223…96d7,breed,200,0.0,0.0,0.0,2026-06-30,4,0,0.0,200,trade_pnl,0.0,0,0.0,0
1,0x1933…d5aa,breed,200,177.0,64.0,122.0,2026-06-17,5,0,177.0,200,trade_pnl,4922.0,0,0.0,0
1,0x5b77…fa01,breed,200,0.0,0.0,-68.0,2025-07-09,16,0,0.0,200,trade_pnl,9.0,0,0.0,6
1,0x7d13…27d3,breed,200,0.0,0.0,,2026-07-14,4,0,0.0,200,trade_pnl,0.0,0,0.0,1
1,0x0e66…639e,breed,200,0.0,0.0,0.0,2025-12-02,11,0,0.0,200,trade_pnl,1.0,0,0.0,0
1,0xbb50…7da4,breed,200,2070.0,-545.0,-330.0,2025-06-22,17,2,1905.0,200,trade_pnl,67735.0,0,-165.0,3
1,0x6000…8f4e,breed,200,0.0,0.0,0.0,2025-12-23,11,0,0.0,200,trade_pnl,0.0,0,0.0,4
1,0xe652…8fe1,breed,200,0.0,0.0,0.0,2025-08-01,15,0,0.0,200,trade_pnl,0.0,0,0.0,1
2,0x5c52…c2fd,breed,200,3.0,-2.0,-4.0,2025-11-16,11,0,3.0,200,trade_pnl,125.0,1,0.0,0
1,0xceec…793a,breed,200,0.0,0.0,0.0,2025-10-26,13,0,0.0,200,trade_pnl,0.0,0,0.0,3
2,0x15a1…34a7,breed,200,0.0,0.0,-3050.0,2025-09-05,12,0,0.0,200,trade_pnl,1.0,0,0.0,0
1,0xe609…efe8,breed,200,0.0,0.0,0.0,2025-07-31,15,0,0.0,200,trade_pnl,1.0,0,0.0,3
1,0x02e7…042a,breed,200,0.0,0.0,0.0,2025-10-07,13,0,0.0,200,trade_pnl,1.0,0,0.0,3
1,0x1f0b…d045,breed,200,0.0,0.0,0.0,2025-09-13,14,0,0.0,200,trade_pnl,0.0,0,0.0,3
1,0x297d…4b26,breed,200,0.0,0.0,0.0,2026-01-06,10,0,0.0,200,trade_pnl,0.0,0,0.0,0
1,0xfa15…8cd8,breed,200,438.0,98.0,181.0,2025-11-25,12,2,253.0,200,trade_pnl,6693.0,0,-185.0,2
1,0x45e7…93c6,breed,200,0.0,0.0,0.0,2026-04-06,7,0,0.0,200,trade_pnl,0.0,0,0.0,2
1,0x0f57…e9a0,breed,200,0.0,0.0,0.0,2026-03-07,8,0,0.0,200,trade_pnl,0.0,0,0.0,1
1,0x73b0…d94f,breed,200,0.0,0.0,0.0,2025-08-11,15,0,0.0,200,trade_pnl,0.0,0,0.0,6
2,0x2f5a…b312,breed,200,0.0,0.0,0.0,2025-10-03,13,0,0.0,200,trade_pnl,0.0,0,0.0,0
2,0x445d…5e8c,breed,200,0.0,0.0,0.0,2025-05-09,15,0,0.0,200,trade_pnl,0.0,0,0.0,1
1,0x74d9…5a8a,breed,200,0.0,0.0,0.0,2025-08-05,15,0,0.0,200,trade_pnl,0.0,0,0.0,3
1,0xd2ff…1b3e,breed,200,0.0,0.0,0.0,2025-05-29,18,0,0.0,200,trade_pnl,0.0,0,0.0,1
3,0x995d…c1b5,breed,200,14269.0,14268.0,14268.0,2025-06-03,17,0,14269.0,200,trade_pnl,413087.0,0,0.0,0
1,0x4659…c779,breed,200,0.0,0.0,0.0,2026-01-13,10,0,0.0,200,trade_pnl,0.0,0,0.0,0
1,0xd2a6…5448,breed,200,1.0,,,2026-10-03,1,0,1.0,200,trade_pnl,2.0,0,0.0,0
1,0xa400…31e8,breed,200,0.0,0.0,0.0,2026-02-27,9,0,0.0,200,trade_pnl,0.0,0,0.0,1
1,0x91bd…80f8,breed,200,111.0,0.0,0.0,2026-03-05,8,0,111.0,200,trade_pnl,3444.0,0,0.0,2
1,0xf462…2241,breed,200,0.0,0.0,0.0,2026-03-28,8,0,0.0,200,trade_pnl,0.0,0,0.0,2
2,0x5e24…33c0,breed,200,0.0,0.0,0.0,2025-06-27,12,0,0.0,200,trade_pnl,0.0,0,0.0,1
2,0xb06c…899e,breed,200,13.0,,,2026-09-11,2,0,13.0,200,trade_pnl,310.0,0,0.0,0
1,0x826e…ac05,breed,200,621.0,25.0,,2026-08-14,3,0,621.0,200,trade_pnl,18781.0,0,0.0,0
1,0x4e5a…9276,breed,200,0.0,0.0,-7642.0,2025-04-29,19,0,0.0,200,trade_pnl,0.0,0,0.0,9
1,0x1818…b31b,breed,200,0.0,0.0,0.0,2025-10-06,13,0,0.0,200,trade_pnl,0.0,0,0.0,3
1,0xc1e8…c0cd,breed,200,378.0,-403.0,-27.0,2025-12-30,11,1,528.0,200,trade_pnl,28776.0,1,1.0,4
1,0xaf96…0ef4,breed,200,2904.0,-189.0,248.0,2025-09-20,14,1,3062.0,200,trade_pnl,93337.0,0,-10.0,6
1,0x39a2…47da,breed,200,49588.0,-1789.0,2500.0,2025-11-15,12,3,48227.0,200,trade_pnl,1548414.0,3,-1361.0,4
2,0x679f…8a6e,breed,200,0.0,0.0,0.0,2025-06-25,15,0,0.0,200,trade_pnl,0.0,0,0.0,1
1,0x3042…fa8d,breed,200,0.0,0.0,0.0,2025-07-02,16,0,0.0,200,trade_pnl,0.0,0,0.0,2
1,0xe262…3bf3,breed,200,0.0,0.0,0.0,2025-04-27,19,0,0.0,200,trade_pnl,1.0,0,0.0,3
1,0x1f00…69d5,breed,200,0.0,0.0,0.0,2026-01-05,10,0,0.0,200,trade_pnl,0.0,0,0.0,2
1,0x1393…1869,breed,200,0.0,0.0,0.0,2025-04-13,19,0,0.0,200,trade_pnl,0.0,0,0.0,3
1,0xa5cf…f6bf,breed,200,1.0,-7.0,-7.0,2026-01-24,10,0,1.0,200,trade_pnl,130.0,0,0.0,2
1,0xdc05…df30,breed,200,0.0,0.0,0.0,2025-10-08,13,0,0.0,200,trade_pnl,14.0,0,0.0,3
1,0x5e9b…eddc,breed,200,9.0,0.0,-1736.0,2025-09-11,14,0,9.0,200,trade_pnl,276.0,0,0.0,8
1,0xe3de…07b0,breed,200,138.0,-5.0,-91.0,2025-09-25,14,0,138.0,200,trade_pnl,4394.0,0,0.0,8
1,0x59a8…712f,breed,200,5.0,0.0,0.0,2025-12-05,11,0,5.0,200,trade_pnl,157.0,0,0.0,0
3,0xde95…4c74,breed,200,50574.0,10791.0,34566.0,2025-04-22,15,0,50574.0,200,trade_pnl,1570652.0,1,0.0,0
2,0x4711…f8c3,breed,200,0.0,0.0,0.0,2025-12-14,11,0,0.0,200,trade_pnl,0.0,0,0.0,1
1,0xd93e…e23e,breed,200,0.0,0.0,,2026-08-26,3,0,0.0,200,trade_pnl,0.0,0,0.0,2
1,0xf720…6182,breed,200,0.0,0.0,0.0,2026-03-31,7,0,0.0,200,trade_pnl,0.0,0,0.0,1
1,0x72a0…08db,breed,200,-2272.0,7214.0,39012.0,2025-08-21,15,30,39012.0,200,trade_pnl,1245376.0,21,41286.0,5
1,0x819d…d106,breed,200,0.0,0.0,-8.0,2025-12-03,11,0,0.0,200,trade_pnl,30.0,0,0.0,6
1,0xd53d…1e5c,breed,200,0.0,0.0,0.0,2025-10-17,13,0,0.0,200,trade_pnl,0.0,0,0.0,1
1,0xe1c0…d19b,breed,200,188477.0,27767.0,-47495.0,2025-10-04,13,24,141549.0,200,trade_pnl,3867410.0,0,-46928.0,4
1,0x77df…c551,breed,200,0.0,,,2026-09-14,2,0,0.0,200,trade_pnl,865.0,0,0.0,2
2,0x4e60…aa91,breed,200,0.0,-10093.0,-11039.0,2025-05-31,16,0,0.0,200,trade_pnl,279686.0,0,0.0,4
1,0x013a…2098,breed,200,0.0,0.0,0.0,2025-07-31,15,0,0.0,200,trade_pnl,7.0,0,0.0,3
2,0x1d88…49eb,breed,200,0.0,0.0,-12.0,2025-04-24,12,0,0.0,200,trade_pnl,0.0,0,0.0,1
1,0x5ef3…ca3a,breed,200,3341.0,3148.0,5102.0,2025-09-09,14,2,19079.0,200,trade_pnl,553606.0,2,6145.0,5
2,0x578b…c289,breed,200,0.0,0.0,0.0,2025-03-15,16,0,0.0,200,trade_pnl,0.0,0,0.0,1
1,0x3b9e…7748,breed,200,9964.0,-4112.0,-2109.0,2026-01-15,10,1,7399.0,200,trade_pnl,293905.0,1,-2564.0,2
5,0x509e…a956,breed,200,420.0,19.0,-36.0,2025-09-30,10,0,420.0,200,trade_pnl,12905.0,0,0.0,3
2,0x8003…5e60,breed,200,0.0,0.0,0.0,2025-08-16,14,0,0.0,200,trade_pnl,0.0,0,0.0,0
1,0x258d…e3be,breed,200,0.0,0.0,0.0,2025-08-28,15,0,0.0,200,trade_pnl,0.0,0,0.0,3
1,0x7a0f…098e,breed,200,0.0,0.0,0.0,2025-09-24,14,0,0.0,200,trade_pnl,0.0,0,0.0,2
1,0xb121…8ac2,breed,200,0.0,0.0,0.0,2026-03-30,8,0,0.0,200,trade_pnl,0.0,0,0.0,0
1,0x9859…8e4a,breed,200,0.0,0.0,0.0,2025-05-13,18,0,0.0,200,trade_pnl,69.0,0,0.0,8
1,0x6253…f245,breed,200,6.0,-402.0,742.0,2025-08-20,15,1,1751.0,200,trade_pnl,59201.0,0,-3561.0,8
1,0xf5e7…13b2,breed,200,645.0,51.0,158.0,2025-05-07,18,1,1127.0,200,trade_pnl,34427.0,0,-5.0,8
1,0x7d56…0373,breed,200,0.0,0.0,0.0,2025-07-03,16,0,0.0,200,trade_pnl,0.0,0,0.0,2
1,0xcd5d…4183,breed,200,315.0,216.0,317.0,2025-07-18,16,2,317.0,200,trade_pnl,4486.0,0,2.0,3
1,0xcce3…a3b3,breed,200,0.0,0.0,0.0,2025-09-02,14,0,0.0,200,trade_pnl,0.0,0,0.0,1
1,0x2be8…de2b,breed,200,0.0,0.0,0.0,2026-05-07,6,0,0.0,200,trade_pnl,0.0,0,0.0,1
1,0x4362…9cbb,breed,200,113.0,10.0,12.0,2025-09-07,14,13,65.0,200,trade_pnl,1315.0,0,-49.0,3
1,0xc3b2…daee,breed,200,80.0,0.0,0.0,2026-03-25,8,0,80.0,200,trade_pnl,2480.0,0,0.0,0
2,0x93a7…a4dc,breed,200,0.0,0.0,0.0,2025-04-17,19,0,0.0,200,trade_pnl,0.0,0,0.0,4
1,0xc0ff…d097,breed,200,0.0,0.0,0.0,2025-09-25,14,0,0.0,200,trade_pnl,0.0,0,0.0,1
1,0x1244…d380,breed,200,13803.0,5593.0,13286.0,2026-06-15,5,1,13803.0,200,trade_pnl,336861.0,9,0.0,0
1,0xd73a…51dd,breed,200,0.0,0.0,0.0,2025-07-24,16,0,0.0,200,trade_pnl,0.0,0,0.0,3
1,0x0720…11a9,breed,200,0.0,0.0,0.0,2025-08-25,15,0,0.0,200,trade_pnl,0.0,0,0.0,0
1,0x26d6…b6ee,breed,200,11.0,0.0,0.0,2025-11-14,12,0,11.0,200,trade_pnl,350.0,0,0.0,2
1,0xaf48…e4cc,breed,200,1206.0,16.0,74.0,2025-11-10,12,0,1206.0,200,trade_pnl,37512.0,0,0.0,3
1,0xd5cb…df50,breed,200,0.0,0.0,0.0,2025-10-04,13,0,0.0,200,trade_pnl,0.0,0,0.0,1
5,0x7fb2…2bc5,breed,200,0.0,-1.0,0.0,2026-03-28,6,0,0.0,200,trade_pnl,3.0,0,0.0,2
1,0x3e65…5d6d,breed,200,0.0,0.0,0.0,2025-10-26,13,0,0.0,200,trade_pnl,0.0,0,0.0,3
