adres,bron,sub,equity,open_pos,upnl,fills,fills_eigen_pct,fills_30d,fills_90d,eerste_fill,laatste_fill,eerste_pnl,pnl_ruw_90d,pnl_corr_30d,pnl_corr_90d,pnl_allTransfers_90d,maanden_corr
0x2555…34b1,vast5,0,201766.0,1,-562.0,1691,100.0,118,227,2026-01-12,2026-09-29,2025-10-18,2727.0,4830.0,2727.0,2728.0,"{""2025-11"": 4874.0, ""2025-12"": 1423.0, ""2026-01"": -1956.0, ""2026-02"": -15446.0, ""2026-03"": 21878.0, ""2026-04"": 15477.0, ""2026-05"": 17030.0, ""2026-06"": 16263.0, ""2026-07"": 312.0, ""2026-08"": 1037.0, ""2026-09"": 5803.0, ""2026-10"": 169.0}"
0x031f…b220,pool,0,630746.0,3,548018.0,2062,100.0,68,550,2025-12-30,2026-10-02,2025-11-02,630751.0,508264.0,530751.0,530751.0,"{""2025-12"": 0.0, ""2026-01"": -0.0, ""2026-02"": -0.0, ""2026-03"": 0.0, ""2026-04"": 0.0, ""2026-05"": 0.0, ""2026-06"": 0.0, ""2026-07"": 0.0, ""2026-08"": 27242.0, ""2026-09"": 580907.0, ""2026-10"": -77398.0}"
0x0aac…9c3b,pool,0,60544.0,0,0.0,2281,100.0,0,1123,2026-03-23,2026-09-02,2026-01-21,60544.0,0.0,8123.0,8123.0,"{""2026-02"": 110960.0, ""2026-03"": 21295.0, ""2026-04"": 74503.0, ""2026-05"": 0.0, ""2026-06"": -0.0, ""2026-07"": 2733.0, ""2026-08"": 2776.0, ""2026-09"": 2614.0, ""2026-10"": 0.0}"
0x0fe2…d74b,pool,0,76044.0,0,0.0,3000,100.0,74,2389,2026-06-04,2026-09-08,2026-02-26,62321.0,224.0,52785.0,52785.0,"{""2026-03"": 0.0, ""2026-04"": 0.0, ""2026-05"": 0.0, ""2026-06"": 3050.0, ""2026-07"": 14529.0, ""2026-08"": 37919.0, ""2026-09"": 1010.0, ""2026-10"": 0.0}"
0x103e…48a4,pool,0,0.0,0,0.0,3000,100.0,0,0,2026-06-16,2026-06-25,2026-05-26,-53876.0,0.0,0.0,0.0,"{""2026-06"": -272056.0, ""2026-07"": 0.0, ""2026-08"": 0.0, ""2026-09"": 0.0, ""2026-10"": 0.0}"
0x1da5…3151,pool,0,67532.0,2,404.0,3000,100.0,975,1625,2026-06-24,2026-10-03,2025-06-07,-3524.0,-1074.0,-3524.0,-3524.0,"{""2025-07"": 2181.0, ""2025-08"": 8346.0, ""2025-09"": -1230.0, ""2025-10"": 1722.0, ""2025-11"": 17017.0, ""2025-12"": 3506.0, ""2026-01"": 17500.0, ""2026-02"": 13899.0, ""2026-03"": -1241.0, ""2026-04"": -4641.0, ""2026-05"": -1019.0, ""2026-06"": 15113.0, ""2026-07"": 3575.0, ""2026-08"": -4666.0, ""2026-09"": -3434.0, ""2026-10"": 435.0}"
0x1da5…3151,pool,1,0.0,0,0.0,581,100.0,0,0,2025-11-25,2026-01-10,2025-06-07,0.0,0.0,0.0,0.0,"{""2025-07"": 0.0, ""2025-08"": 0.0, ""2025-09"": 0.0, ""2025-10"": 0.0, ""2025-11"": -468.0, ""2025-12"": -241.0, ""2026-01"": 0.0, ""2026-02"": 0.0, ""2026-03"": 0.0, ""2026-04"": 0.0, ""2026-05"": 0.0, ""2026-06"": 0.0, ""2026-07"": 0.0, ""2026-08"": 0.0, ""2026-09"": 0.0, ""2026-10"": 0.0}"
0x1ec6…f13a,pool,0,13075.0,1,-988.0,3000,100.0,86,3000,2026-07-15,2026-09-30,2026-02-04,-20413.0,-1170.0,-11014.0,-11014.0,"{""2026-03"": 0.0, ""2026-04"": -3786.0, ""2026-05"": -8765.0, ""2026-06"": -20259.0, ""2026-07"": -8001.0, ""2026-08"": -4356.0, ""2026-09"": -1969.0, ""2026-10"": 799.0}"
0x250a…e113,pool,0,15511.0,11,-6331.0,800,100.0,403,800,2026-08-24,2026-09-27,2025-10-27,-7504.0,-15892.0,-27504.0,-27504.0,"{""2025-11"": 12835.0, ""2025-12"": -4500.0, ""2026-01"": 10809.0, ""2026-02"": 12789.0, ""2026-03"": -840.0, ""2026-04"": -2377.0, ""2026-05"": -6825.0, ""2026-06"": 4565.0, ""2026-07"": -4062.0, ""2026-08"": -7960.0, ""2026-09"": -17643.0, ""2026-10"": 616.0}"
0x7786…240d,pool,0,0.0,0,0.0,1800,100.0,0,0,2026-04-28,2026-05-31,2025-09-03,0.0,0.0,0.0,0.0,"{""2025-10"": 12346.0, ""2025-11"": 90775.0, ""2025-12"": 79025.0, ""2026-01"": 68327.0, ""2026-02"": 63934.0, ""2026-03"": -22138.0, ""2026-04"": -31180.0, ""2026-05"": -7330.0, ""2026-06"": -0.0, ""2026-07"": 0.0, ""2026-08"": 0.0, ""2026-09"": 0.0, ""2026-10"": 0.0}"
0xcc38…90b4,pool,0,149085.0,1,-95.0,0,,0,0,,,2025-09-26,-41445.0,7385.0,10868.0,10868.0,"{""2025-10"": -3214.0, ""2025-11"": 26305.0, ""2025-12"": 13845.0, ""2026-01"": -1534.0, ""2026-02"": 403.0, ""2026-03"": 5614.0, ""2026-04"": -5440.0, ""2026-05"": 11100.0, ""2026-06"": -2933.0, ""2026-07"": 3096.0, ""2026-08"": 4028.0, ""2026-09"": 6734.0, ""2026-10"": 1641.0}"
