adres,historie_dagen,equity_knip_usd,keuze_trades,keuze_potje_pct,keuze_potje_per_maand_pct,keuze_som_pct,keuze_gem_rendement_pct,keuze_winst_pct_trades,keuze_verliesmaanden,keuze_maanden,keuze_pnl_dag_usd,trades_per_dag_30d,houdtijd_mediaan_uur,gelijktijdig_p90,kraken_pct,lighter_only_pct,keuze_maker_pct,munten,test_trades,test_potje_pct,test_som_pct,test_gem_rendement_pct,test_winst_pct_trades,test_verliesmaanden,test_maanden,test_pnl_dag_usd,test_pnl_dag_maanden,gekozen
0x9845…599C,416,22609.129115000003,300,255.0,18.2,510.1,1.7,81.3,4,"{""2025-06"": -2.9, ""2025-07"": -2.7, ""2025-08"": -55.8, ""2025-09"": -8.2, ""2025-10"": 54.9, ""2025-11"": 41.5, ""2025-12"": 20.3, ""2026-01"": 48.4, ""2026-02"": 94.0, ""2026-03"": 46.1, ""2026-04"": 57.0, ""2026-05"": 78.1, ""2026-06"": 64.3, ""2026-07"": 75.2}",14694.268372,1.83,3.7,2,83.0,17.0,62.2,"PUMP 26%, SEI 4%, XMR 3%, RIVER 3%",18,-1.2,-2.3,-0.13,83.3,1.0,"{""2026-08"": 12.7, ""2026-09"": -17.6, ""2026-10"": 2.5}",-3515.047992,"{""2026-08"": -8851.0, ""2026-09"": 5291.0, ""2026-10"": 19.0}",True
0xF5D5…7139,270,5406.574934999999,296,105.8,11.8,529.1,1.79,74.3,0,"{""2025-11"": 123.1, ""2025-12"": 39.1, ""2026-01"": 30.4, ""2026-02"": 63.3, ""2026-03"": 12.5, ""2026-04"": 27.2, ""2026-05"": 74.1, ""2026-06"": 49.0, ""2026-07"": 110.4}",7485.541025,1.37,5.1,5,84.0,16.0,0.0,"ETH 18%, BTC 13%, ZEC 12%, HYPE 10%",130,21.1,105.6,0.81,51.5,0.0,"{""2026-08"": 35.4, ""2026-09"": 64.3, ""2026-10"": 5.8}",7639.947977000002,"{""2026-08"": 2433.0, ""2026-09"": 3557.0, ""2026-10"": 511.0}",True
0x4Bb3…Dee2,198,6282.722105000001,257,76.1,10.9,760.9,2.96,83.7,0,"{""2026-01"": 68.8, ""2026-02"": 85.7, ""2026-03"": 162.8, ""2026-04"": 56.8, ""2026-05"": 124.5, ""2026-06"": 73.1, ""2026-07"": 189.2}",1845.0492060000006,2.13,45.4,10,74.0,26.0,13.0,"BTC 12%, ETH 11%, LIT 6%, EIGEN 5%",88,7.0,69.9,0.79,60.2,1.0,"{""2026-08"": 48.2, ""2026-09"": 23.9, ""2026-10"": -2.2}",158.28408799999943,"{""2026-08"": 38.0, ""2026-09"": 43.0, ""2026-10"": 6.0}",True
0x1Fdf…eE1f,177,17819.139322000003,148,66.9,11.2,334.7,2.26,88.5,0,"{""2026-02"": 36.4, ""2026-03"": 42.0, ""2026-04"": 62.6, ""2026-05"": 82.7, ""2026-06"": 77.8, ""2026-07"": 33.3}",1780.141169,0.43,33.0,5,91.0,9.0,79.4,"BNB 22%, HYPE 18%, SOL 12%, ZEC 12%",66,20.6,103.2,1.56,92.4,0.0,"{""2026-08"": 40.2, ""2026-09"": 57.7, ""2026-10"": 5.3}",1095.2475909999998,"{""2026-08"": 1999.0, ""2026-09"": -1610.0, ""2026-10"": 76.0}",True
0x80B8…6965,417,12369.797342999995,251,58.6,4.5,175.7,0.7,72.1,5,"{""2025-06"": -28.4, ""2025-07"": 43.4, ""2025-08"": 21.8, ""2025-09"": -14.9, ""2025-10"": -98.2, ""2025-11"": 49.9, ""2025-12"": 67.7, ""2026-01"": -13.0, ""2026-03"": -0.2, ""2026-04"": 29.7, ""2026-05"": 31.4, ""2026-06"": 38.8, ""2026-07"": 47.7}",7925.369098,0.5,12.3,3,96.0,4.0,30.1,"ETH 38%, HYPE 20%, PUMP 15%, BNB 6%",74,64.5,193.6,2.62,87.8,0.0,"{""2026-08"": 52.1, ""2026-09"": 112.3, ""2026-10"": 29.2}",13819.453104,"{""2026-08"": 6374.0, ""2026-09"": 3200.0, ""2026-10"": 3513.0}",True
0x4e13…591f,104,5665.1369859999995,146,56.5,14.1,282.6,1.94,65.8,2,"{""2026-04"": -4.6, ""2026-05"": -18.3, ""2026-06"": 113.0, ""2026-07"": 192.6}",5002.7968869999995,1.6,13.1,5,76.0,24.0,0.6,"BTC 23%, HYPE 11%, LIT 7%, ETH 6%",191,59.1,295.5,1.55,73.8,0.0,"{""2026-08"": 74.1, ""2026-09"": 211.8, ""2026-10"": 9.6}",-5642.9622309999995,"{""2026-08"": -7822.0, ""2026-09"": 1906.0, ""2026-10"": -835.0}",False
0xCf6F…f3f4,304,5202.949899999998,289,44.2,4.4,176.9,0.61,79.9,1,"{""2025-10"": 40.8, ""2025-11"": 90.5, ""2025-12"": -58.6, ""2026-01"": 17.2, ""2026-02"": 12.8, ""2026-03"": 21.1, ""2026-04"": 9.8, ""2026-05"": 15.0, ""2026-06"": 16.1, ""2026-07"": 12.3}",812.107863,0.43,2.2,4,92.0,8.0,1.3,"ZEC 22%, HYPE 14%, BTC 11%, BNB 10%",88,10.8,43.1,0.49,80.7,1.0,"{""2026-08"": 46.5, ""2026-09"": -3.4}",5836.513774000001,"{""2026-08"": 4415.0, ""2026-09"": 741.0, ""2026-10"": 0.0}",False
0xb0be…0467,454,11120.087760999999,251,37.7,2.5,226.3,0.9,53.4,6,"{""2025-05"": 47.7, ""2025-06"": 15.3, ""2025-07"": 162.0, ""2025-08"": 61.2, ""2025-09"": -36.4, ""2025-10"": 85.5, ""2025-11"": -87.4, ""2025-12"": 25.1, ""2026-01"": 26.5, ""2026-02"": -15.4, ""2026-03"": 6.1, ""2026-04"": -0.1, ""2026-05"": -19.0, ""2026-06"": -69.1, ""2026-07"": 24.0}",9411.598509,0.9,23.0,6,86.0,14.0,57.5,"ETH 11%, LINK 8%, ASTER 7%, GRAM 6%",55,37.3,223.8,4.07,69.1,0.0,"{""2026-08"": 72.8, ""2026-09"": 149.0, ""2026-10"": 1.9}",11086.561828000002,"{""2026-08"": 3050.0, ""2026-09"": 7545.0, ""2026-10"": 443.0}",False
0xA19A…a36B,115,10491.412003,120,37.2,9.3,186.0,1.55,86.7,0,"{""2026-04"": 32.8, ""2026-05"": 25.0, ""2026-06"": 72.8, ""2026-07"": 55.4}",2316.414488,0.8,13.1,5,59.0,41.0,6.9,"XMR 19%, SKHYNIXUSD 18%, CBRS 12%, INTC 11%",49,27.4,136.8,2.79,77.6,0.0,"{""2026-08"": 45.7, ""2026-09"": 84.9, ""2026-10"": 6.2}",17624.109587,"{""2026-08"": 3725.0, ""2026-09"": 12129.0, ""2026-10"": 87.0}",False
0xf048…5159,318,14948.309942000002,544,34.8,3.2,348.4,0.64,43.2,4,"{""2025-09"": -19.1, ""2025-10"": 153.7, ""2025-11"": 108.3, ""2025-12"": -0.1, ""2026-01"": -36.1, ""2026-02"": 46.2, ""2026-03"": 29.4, ""2026-04"": 0.9, ""2026-05"": -3.3, ""2026-06"": 53.4, ""2026-07"": 15.1}",9608.4213,0.57,15.6,10,98.0,2.0,23.9,"ETH 18%, BTC 10%, HYPE 10%, SOL 9%",60,-4.8,-48.2,-0.8,33.3,1.0,"{""2026-08"": -51.7, ""2026-09"": 3.4}",-6641.375534000001,"{""2026-08"": -6074.0, ""2026-09"": -15.0, ""2026-10"": 0.0}",False
0xd963…b905,132,17151.535874,166,34.7,6.9,173.4,1.04,81.9,0,"{""2026-03"": 0.3, ""2026-04"": 3.9, ""2026-05"": 23.1, ""2026-06"": 81.4, ""2026-07"": 64.6}",1302.623951,1.53,4.6,5,93.0,7.0,46.6,"ZEC 18%, HYPE 11%, BTC 10%, SOL 9%",13,3.1,15.5,1.2,76.9,0.0,"{""2026-08"": 5.1, ""2026-09"": 10.5}",14339.410984,"{""2026-08"": 6697.0, ""2026-09"": 6155.0, ""2026-10"": -159.0}",False
0xBb84…d0D0,159,14905.774186999999,232,33.0,5.5,99.1,0.43,47.8,1,"{""2026-02"": -7.1, ""2026-03"": 5.1, ""2026-04"": 6.4, ""2026-05"": 20.7, ""2026-06"": 35.4, ""2026-07"": 38.7}",2526.9506470000015,0.6,3.0,3,95.0,5.0,35.6,"ETH 19%, BTC 16%, SOL 11%, HYPE 9%",116,11.2,33.6,0.29,42.2,0.0,"{""2026-08"": 7.3, ""2026-09"": 17.9, ""2026-10"": 8.4}",949.2772329999989,"{""2026-08"": 73.0, ""2026-09"": -199.0, ""2026-10"": 629.0}",False
0x9FcC…97CA,310,35774.34527199999,162,31.1,2.8,218.0,1.35,40.7,5,"{""2025-09"": -1.2, ""2025-10"": -3.7, ""2025-11"": 0.6, ""2025-12"": -1.0, ""2026-01"": 17.0, ""2026-02"": -11.3, ""2026-03"": 52.6, ""2026-04"": 1.1, ""2026-05"": -17.8, ""2026-06"": 87.3, ""2026-07"": 94.4}",14313.386933,0.6,48.3,7,86.0,14.0,74.7,"BTC 27%, ETH 10%, WTI 5%, QQQ 4%",31,20.8,145.8,4.7,54.8,1.0,"{""2026-08"": -6.0, ""2026-09"": 151.9}",19138.160744,"{""2026-08"": 12129.0, ""2026-09"": 7161.0, ""2026-10"": 252.0}",False
0xB4fc…Fb6d,127,18819.222889000015,198,30.9,6.2,61.8,0.31,41.9,3,"{""2026-03"": -0.5, ""2026-04"": -4.8, ""2026-05"": 35.9, ""2026-06"": 33.4, ""2026-07"": -2.2}",7601.993885,1.13,2.3,2,94.0,6.0,11.2,"BTC 35%, SOL 19%, HYPE 15%, ZEC 11%",83,11.2,22.4,0.27,38.6,1.0,"{""2026-08"": -1.9, ""2026-09"": 9.0, ""2026-10"": 15.4}",2320.422441999999,"{""2026-08"": -625.0, ""2026-09"": 1737.0, ""2026-10"": 1201.0}",False
0x163C…E5D3,149,14672.384321,191,25.6,5.1,76.9,0.4,71.7,1,"{""2026-03"": 29.6, ""2026-04"": 32.8, ""2026-05"": -8.9, ""2026-06"": 21.8, ""2026-07"": 1.6}",14164.64156,1.1,8.3,3,95.0,5.0,63.7,"ETH 45%, BTC 43%, WTI 4%, XAU 1%",78,-8.8,-26.5,-0.34,52.6,2.0,"{""2026-08"": -21.1, ""2026-09"": -5.7, ""2026-10"": 0.3}",-17123.365546,"{""2026-08"": -14235.0, ""2026-09"": -3119.0, ""2026-10"": 368.0}",False
0xa62c…8b9F,350,44933.912284,283,25.5,2.1,127.4,0.45,39.2,5,"{""2025-08"": 30.6, ""2025-09"": 137.6, ""2025-10"": -90.4, ""2025-11"": -25.7, ""2025-12"": -31.3, ""2026-01"": -47.8, ""2026-02"": 12.2, ""2026-03"": -8.7, ""2026-04"": 14.9, ""2026-05"": 29.6, ""2026-06"": 46.6, ""2026-07"": 59.8}",8214.062096,0.6,6.5,5,86.0,14.0,31.5,"FARTCOIN 21%, BTC 12%, ETH 6%, VIRTUAL 5%",27,18.0,89.9,3.33,81.5,0.0,"{""2026-08"": 55.0, ""2026-09"": 34.9}",5578.542536000001,"{""2026-08"": 3259.0, ""2026-09"": 2150.0, ""2026-10"": -221.0}",False
0x489E…8140,96,11470.126156999999,270,25.1,6.3,75.2,0.28,63.0,2,"{""2026-04"": -1.5, ""2026-05"": 12.8, ""2026-06"": 65.1, ""2026-07"": -1.2}",3935.9272690000003,1.33,3.0,3,100.0,0.0,12.5,"BTC 30%, SOL 30%, SNDK 23%, ETH 17%",68,2.1,6.4,0.09,50.0,2.0,"{""2026-08"": 13.1, ""2026-09"": -6.7, ""2026-10"": -0.0}",-10752.751581,"{""2026-08"": -8685.0, ""2026-09"": -1124.0, ""2026-10"": 130.0}",False
0x32Ed…68e3,111,15714.718609,157,18.8,4.7,56.5,0.36,43.9,1,"{""2026-04"": -9.5, ""2026-05"": 37.5, ""2026-06"": 27.2, ""2026-07"": 1.3}",6597.144001000001,0.4,4.9,3,83.0,17.0,42.1,"BTC 24%, ETH 14%, QQQ 7%, US100 7%",6,0.7,2.2,0.36,33.3,1.0,"{""2026-08"": -0.6, ""2026-09"": 2.8}",442.72367699999995,"{""2026-08"": -151.0, ""2026-09"": 664.0, ""2026-10"": 0.0}",False
0xc89f…C191,129,11612.956352000001,371,17.4,3.5,52.2,0.14,55.8,1,"{""2026-03"": -8.2, ""2026-04"": 1.7, ""2026-05"": 9.4, ""2026-06"": 48.6, ""2026-07"": 0.8}",530.970501,1.37,2.6,3,100.0,0.0,12.3,"SOL 36%, BTC 30%, ETH 22%, SNDK 12%",66,1.8,5.5,0.08,50.0,2.0,"{""2026-08"": 14.7, ""2026-09"": -9.2, ""2026-10"": -0.0}",-8424.080662,"{""2026-08"": -6396.0, ""2026-09"": -1053.0, ""2026-10"": 127.0}",False
0x40Dc…91F1,404,7369.656931,129,16.8,1.9,67.3,0.52,50.4,4,"{""2025-07"": -22.3, ""2025-08"": 15.4, ""2025-09"": -102.7, ""2025-10"": 114.9, ""2026-01"": 68.0, ""2026-02"": 38.9, ""2026-04"": -33.2, ""2026-06"": -17.1, ""2026-07"": 5.4}",4454.9376,2.27,20.8,4,93.0,7.0,38.9,"HYPE 35%, SOL 27%, XRP 6%, ADA 5%",259,-60.1,-240.3,-0.93,37.5,3.0,"{""2026-08"": -48.7, ""2026-09"": -184.5, ""2026-10"": -7.0}",-14326.996262,"{""2026-08"": -7151.0, ""2026-09"": -7041.0, ""2026-10"": -84.0}",False
0xAf24…9318,269,19719.627809999994,172,13.2,1.5,118.5,0.69,57.6,1,"{""2025-11"": 27.5, ""2025-12"": 1.2, ""2026-01"": 95.8, ""2026-02"": 0.8, ""2026-03"": 0.2, ""2026-04"": 22.0, ""2026-05"": 9.3, ""2026-06"": -38.6, ""2026-07"": 0.5}",1587.791940000001,0.73,35.7,9,93.0,7.0,32.6,"BTC 22%, ETH 13%, ZEC 6%, SOL 5%",12,-5.8,-52.0,-4.33,25.0,1.0,"{""2026-08"": 4.6, ""2026-09"": -56.5}",-8184.435465000002,"{""2026-08"": -6490.0, ""2026-09"": -2038.0, ""2026-10"": 413.0}",False
0x3938…2628,135,104685.404288,142,1.4,0.3,7.1,0.05,52.8,3,"{""2026-03"": -9.6, ""2026-04"": 31.7, ""2026-05"": -47.1, ""2026-06"": -3.3, ""2026-07"": 35.4}",51104.511119,0.6,15.4,5,77.0,23.0,52.5,"ETH 24%, LIT 11%, HYPE 11%, SOL 9%",16,-9.2,-46.1,-2.88,50.0,1.0,"{""2026-08"": 19.2, ""2026-09"": -65.3}",-88881.843223,"{""2026-08"": -52552.0, ""2026-09"": -28079.0, ""2026-10"": -235.0}",False
