adres,data_vanaf,laatste_trade,keuze_trades,keuze_potje_pct,keuze_potje_per_maand_pct,keuze_som_pct,pct_2026-04,pct_2026-05,pct_2026-06,pct_2026-07,pct_2026-08,pct_2026-09,pct_2026-10,som_3m_pct,winstgevend_3m,volledig_3m,trades_3m,gem_rendement_3m_pct,winst_pct_trades_3m,som_6m_pct,winstgevend_6m,volledig_6m,trades_6m,gem_rendement_6m_pct,winst_pct_trades_6m,verliesmaanden_6m,max_daling_6m_pct,slechtste_trade_6m_pct,trader_pnl_3m_usd,trader_pnl_6m_usd,equity_usd,open_posities,ongerealiseerd_usd,hefboom_nu,trades_per_dag_30d,houdtijd_mediaan_uur,gelijktijdig_p90,kraken_pct,lighter_only_pct,keuze_maker_pct,munten,eis_handmatig,gekozen
0xbEf1…d2E5,2026-06-26,2026-10-04,212,365.6,73.1,365.6,,,14.0,-13.6,263.9,100.8,0.4,351.2,True,True,208,1.69,56.7,365.6,True,False,213,1.72,57.3,1,-13.9,-3.7,140493,142640,57766,0,0,0.0,0.3,0.0,1,15.0,85.0,34.9,"USDKRW 21%, USDCAD 13%, BTC 12%, NZDUSD 11%",False,True
0x9845…599C,2025-06-11,2026-10-01,318,253.9,14.9,507.8,57.0,78.1,64.3,75.2,12.7,-17.6,2.5,69.8,True,True,68,1.03,88.2,255.4,True,True,151,1.69,88.1,1,-18.4,-15.2,-1038,5426,27891,1,-57,0.12,0.23,4.1,2,82.0,18.0,61.7,"PUMP 26%, LIT 5%, SEI 4%, NEAR 3%",True,True
0x5Ed2…d7cF,2026-03-28,2026-10-03,358,202.3,28.9,202.3,35.5,73.9,0.0,0.0,24.6,59.3,8.7,92.6,True,True,235,0.39,65.5,200.0,True,True,351,0.57,76.6,0,-14.5,-9.4,1978,2338,10744,1,-1,0.03,6.23,0.9,1,34.0,66.0,64.9,"LIT 54%, HYPE 34%, CASHCAT 12%, ANSEM 0%",False,True
0xcCF5…9D42,2026-06-11,2026-10-03,435,175.6,35.1,702.2,,,136.9,175.2,121.9,248.1,20.1,547.5,True,True,334,1.64,97.9,702.2,True,False,435,1.61,98.2,0,-1.9,-1.9,10998,25621,24026,2,-420,0.27,5.03,1.4,4,50.0,50.0,4.8,"KAITO 6%, CAP 5%, USELESS 5%, 51 4%",False,True
0xa018…02bA,2026-02-08,2026-10-02,444,159.9,17.8,1438.8,304.7,151.6,100.7,95.6,208.9,160.4,5.9,458.1,True,True,143,3.2,83.9,983.7,True,True,333,2.95,82.3,0,-25.6,-15.6,5234,4301,7954,9,-6771,2.98,1.93,17.5,9,55.0,45.0,61.0,"VVV 6%, LIT 5%, RIVER 4%, HYPE 4%",True,True
0xFAE1…6dBB,2025-03-17,2026-10-03,590,158.3,8.8,474.9,62.9,48.0,70.2,134.4,81.5,73.6,15.2,290.9,True,True,201,1.45,92.5,483.4,True,True,325,1.49,93.2,0,-25.4,-25.4,2296,5412,13606,1,-56,0.18,2.2,0.8,3,53.0,47.0,5.6,"BTC 13%, KAITO 4%, CASHCAT 4%, EDEN 3%",False,False
0x80B8…6965,2025-06-09,2026-10-03,327,93.2,5.8,373.0,29.7,31.4,38.8,47.7,55.8,112.3,29.2,232.5,True,True,90,2.58,88.9,344.5,True,True,156,2.21,89.1,0,-27.5,-20.8,15625,19615,21666,5,-347,0.77,1.3,15.2,4,95.0,5.0,43.9,"ETH 30%, HYPE 23%, PUMP 19%, BNB 5%",True,False
0xc16E…Fc09,2025-10-05,2026-10-02,358,93.1,10.3,279.3,0.0,0.0,23.0,12.5,0.7,37.7,1.5,52.3,True,True,35,1.49,88.6,75.3,True,True,92,0.82,78.3,0,-1.1,-1.1,1973,986,10675,4,-6155,0.82,0.63,0.6,3,92.0,8.0,9.7,"ZEC 29%, HYPE 24%, FARTCOIN 22%, ASTER 7%",False,False
0x4Bb3…Dee2,2026-01-14,2026-10-02,352,84.7,8.5,846.9,56.8,124.5,73.1,189.2,64.4,23.9,-2.2,235.8,True,True,153,1.54,72.5,518.3,True,True,224,2.31,74.6,0,-24.4,-17.6,236,609,6440,4,2,0.07,0.93,38.8,10,78.0,22.0,12.0,"BTC 14%, ETH 12%, LIT 5%, EIGEN 4%",True,False
0xeeE0…022b,2026-03-25,2026-10-03,398,84.5,10.6,422.4,100.3,58.4,47.8,126.4,36.8,44.5,2.6,199.6,True,True,189,1.06,63.5,388.4,True,True,364,1.07,73.6,0,-6.3,-5.8,22760,16052,15744,3,-5731,4.04,1.4,3.3,5,66.0,34.0,0.1,"BTC 38%, STABLE 11%, LIT 9%, ETH 8%",True,False
0xCf92…a9d8,2025-11-09,2026-10-02,172,81.7,9.1,326.7,0.0,0.0,0.0,4.6,18.4,233.6,44.5,301.1,True,True,28,10.75,75.0,301.1,True,True,28,10.75,75.0,0,-2.3,-1.5,8480,8480,12093,2,-8,0.27,0.4,4.6,4,91.0,9.0,39.2,"ETH 21%, BTC 17%, XAG 12%, CRCL 5%",True,False
0xF5D5…7139,2025-11-04,2026-10-04,430,75.8,6.3,606.3,27.2,74.1,49.0,110.4,35.5,35.3,5.8,184.2,True,True,175,1.05,57.7,326.7,True,True,249,1.31,62.2,0,-24.6,-22.2,7424,6713,5726,0,0,0.0,2.73,5.4,8,86.0,14.0,0.0,"ETH 16%, BTC 13%, ZEC 10%, SOL 8%",True,False
0xb0be…0467,2025-05-03,2026-10-02,306,75.0,4.2,450.1,-0.1,-19.0,-69.1,24.0,72.8,149.0,1.9,247.8,True,True,82,3.02,62.2,159.6,True,True,114,1.4,56.1,3,-96.7,-59.4,10943,10151,24782,0,0,0.0,1.03,23.9,6,85.0,15.0,56.9,"ETH 10%, GRAM 8%, ASTER 8%, TAO 8%",True,False
0xfaCE…68Ec,2025-08-10,2026-10-01,102,74.6,5.0,298.5,-12.2,64.4,36.8,43.7,101.8,75.7,-0.4,220.8,True,True,36,6.13,88.9,309.8,True,True,74,4.19,82.4,1,-47.4,-40.5,32143,38242,117457,2,11286,1.19,0.63,26.5,4,55.0,45.0,53.0,"VVV 19%, ETH 17%, LIT 11%, CAP 8%",True,False
0xE2C8…D708,2025-04-23,2026-10-02,175,69.2,5.3,207.6,0.0,44.8,-11.9,12.8,107.2,117.5,-0.3,235.5,True,True,67,3.51,52.2,270.0,True,True,102,2.65,47.1,1,-17.8,-10.1,13226,14831,14539,7,565,1.4,1.03,6.9,3,79.0,21.0,3.6,"PUMP 11%, BTC 10%, 1000BONK 9%, SOL 5%",True,False
0xcC38…90b4,2026-02-02,2026-10-03,357,66.4,7.4,132.8,20.4,21.6,-19.4,14.4,22.6,25.7,13.5,60.9,True,True,174,0.35,26.4,98.7,True,True,240,0.41,34.2,1,-38.8,-11.5,11656,26743,149970,1,627,0.2,3.57,0.4,2,71.0,29.0,50.2,"BTC 36%, LIT 20%, XAG 13%, ZEC 11%",False,False
0x27B7…5F61,2026-01-15,2026-10-03,157,64.3,7.1,449.8,4.5,9.6,55.4,106.9,105.7,115.3,34.4,357.2,True,True,134,2.67,88.1,431.8,True,True,151,2.86,88.7,0,-15.4,-15.4,5264,5654,6515,5,-777,1.32,1.83,20.1,7,73.0,27.0,67.0,"CAP 14%, ETH 11%, KAITO 10%, AAVE 9%",True,False
0x1Fdf…eE1f,2026-02-04,2026-10-03,221,64.3,7.1,450.0,62.6,82.7,77.8,33.3,52.3,57.7,5.3,144.1,True,True,84,1.72,90.5,364.7,True,True,161,2.27,91.3,0,-30.8,-30.8,2184,2799,19005,7,-1778,1.3,1.07,32.6,7,91.0,9.0,77.7,"HYPE 22%, ZEC 19%, BNB 15%, MU 10%",True,False
0x3234…87Bc,2025-08-04,2026-10-01,102,61.0,5.1,61.0,1.0,0.0,2.3,10.4,4.2,5.5,8.9,29.0,True,True,27,1.07,59.3,30.1,True,True,37,0.81,56.8,0,-2.8,-2.3,1971,2188,5974,2,59,0.87,0.47,9.9,1,97.0,3.0,44.4,"BTC 91%, ETH 3%, LIT 2%, VVV 1%",True,False
0x9FcC…97CA,2025-09-24,2026-09-30,197,60.7,4.7,546.5,1.1,-17.8,87.3,94.4,-5.6,334.1,0.0,428.8,True,True,52,8.25,63.5,491.6,True,True,82,6.0,54.9,2,-27.5,-18.3,39700,34495,44910,8,3092,2.08,0.97,53.1,9,85.0,15.0,77.7,"BTC 23%, ETH 9%, WTI 5%, ZEC 4%",True,False
0xe8c7…3D10,2026-04-04,2026-09-29,130,58.2,9.7,232.7,84.9,44.7,12.2,10.9,15.9,64.1,0.0,91.0,True,True,21,4.33,85.7,231.4,True,True,127,1.82,87.4,0,-7.0,-7.0,13739,15540,8613,0,0,0.0,0.43,11.6,4,50.0,50.0,57.8,"VVV 28%, LIT 22%, HYPE 17%, BTC 13%",True,False
0x2C58…8E7E,2025-12-16,2026-10-03,265,56.3,6.3,225.2,4.3,5.2,69.1,34.9,0.0,21.9,37.8,94.5,True,True,13,7.27,61.5,173.2,True,True,28,6.18,75.0,0,-3.5,-1.1,5055,3558,10918,10,-221,5.95,0.33,0.3,4,98.0,2.0,28.7,"XPL 27%, ZEC 26%, HYPE 17%, FARTCOIN 14%",False,False
0x84f4…3Ed0,2026-06-17,2026-10-03,100,53.2,10.6,106.3,,,5.6,2.9,50.1,34.0,13.7,96.0,True,True,78,1.23,64.1,106.3,True,False,100,1.06,65.0,0,-6.4,-6.3,17178,12861,73374,1,-91,0.2,1.0,1.2,2,8.0,92.0,62.6,"H100 49%, STRC 21%, USDKRW 9%, URA 4%",False,False
0x6baB…3AF0,2025-11-19,2026-10-03,287,52.0,4.3,363.9,-8.5,3.0,-18.9,28.3,78.7,224.2,1.5,332.7,True,True,72,4.62,69.4,310.6,True,True,86,3.61,65.1,2,-22.8,-14.8,8292,7452,10918,2,395,2.65,1.1,3.0,7,92.0,8.0,40.8,"BTC 25%, XAG 20%, ETH 16%, CRCL 5%",True,False
0x559B…8169,2026-03-10,2026-10-03,270,50.2,6.3,301.0,33.9,54.3,74.7,37.8,45.6,23.4,1.2,96.7,True,True,105,0.92,93.3,268.4,True,True,241,1.11,93.4,0,-18.5,-18.4,-285,3699,7366,3,-1045,2.52,0.53,9.2,6,71.0,29.0,0.0,"BTC 15%, MU 7%, MSTR 7%, PLTR 6%",True,False
0x8AF3…898C,2025-10-06,2026-10-03,192,50.0,6.2,200.2,0.0,0.0,0.0,-4.4,31.2,169.9,0.3,191.1,True,True,55,3.47,54.5,196.9,True,True,58,3.4,55.2,1,-18.5,-9.4,3653,3771,5558,2,422,1.41,0.7,0.3,4,92.0,8.0,29.2,"BTC 40%, ETH 24%, ENA 8%, HYPE 4%",False,False
0x7C84…8256,2025-10-01,2026-10-01,130,49.8,4.1,99.6,-0.2,0.5,3.9,-3.2,60.4,5.5,-5.3,57.4,True,True,43,1.34,51.2,61.6,True,True,68,0.91,41.2,2,-17.6,-6.4,525,2020,5118,2,-433,4.99,0.6,5.9,2,75.0,25.0,35.9,"BTC 26%, XAU 15%, EURUSD 15%, ETH 11%",True,False
0xDE95…4C74,2025-09-10,2026-10-01,128,49.3,8.2,493.4,0.0,0.0,-8.1,-2.2,176.6,217.2,75.7,467.4,True,True,105,4.45,41.0,459.2,True,True,107,4.29,40.2,2,-52.4,-24.9,51716,49206,50504,0,0,0.0,1.6,44.6,10,76.0,24.0,60.1,"LIT 13%, ETH 8%, SOL 5%, ZEC 5%",True,False
0xA19A…a36B,2026-04-08,2026-10-03,176,49.1,7.0,392.7,32.8,25.0,72.8,55.4,91.4,109.1,6.2,255.6,True,True,78,3.28,83.3,392.7,True,False,176,2.23,84.1,0,-11.7,-7.7,14048,20808,12080,0,0,0.0,0.9,19.2,8,58.0,42.0,5.8,"XMR 14%, SKHYNIXUSD 14%, CBRS 12%, INTC 9%",True,False
0xC2C3…905b,2025-07-07,2026-10-02,127,47.6,3.7,95.1,3.0,-2.0,9.3,0.0,0.0,21.4,-0.1,21.3,True,True,9,2.36,33.3,31.6,True,True,31,1.02,45.2,1,-19.7,-7.8,1180,1531,6004,2,-25,3.46,0.3,10.7,2,94.0,6.0,17.7,"BTC 27%, HYPE 22%, ETH 9%, SOL 6%",True,False
0x57BE…53Df,2025-11-22,2026-10-02,310,42.6,3.6,383.4,30.0,63.3,-93.1,-16.8,212.1,69.8,-1.9,262.2,True,True,90,2.91,44.4,254.9,True,True,238,1.07,45.8,2,-147.7,-25.2,-702,3148,9051,7,-1471,1.85,1.5,48.9,9,75.0,25.0,1.5,"XMR 11%, VVV 10%, ETH 10%, ZEC 8%",True,False
0xB4fc…Fb6d,2026-03-26,2026-10-03,281,42.2,5.3,84.3,-4.8,35.9,33.4,-2.2,-1.9,9.0,15.4,23.1,True,True,114,0.2,36.0,82.4,True,True,277,0.3,40.8,3,-18.6,-11.4,3902,9522,20140,0,0,0.0,1.83,2.0,2,95.0,5.0,9.6,"BTC 27%, SOL 20%, ZEC 19%, HYPE 15%",True,False
0x944f…1B04,2026-04-20,2026-10-02,151,39.0,5.6,155.9,49.7,20.0,1.3,51.9,44.8,-25.6,13.7,69.5,True,True,90,0.77,40.0,155.9,True,False,151,1.03,41.7,1,-35.0,-15.2,19406,20752,7470,2,32,0.97,1.23,12.0,4,63.0,37.0,2.5,"LIT 22%, ETH 20%, BTC 8%, HYPE 6%",True,False
0xe9b7…932F,2025-11-28,2026-10-03,379,37.0,3.1,148.0,-10.6,24.1,10.7,-28.1,83.0,111.2,5.5,171.6,True,True,173,0.99,42.8,192.7,True,True,277,0.7,39.7,2,-68.4,-13.2,1891,3656,10976,1,18,0.09,1.93,12.7,4,88.0,12.0,15.7,"BTC 31%, HYPE 13%, ZEC 6%, LIT 4%",True,False
0x76B3…e218,2026-02-25,2026-10-03,230,36.8,4.1,73.5,12.2,13.3,16.6,18.9,21.7,6.9,-1.3,38.8,True,True,53,0.73,71.7,87.7,True,True,125,0.7,67.2,0,-17.6,-13.9,-5179,1907,12503,4,-15243,7.92,0.8,0.5,2,80.0,20.0,1.1,"ETH 50%, WTI 11%, LIT 9%, HYPE 9%",False,False
0x3757…9493,2026-01-12,2026-09-29,136,31.3,4.5,218.9,0.0,0.0,-3.2,-24.2,164.5,95.8,0.0,236.1,True,True,73,3.23,56.2,232.8,True,True,90,2.59,51.1,2,-44.7,-20.6,13979,14126,27604,7,-2193,6.1,1.47,37.0,7,86.0,14.0,0.0,"HYPE 12%, BTC 9%, ETH 8%, SOL 7%",True,False
0x99Bc…2Fd9,2026-04-09,2026-10-03,583,30.6,4.4,153.1,-23.4,-2.4,-7.1,-7.5,53.0,138.5,2.0,180.3,True,True,264,0.68,75.8,153.1,True,False,583,0.26,52.8,4,-41.9,-16.1,1633,1254,5071,4,-515,1.39,3.83,0.8,5,85.0,15.0,8.2,"ETH 23%, SOL 16%, LINK 7%, LIT 7%",False,False
0x85b7…Ea0D,2025-11-05,2026-09-30,118,28.4,5.7,85.1,0.0,0.0,0.0,7.7,0.0,43.0,0.0,50.7,True,True,25,2.03,72.0,50.7,True,True,25,2.03,72.0,0,-12.5,-11.8,8114,13891,6961,1,3111,1.26,0.5,1.0,3,66.0,34.0,73.4,"0G 13%, HYPE 8%, ENA 7%, UNI 7%",False,False
0xBb84…d0D0,2026-02-23,2026-10-02,352,27.2,3.0,135.8,6.4,20.7,35.4,38.7,10.4,17.9,8.4,76.9,True,True,138,0.56,46.4,137.8,True,True,234,0.59,48.7,0,-26.8,-7.7,2287,1806,14865,3,-613,0.89,2.67,4.7,5,95.0,5.0,35.3,"ETH 15%, BTC 11%, SOL 11%, HYPE 7%",True,False
0xEaEA…4228,2025-07-20,2026-09-29,140,26.8,1.9,214.8,11.3,-8.8,-13.9,-18.0,-20.7,-42.4,0.0,-81.1,False,True,26,-3.12,19.2,-92.5,False,True,69,-1.34,23.2,5,-128.8,-44.3,-1723,-2230,5152,2,-96,2.31,0.43,98.6,8,80.0,20.0,49.0,"BTC 24%, WTI 10%, HYPE 7%, ZEC 6%",True,False
0xFF95…A3B4,2026-06-08,2026-10-03,110,25.9,5.2,155.5,,,-13.5,4.6,49.3,110.6,4.5,169.0,True,True,106,1.59,62.3,155.5,True,False,110,1.41,61.8,1,-18.6,-10.4,16002,15971,21210,5,-835,3.07,0.93,15.1,6,80.0,20.0,26.6,"PUMP 14%, LIT 13%, UNI 11%, HYPE 6%",True,False
0x120E…AF74,2025-10-22,2026-10-03,122,25.6,3.7,76.8,-6.6,3.0,0.0,0.0,0.0,53.0,-22.6,30.4,True,True,76,0.4,52.6,25.3,True,True,83,0.3,54.2,1,-22.8,-11.2,6433,6190,7942,2,723,1.66,2.53,7.8,3,99.0,1.0,12.9,"BTC 30%, ZEC 28%, ETH 14%, NEAR 13%",True,False
0x5d6d…66cD,2025-11-28,2026-10-02,281,25.0,2.1,49.9,-0.1,-3.0,6.7,5.5,-13.8,26.7,1.2,19.7,True,True,26,0.76,65.4,20.7,True,True,123,0.17,36.6,3,-19.0,-9.8,-949,-473,9987,3,-1047,0.45,0.6,0.4,2,95.0,5.0,2.8,"HYPE 85%, SOL 3%, FARTCOIN 2%, LIT 2%",False,False
0xfa68…abbc,2025-09-24,2026-10-01,152,24.8,1.9,198.6,23.9,-0.5,23.6,0.0,-71.7,-43.7,12.7,-102.7,False,True,34,-3.02,50.0,-55.7,False,True,55,-1.01,54.5,3,-117.4,-46.6,4519,4420,18011,5,1407,2.16,0.73,66.4,8,75.0,25.0,4.7,"HYPE 9%, XRP 7%, LIT 7%, SUI 5%",True,False
0xd963…b905,2026-03-22,2026-09-29,187,24.6,3.5,221.5,3.9,23.1,81.4,64.6,36.2,11.9,0.0,107.5,True,True,62,1.73,91.9,220.7,True,True,178,1.24,82.6,0,-10.1,-10.1,12645,16115,11491,1,-3022,5.84,0.43,6.6,9,91.0,9.0,55.2,"ZEC 17%, HYPE 11%, UNI 9%, BTC 9%",True,False
0xED18…7602,2025-08-29,2026-10-02,213,22.6,1.7,113.2,4.1,-12.5,18.7,5.3,-6.7,10.3,7.2,11.3,True,True,19,0.6,73.7,22.3,True,True,22,1.01,72.7,2,-19.3,-19.3,312,5695,42685,1,403,0.8,0.37,12.6,5,96.0,4.0,27.7,"SOL 34%, BTC 14%, ETH 8%, FARTCOIN 7%",True,False
0x74c1…c313,2025-11-23,2026-10-02,484,21.8,1.8,109.0,-7.8,-26.3,-11.8,26.2,104.8,65.9,8.2,178.9,True,True,29,6.17,79.3,159.2,True,True,51,3.12,60.8,3,-62.6,-13.5,3011,1565,6617,3,111,1.15,0.53,2.3,5,99.0,1.0,22.9,"SOL 27%, BTC 23%, ETH 12%, HYPE 7%",True,False
0x7D5f…2DDd,2025-05-27,2026-10-02,420,19.7,1.1,98.7,35.1,67.9,46.1,32.6,27.7,188.4,7.2,255.9,True,True,90,2.84,88.9,404.9,True,True,194,2.09,86.6,0,-16.7,-16.7,17663,19207,16785,6,-329,1.0,1.4,10.2,5,93.0,7.0,31.3,"HYPE 30%, BTC 9%, JUP 8%, NEAR 8%",True,False
0x5b5A…45a4,2026-01-30,2026-09-29,111,19.0,2.1,114.2,-1.9,3.1,47.2,-4.4,11.6,15.8,0.0,22.8,True,True,13,1.75,69.2,71.9,True,True,41,1.75,73.2,2,-41.0,-33.8,1529,1755,5660,1,82,0.06,0.17,17.3,6,65.0,35.0,61.8,"BTC 24%, WTI 19%, XAU 9%, ZEC 6%",True,False
0xDb61…eAed,2025-03-04,2026-09-30,110,18.8,1.6,75.3,0.0,0.0,0.6,0.0,-2.3,38.4,0.0,36.0,True,True,26,1.39,38.5,36.6,True,True,27,1.36,40.7,1,-29.0,-11.4,7478,11724,30235,1,846,0.79,0.77,16.5,4,84.0,16.0,46.4,"ETH 12%, HYPE 10%, BTC 8%, PUMP 5%",True,False
0x8c1c…bAaE,2026-01-12,2026-10-02,242,18.7,1.9,74.8,7.3,28.7,26.5,-3.9,49.8,45.0,1.7,87.1,True,True,133,0.65,51.1,142.8,True,True,184,0.78,51.1,1,-42.7,-24.3,5886,8449,7126,4,-3,1.24,2.0,19.3,4,77.0,23.0,62.3,"HYPE 23%, VVV 6%, ETH 5%, WLD 5%",True,False
0x33F4…104f,2026-02-07,2026-10-03,334,18.7,2.1,56.1,7.1,-9.8,-7.3,-1.9,33.7,80.4,-7.7,87.2,True,True,97,0.9,80.4,95.0,True,True,183,0.52,79.8,3,-40.7,-28.0,4910,6495,7107,3,-69,0.84,1.63,0.4,3,65.0,35.0,5.0,"LIT 31%, SOL 16%, ONDO 10%, ETH 6%",False,False
0xA2c0…2dc3,2025-06-02,2026-09-29,202,18.1,1.1,126.8,0.7,10.0,-53.5,-5.5,-83.7,18.8,0.0,-70.4,False,True,36,-1.95,30.6,-112.8,False,True,55,-2.05,34.5,3,-144.9,-81.0,3245,6388,8113,2,-6002,1.61,0.73,14.2,7,81.0,19.0,3.4,"BTC 27%, ETH 14%, HYPE 7%, SOL 5%",True,False
0xDA1c…5cA4,2026-03-29,2026-09-30,306,17.5,2.5,70.1,-15.8,15.0,10.5,-15.9,4.9,61.5,0.0,62.4,True,True,123,0.51,56.9,68.3,True,True,267,0.26,56.2,2,-37.6,-21.5,10237,8850,5990,3,-507,4.94,1.03,8.7,4,56.0,44.0,6.0,"LIT 31%, ETH 13%, AAVE 5%, META 4%",True,False
0xF816…3999,2026-06-25,2026-10-03,134,15.8,3.2,31.7,,,-0.9,0.4,5.6,23.2,3.3,32.1,True,True,125,0.26,51.2,31.7,True,False,134,0.24,49.3,1,-16.6,-16.6,3613,-5554,5956,0,0,0.0,2.93,0.6,2,88.0,12.0,4.4,"BTC 43%, FARTCOIN 18%, ZEC 10%, USELESS 10%",False,False
0xC1E4…6B22,2025-04-13,2026-10-02,167,15.4,1.0,61.5,0.0,62.5,22.9,25.6,-0.9,141.4,14.4,176.9,True,True,15,11.79,80.0,265.8,True,True,30,8.86,90.0,1,-21.2,-20.7,18999,26191,30192,3,481,1.02,0.3,18.4,4,87.0,13.0,53.1,"SOL 21%, HYPE 16%, ETH 10%, BTC 7%",True,False
0x5137…Df65,2025-09-16,2026-10-02,174,13.9,1.1,27.8,-0.8,8.6,32.9,4.5,4.0,13.6,-0.4,20.7,True,True,55,0.38,52.7,63.2,True,True,106,0.6,57.5,1,-3.9,-2.6,2850,4097,8360,0,0,0.0,1.03,1.7,2,76.0,24.0,19.2,"BTC 30%, LIT 18%, HYPE 7%, XPL 6%",False,False
0x2c40…63FF,2026-04-09,2026-10-02,204,13.7,2.0,68.7,-6.5,92.2,-18.7,-38.1,7.2,33.7,-1.2,13.7,True,True,104,0.13,37.5,68.7,True,False,204,0.34,35.3,3,-98.3,-18.5,2234,6675,5951,3,354,1.81,2.3,20.1,5,80.0,20.0,52.7,"BTC 6%, NEAR 4%, ZEC 3%, CHIP 3%",True,False
0x9FBf…a035,2026-03-13,2026-09-29,189,13.0,1.9,117.2,-35.3,33.6,9.9,-15.1,116.5,93.1,0.0,194.9,True,True,39,5.0,64.1,202.8,True,True,120,1.69,47.5,2,-92.2,-92.2,1160,2644,11555,10,269,0.42,0.6,36.7,9,76.0,24.0,6.2,"XMR 7%, CHIP 7%, TRUMP 5%, LIT 5%",True,False
0xa9f5…69ba,2026-02-23,2026-10-03,429,10.5,1.2,42.0,12.8,14.9,27.6,2.8,-36.8,-40.1,5.6,-70.2,False,True,177,-0.4,75.7,-20.8,False,True,327,-0.06,73.1,2,-171.1,-74.1,366,1142,5559,5,-1201,4.06,3.67,0.5,4,85.0,15.0,49.8,"ETH 17%, HYPE 14%, SOL 9%, ZEC 6%",False,False
0xA653…d177,2025-10-03,2026-10-02,179,10.4,2.6,93.9,0.0,0.0,0.0,4.1,132.1,-54.8,12.4,93.9,True,True,179,0.52,39.1,93.9,True,True,179,0.52,39.1,1,-62.0,-16.2,21280,20753,26886,6,9323,2.82,3.03,6.4,9,72.0,28.0,0.0,"ZEC 12%, NEAR 10%, LIT 8%, HYPE 5%",False,False
0x60DD…7FC9,2025-10-05,2026-10-01,135,10.2,1.0,20.3,1.1,21.3,0.0,8.3,-17.0,23.7,1.1,16.1,True,True,75,0.22,53.3,36.9,True,True,105,0.35,60.0,1,-22.2,-6.1,5504,7132,6073,2,1003,5.6,1.03,8.2,2,62.0,38.0,0.4,"WTI 33%, BTC 17%, ETH 16%, XAU 5%",True,False
0xcAB6…9CBc,2026-06-15,2026-10-02,116,9.4,1.9,18.9,,,2.1,18.3,-2.5,0.5,0.4,17.4,True,True,101,0.17,25.7,18.9,True,False,116,0.16,27.6,1,-4.0,-0.7,836,1412,7115,0,0,0.0,0.9,0.2,2,98.0,2.0,68.3,"BTC 72%, ETH 17%, SOL 4%, LIT 2%",False,False
0x59E1…1422,2026-04-01,2026-10-02,190,8.4,1.2,33.4,-6.7,33.8,-15.5,-57.5,-10.5,102.8,-13.0,19.9,True,True,97,0.21,41.2,33.8,True,True,189,0.18,41.3,4,-101.5,-20.5,3541,7679,17873,1,-70,0.48,1.17,7.5,4,72.0,28.0,20.0,"ZEC 18%, LIT 14%, BTC 11%, NBIS 9%",True,False
0x81af…D17f,2026-01-13,2026-10-02,164,8.0,0.8,23.9,6.5,0.4,-10.1,10.2,33.4,8.2,-7.1,44.8,True,True,102,0.44,50.0,41.5,True,True,124,0.33,49.2,1,-18.9,-11.5,17024,16821,28394,2,-1065,1.37,2.1,5.3,3,97.0,3.0,18.0,"ETH 57%, BTC 26%, SOL 12%, 0G 3%",True,False
0x46f8…168d,2026-06-22,2026-10-01,239,7.2,1.4,71.8,,,22.3,-48.5,-103.4,205.1,-3.7,49.5,True,True,202,0.25,32.2,71.8,True,False,239,0.3,33.5,2,-190.7,-15.6,11032,36183,22956,6,-38,2.71,3.03,16.3,10,90.0,10.0,1.8,"ZEC 10%, SOL 10%, AVAX 7%, AAVE 6%",False,False
0xD802…c9E5,2026-07-01,2026-10-02,133,7.0,1.8,13.9,,,,0.3,-2.6,16.2,0.0,12.4,True,True,126,0.1,43.7,13.9,True,False,133,0.1,44.4,1,-14.8,-11.8,240,376,5224,1,-2327,9.53,0.93,5.4,2,100.0,0.0,13.8,"BTC 65%, ETH 32%, SPCX 3%",True,False
0x8c50…fE14,2025-11-09,2026-09-30,153,6.4,0.6,12.8,-0.7,13.4,20.3,2.7,-2.5,-19.2,0.0,-18.8,False,True,92,-0.2,34.8,14.0,True,True,100,0.14,38.0,3,-27.8,-10.8,-1523,602,13941,2,62,1.8,1.67,0.1,2,97.0,3.0,0.2,"ETH 18%, 1000PEPE 13%, TRUMP 12%, FARTCOIN 11%",False,False
0xcB0c…59CE,2025-12-16,2026-10-03,133,6.2,0.6,43.3,31.6,-11.3,0.0,1.9,-105.7,78.7,-12.9,-37.9,False,True,44,-0.86,70.5,-24.5,False,True,60,-0.41,76.7,2,-147.2,-81.7,1004,1182,5014,3,-648,0.32,0.97,22.5,7,71.0,29.0,59.5,"ETH 34%, BTC 9%, WTI 8%, SOL 4%",True,False
0xFE8b…4796,2026-06-17,2026-09-30,154,5.9,1.5,23.7,,,6.0,9.6,10.2,-2.1,0.0,48.8,True,True,129,0.38,58.9,23.7,True,False,154,0.15,53.9,1,-32.9,-9.5,22966,-64914,56887,3,-3746,2.37,1.13,10.3,4,84.0,16.0,10.4,"BTC 18%, ETH 16%, SPCX 11%, SKHYNIXUSD 8%",True,False
0xdcFe…6f08,2025-12-30,2026-10-03,153,5.9,1.0,35.3,0.0,0.0,0.0,-22.1,2.3,70.3,-3.0,47.6,True,True,119,0.4,30.3,47.6,True,True,119,0.4,30.3,1,-50.1,-8.0,2958,2958,5974,9,830,12.76,2.7,6.9,6,94.0,6.0,10.6,"BTC 14%, ETH 7%, SOL 6%, PONS 6%",True,False
0xfC66…2C9E,2026-05-06,2026-09-30,250,5.3,1.1,15.8,,-21.0,-16.3,18.2,25.2,9.7,0.0,49.7,True,True,50,0.99,52.0,15.8,True,False,250,0.06,25.2,2,-39.8,-7.6,2298,2366,10347,2,-8,0.68,0.2,0.3,3,96.0,4.0,66.8,"BTC 82%, WTI 3%, XAU 2%, ETH 2%",False,False
0x982F…392b,2026-07-04,2026-10-03,135,4.8,1.2,14.5,,,,8.5,10.3,-3.7,-0.7,14.5,True,True,135,0.11,32.6,14.5,True,False,135,0.11,32.6,1,-14.5,-3.0,4378,8767,7049,2,110,1.26,1.37,6.7,3,99.0,1.0,59.0,"BTC 47%, ETH 16%, ZEC 8%, XRP 7%",True,False
0xba8C…e403,2025-10-17,2026-10-03,522,4.7,0.4,23.3,33.1,7.7,-33.1,12.7,-80.3,126.4,22.1,81.0,True,True,141,0.57,72.3,74.9,True,True,209,0.36,74.6,2,-114.8,-31.6,958,852,15835,13,-3105,4.07,2.93,4.1,5,94.0,6.0,27.2,"BTC 17%, ETH 11%, SOL 10%, ZEC 8%",True,False
0xea4d…f984,2026-02-25,2026-10-03,261,3.9,0.6,23.5,0.0,0.0,0.0,-6.5,4.8,13.6,21.8,33.7,True,True,208,0.16,46.6,33.7,True,True,208,0.16,46.6,1,-54.8,-11.9,2934,1795,15566,9,-2018,3.78,4.83,2.0,6,96.0,4.0,0.0,"BTC 15%, ETH 12%, XRP 9%, SOL 8%",False,False
0x90Fc…9F70,2025-09-20,2026-10-03,116,3.3,0.4,13.3,0.0,0.0,2.0,38.2,46.1,62.5,11.5,157.0,True,True,68,2.31,89.7,160.2,True,True,72,2.23,90.3,0,-11.8,-10.7,3349,3837,10348,0,0,0.0,1.1,7.5,4,90.0,10.0,78.6,"HYPE 13%, ETH 12%, BTC 10%, LIT 9%",True,False
0xDC09…d8c0,2025-10-29,2026-09-28,317,3.1,0.3,30.6,-22.9,-13.1,-46.4,-36.2,135.1,163.6,0.0,281.2,True,True,96,2.93,55.2,177.3,True,True,215,0.82,40.9,4,-177.3,-28.8,12035,11224,15055,11,787,1.12,1.2,13.9,10,85.0,15.0,22.0,"BTC 16%, ETH 15%, HYPE 9%, SNDK 7%",True,False
0xA32C…AAFC,2026-06-30,2026-10-03,186,3.1,0.8,18.4,,,0.0,14.7,-14.4,-0.8,18.8,17.7,True,True,180,0.1,48.3,18.4,True,False,186,0.1,47.8,2,-67.2,-17.3,2870,11253,70871,0,0,0.0,2.5,8.1,6,87.0,13.0,2.2,"BTC 21%, ETH 19%, ZEC 11%, LIT 8%",True,False
0x2D99…7745,2026-06-29,2026-10-02,151,2.2,0.4,6.7,,,-0.4,3.7,-1.8,4.9,0.1,11.9,True,True,126,0.09,40.5,6.7,True,False,151,0.04,40.4,2,-18.8,-6.8,1596,1469,7000,0,0,0.0,1.3,2.7,3,98.0,2.0,58.7,"BTC 46%, ETH 32%, QQQ 3%, SKHY 3%",True,False
0x4Bfb…8167,2026-06-16,2026-10-03,113,2.2,0.4,4.4,,,-13.7,4.3,15.0,-4.0,2.8,6.6,True,True,100,0.07,36.0,4.4,True,False,113,0.04,35.4,2,-28.8,-7.6,11954,12133,10248,0,0,0.0,1.47,11.6,2,72.0,28.0,32.9,"HYPE 29%, LIT 28%, SOL 13%, BNB 10%",True,False
0x8d10…5B76,2025-11-14,2026-10-02,225,1.4,0.1,4.2,-26.8,7.1,27.6,-71.2,137.8,-14.8,-0.2,60.0,True,True,48,1.25,31.2,59.6,True,True,104,0.57,30.8,3,-76.9,-23.8,3909,3710,10043,1,-179,0.98,1.07,7.0,3,23.0,77.0,45.4,"51 42%, LIT 20%, EDGE 11%, ETH 7%",True,False
0x3f21…f072,2026-03-25,2026-10-03,162,0.6,0.1,1.3,-16.1,1.3,7.8,8.6,-10.2,5.9,6.5,10.8,True,True,47,0.23,48.9,0.5,True,True,143,0.0,44.1,2,-21.4,-6.4,417,-566,6938,0,0,0.0,0.73,3.8,2,93.0,7.0,9.3,"BTC 79%, ZEC 4%, WTI 4%, XAG 3%",True,False
