munt,wallets,bezet_uren_pct,koop_en_houd_pct,hoofd_0.6_uur_pct,hoofd_0.6_uur_wissels,hoofd_0.6_uur_in_markt,d0.5_uur_pct,d0.5_uur_wissels,d0.5_uur_in_markt,d0.8_uur_pct,d0.8_uur_wissels,d0.8_uur_in_markt,hoofd_0.6_dag_pct,hoofd_0.6_dag_wissels,hoofd_0.6_dag_in_markt
AAVE,35,100.0,108.1,0.0,0,0.0,0.0,0,0.0,0.0,0,0.0,0.0,0,0.0
ACE,6,0.2,-22.1,0.0,0,0.0,0.0,0,0.0,0.0,0,0.0,0.0,0,0.0
ADA,15,100.0,40.3,37.47,4,0.38,28.5,10,0.67,-6.16,2,0.02,24.73,4,0.37
APT,6,0.0,52.1,0.0,0,0.0,0.0,0,0.0,0.0,0,0.0,0.0,0,0.0
ARB,41,100.0,168.0,0.0,0,0.0,0.0,0,0.0,0.0,0,0.0,0.0,0,0.0
ASTER,28,100.0,19.1,18.88,1,1.0,18.88,1,1.0,18.88,1,1.0,18.88,1,1.0
AVAX,37,100.0,75.9,0.0,0,0.0,0.0,0,0.0,0.0,0,0.0,0.0,0,0.0
BCH,11,96.1,58.2,-6.82,8,0.56,-6.82,8,0.56,0.0,0,0.0,-5.52,6,0.57
BNB,28,100.0,30.3,0.0,0,0.0,2.25,1,0.01,0.0,0,0.0,0.0,0,0.0
BTC,330,100.0,31.4,0.0,0,0.0,0.0,0,0.0,0.0,0,0.0,0.0,0,0.0
CAKE,8,26.6,66.6,9.33,4,0.2,9.33,4,0.2,0.0,0,0.0,2.09,4,0.2
CRV,18,100.0,57.7,0.0,0,0.0,0.0,0,0.0,0.0,0,0.0,0.0,0,0.0
DASH,13,100.0,99.5,0.0,0,0.0,0.0,0,0.0,0.0,0,0.0,0.0,0,0.0
DOGE,31,100.0,32.6,2.35,8,0.05,13.17,9,0.31,0.0,0,0.0,20.82,4,0.04
DOT,12,36.1,58.2,26.56,2,0.12,26.56,2,0.12,0.0,0,0.0,24.41,2,0.11
EIGEN,7,40.8,55.1,27.14,7,0.41,27.14,7,0.41,15.54,4,0.22,20.54,7,0.41
ENA,71,100.0,189.3,17.88,2,0.02,164.2,17,0.33,0.0,0,0.0,0.0,0,0.0
ETH,252,100.0,40.5,0.0,0,0.0,0.0,0,0.0,0.0,0,0.0,0.0,0,0.0
ETHFI,24,100.0,50.8,0.0,0,0.0,3.68,9,0.32,0.0,0,0.0,0.0,0,0.0
FARTCOIN,47,100.0,25.5,-9.89,3,0.92,-1.63,1,0.95,0.0,0,0.0,-4.17,1,0.91
FET,14,100.0,86.5,86.17,1,1.0,86.17,1,1.0,94.23,7,0.41,86.17,1,1.0
FIL,9,0.4,69.2,0.0,0,0.0,0.0,0,0.0,0.0,0,0.0,0.0,0,0.0
GRASS,10,100.0,131.5,45.35,1,0.19,103.85,5,0.37,14.52,1,0.13,38.32,1,0.17
HBAR,16,100.0,51.6,84.36,4,0.88,65.84,3,0.95,0.0,0,0.0,78.88,2,0.89
HYPE,262,100.0,52.6,0.0,0,0.0,0.0,0,0.0,0.0,0,0.0,0.0,0,0.0
ICP,7,0.0,54.0,0.0,0,0.0,0.0,0,0.0,0.0,0,0.0,0.0,0,0.0
INJ,15,100.0,87.2,4.36,4,0.03,32.01,12,0.11,0.0,0,0.0,0.0,0,0.0
JTO,9,79.8,2.8,-23.05,6,0.74,-23.05,6,0.74,-9.38,2,0.18,-26.2,6,0.72
JUP,17,98.6,97.2,0.0,0,0.0,0.0,0,0.0,0.0,0,0.0,0.0,0,0.0
KAITO,6,25.4,3.1,-9.12,2,0.25,-9.12,2,0.25,0.0,0,0.0,-11.5,2,0.26
LDO,8,91.2,54.0,44.77,5,0.91,44.77,5,0.91,44.77,5,0.91,57.38,3,0.91
LINK,35,100.0,48.7,0.0,0,0.0,0.0,0,0.0,0.0,0,0.0,0.0,0,0.0
LTC,17,100.0,58.5,38.75,3,0.7,54.5,3,0.97,-4.06,2,0.0,42.61,3,0.7
MELANIA,6,100.0,49.1,0.0,0,0.0,0.0,0,0.0,0.0,0,0.0,0.0,0,0.0
MNT,5,0.0,50.4,0.0,0,0.0,0.0,0,0.0,0.0,0,0.0,0.0,0,0.0
MON,23,100.0,60.2,-4.15,7,0.39,48.97,11,0.9,0.0,0,0.0,-14.68,6,0.41
MOODENG,5,0.0,31.8,0.0,0,0.0,0.0,0,0.0,0.0,0,0.0,0.0,0,0.0
MORPHO,12,100.0,32.5,0.0,0,0.0,9.68,2,0.02,0.0,0,0.0,0.0,0,0.0
NEAR,100,100.0,206.8,0.0,0,0.0,34.18,16,0.17,0.0,0,0.0,0.0,0,0.0
ONDO,47,100.0,55.0,25.09,27,0.25,45.63,3,0.98,0.0,0,0.0,-11.55,17,0.28
OP,9,94.0,66.9,0.0,0,0.0,0.0,0,0.0,0.0,0,0.0,0.0,0,0.0
PAXG,8,100.0,-4.3,-4.88,3,1.0,-4.88,3,1.0,0.0,0,0.0,-4.49,1,1.0
PENDLE,16,100.0,83.4,0.0,0,0.0,25.98,4,0.06,0.0,0,0.0,0.0,0,0.0
PENGU,18,100.0,52.2,8.97,1,0.7,31.71,3,0.88,42.13,2,0.11,10.17,1,0.7
POL,6,51.7,34.0,16.83,4,0.52,16.83,4,0.52,27.09,6,0.47,17.17,2,0.52
PONS,94,100.0,26.0,0.0,0,0.0,0.0,0,0.0,0.0,0,0.0,0.0,0,0.0
PUMP,103,100.0,103.5,0.0,0,0.0,0.0,0,0.0,0.0,0,0.0,0.0,0,0.0
PYTH,6,0.0,104.1,0.0,0,0.0,0.0,0,0.0,0.0,0,0.0,0.0,0,0.0
RENDER,15,100.0,58.4,56.41,8,0.94,58.17,1,1.0,43.67,6,0.75,44.42,4,0.93
SAGA,5,0.0,76.3,0.0,0,0.0,0.0,0,0.0,0.0,0,0.0,0.0,0,0.0
SAND,7,4.6,93.6,0.0,0,0.0,0.0,0,0.0,0.0,0,0.0,0.0,0,0.0
SEI,8,98.1,86.3,-3.67,2,0.09,-3.67,2,0.09,0.0,0,0.0,-3.22,1,0.09
SOL,155,100.0,55.5,0.0,0,0.0,0.0,0,0.0,0.0,0,0.0,0.0,0,0.0
SPX,10,99.6,40.2,0.0,0,0.0,0.0,0,0.0,0.0,0,0.0,0.0,0,0.0
STRK,11,100.0,140.6,36.06,4,0.4,36.06,4,0.4,0.0,0,0.0,40.3,2,0.41
STX,6,0.0,222.2,0.0,0,0.0,0.0,0,0.0,0.0,0,0.0,0.0,0,0.0
SUI,42,100.0,82.1,31.91,12,0.33,34.6,4,0.7,0.0,0,0.0,41.39,8,0.33
SYRUP,8,93.5,65.0,63.6,3,0.93,63.6,3,0.93,23.39,3,0.45,66.1,3,0.93
TAO,40,100.0,61.1,61.17,11,0.87,60.8,1,1.0,14.83,4,0.11,76.51,5,0.91
TIA,10,65.7,58.7,16.47,4,0.66,16.47,4,0.66,46.05,6,0.51,19.5,4,0.65
TRUMP,33,100.0,45.4,0.0,0,0.0,0.0,0,0.0,0.0,0,0.0,0.0,0,0.0
TRX,7,29.9,0.8,1.96,4,0.08,1.96,4,0.08,0.0,0,0.0,3.62,2,0.09
UNI,57,100.0,175.4,0.0,0,0.0,2.25,1,0.09,0.0,0,0.0,0.0,0,0.0
VIRTUAL,14,100.0,39.7,39.51,1,1.0,39.51,1,1.0,33.24,5,0.89,39.51,1,1.0
WIF,6,0.0,84.5,0.0,0,0.0,0.0,0,0.0,0.0,0,0.0,0.0,0,0.0
WLD,27,100.0,89.5,-0.14,2,0.01,39.76,10,0.59,0.0,0,0.0,0.0,0,0.0
WLFI,7,73.5,-9.3,-0.76,6,0.73,-0.76,6,0.73,-1.71,4,0.72,-5.68,2,0.74
XLM,10,98.7,39.8,24.43,3,0.18,24.43,3,0.18,0.0,0,0.0,29.2,3,0.2
XMR,41,100.0,35.0,10.49,7,0.23,32.11,13,0.82,0.0,0,0.0,14.9,5,0.22
XPL,49,100.0,26.4,16.8,2,0.77,50.2,2,0.8,0.69,2,0.0,18.13,2,0.78
XRP,67,100.0,49.2,31.68,2,0.04,42.01,17,0.17,0.0,0,0.0,26.67,2,0.04
ZEC,190,100.0,158.8,0.0,0,0.0,0.0,0,0.0,0.0,0,0.0,0.0,0,0.0
ZRO,35,100.0,152.0,103.15,7,0.87,128.15,3,0.98,0.0,0,0.0,90.11,3,0.87
BONK,9,100.0,64.0,28.2,2,0.31,31.69,4,0.35,0.0,0,0.0,24.49,2,0.33
PEPE,23,100.0,66.4,-7.76,2,0.58,11.64,10,0.77,0.0,0,0.0,1.22,2,0.59
