tijd,totaal,0xa922…0000,0x8bac…0000,0x1168…0000,0xcc07…0000,0x04c1…0000,0xd3f8…0000,0x8bea…0000,0xfd30…0000,0xe1ab…0000,0x4bea…0000
2026-10-05 13:36,1000.0,100.0,100.0,100.0,100.0,100.0,100.0,100.0,100.0,100.0,100.0
2026-10-06 00:07,999.9,100.0,99.62,100.0,100.04,100.0,100.0,100.24,100.0,100.0,100.0
2026-10-06 06:28,1001.26,100.0,100.98,100.0,100.04,100.0,100.0,100.24,100.0,100.0,100.0
2026-10-06 18:26,1001.41,100.0,100.09,100.0,100.13,100.0,100.0,101.19,100.0,100.0,100.0
2026-10-07 06:07,991.08,96.37,100.09,100.0,100.68,100.0,92.75,101.19,100.0,100.0,100.0
2026-10-07 13:32,991.08,96.37,100.09,100.0,100.68,100.0,92.75,101.19,100.0,100.0,100.0
2026-10-07 23:09,991.08,96.37,100.09,100.0,100.68,100.0,92.75,101.19,100.0,100.0,100.0
2026-10-08 06:12,983.59,96.37,98.06,100.0,100.68,100.0,87.28,101.19,100.0,100.0,100.0
2026-10-08 13:38,983.59,96.37,98.06,100.0,100.68,100.0,87.28,101.19,100.0,100.0,100.0
2026-10-08 23:24,985.27,96.46,99.68,99.83,100.68,100.0,87.28,101.19,100.0,100.15,100.0
2026-10-09 06:16,985.34,96.46,99.68,99.9,100.68,100.0,87.28,101.19,100.0,100.15,100.0
2026-10-09 13:24,985.94,96.46,99.68,99.82,101.12,100.0,87.28,101.19,100.0,100.4,100.0
