tijd,trader,munt,open,rendement_pct,winst,potje_na
1791210296000,0x8bac…0000,ETH-PERP,1791209489000,-0.541,-0.077,99.92
1791210860000,0x8bac…0000,BTC-PERP,1791209696000,-1.514,-0.216,99.71
1791219369000,0x8bea…0000,FARTCOIN-PERP,1791208545000,2.16,0.24,100.24
1791220463000,0x8bac…0000,ETH-PERP,1791212726000,-0.592,-0.085,99.62
1791242540000,0xcc07…0000,FARTCOIN-PERP,1791220668000,0.292,0.036,100.04
1791261200000,0x8bac…0000,CHIP-PERP,1791227643000,9.518,1.36,100.98
1791272063000,0x8bea…0000,MON-PERP,1791238038000,8.06,0.896,101.14
1791272739000,0x8bea…0000,LIT-PERP,1791207941000,0.127,0.014,101.15
1791273316000,0x8bac…0000,ETH-PERP,1791267646000,0.227,0.032,101.01
1791279394000,0x8bea…0000,JUP-PERP,1791275114000,0.297,0.033,101.18
1791294704000,0x8bac…0000,ETH-PERP,1791290653000,-0.156,-0.022,100.99
1791296023000,0x8bea…0000,FARTCOIN-PERP,1791274737000,0.121,0.013,101.2
1791296045000,0x8bea…0000,ASTER-PERP,1791237476000,-0.05,-0.006,101.19
1791299216000,0x8bac…0000,ETH-PERP,1791298113000,-0.001,-0.0,100.99
1791302245000,0xcc07…0000,FARTCOIN-PERP,1791269453000,0.727,0.091,100.13
1791302263000,0x8bac…0000,TAO-PERP,1791261625000,-0.222,-0.032,100.96
1791302301000,0x8bac…0000,AAVE-PERP,1791227927000,-1.213,-0.173,100.79
1791302313000,0x8bac…0000,CHIP-PERP,1791280822000,-3.899,-0.557,100.23
1791302343000,0x8bac…0000,ETH-PERP,1791300065000,-0.95,-0.136,100.09
1791320914000,0xcc07…0000,AVAX-PERP,1791302047000,-0.17,-0.021,100.11
1791338471000,0xa922…0000,AVAX-PERP,1791302917000,-3.632,-3.632,96.37
1791338474000,0xd3f8…0000,ONDO-PERP,1791294032000,-7.25,-7.25,92.75
1791344410000,0xcc07…0000,AVAX-PERP,1791322951000,4.591,0.574,100.68
1791432234000,0xd3f8…0000,ZRO-PERP,1791422948000,-5.468,-5.468,87.28
1791435421000,0x8bac…0000,VVV-PERP,1791261722000,-14.212,-2.03,98.06
1791468219000,0x8bac…0000,ONDO-PERP,1791302405000,1.686,0.241,98.3
1791468231000,0x8bac…0000,CHIP-PERP,1791435492000,7.032,1.005,99.31
1791472145000,0xa922…0000,LIT-PERP,1791427416000,3.274,3.274,99.64
1791474093000,0xe1ab…0000,LIT-PERP,1791445380000,0.772,0.154,100.15
1791475626000,0xa922…0000,NEAR-PERP,1791473717000,-3.187,-3.187,96.46
1791481806000,0x1168…0000,SUI-PERP,1791480465000,-0.665,-0.166,99.83
1791489355000,0x8bac…0000,VVV-PERP,1791473290000,3.648,0.521,99.83
1791490157000,0x8bac…0000,WLD-PERP,1791473338000,-1.076,-0.154,99.68
1791525771000,0x1168…0000,ETH-PERP,1791475578000,0.255,0.064,99.9
1791536360000,0xcc07…0000,FARTCOIN-PERP,1791315569000,3.544,0.443,101.12
1791541326000,0xe1ab…0000,ZRO-PERP,1791445356000,1.204,0.241,100.4
1791546690000,0x1168…0000,ETH-PERP,1791546393000,-0.313,-0.078,99.82
