T,n,top_pct,alle_pct,wissels,universum,score,wissel,L
1760918400000,10,17.920099999999998,-3.6008241758241764,0,basis,rendement,lijst,42
1762128000000,10,2.2889999999999997,-4.1655253215434085,5,basis,rendement,lijst,42
1763337600000,10,-1.5835,-3.917529769137303,7,basis,rendement,lijst,42
1764547200000,10,-1.296900000000001,-2.6071478112563957,10,basis,rendement,lijst,42
1765756800000,10,-7.498400000000001,-2.424577900552486,7,basis,rendement,lijst,42
1766966400000,10,-3.6676,-1.9277464553794832,8,basis,rendement,lijst,42
1768176000000,10,-6.9562,-4.102241352201258,9,basis,rendement,lijst,42
1769385600000,10,-7.2584,-5.823235754189945,8,basis,rendement,lijst,42
1770595200000,10,-3.9289,-3.7831965417867437,10,basis,rendement,lijst,42
1771804800000,10,-5.537100000000001,-3.52020618556701,9,basis,rendement,lijst,42
1773014400000,10,-7.652000000000001,-2.437183123877918,8,basis,rendement,lijst,42
1774224000000,10,-5.743899999999999,-2.684851121685928,9,basis,rendement,lijst,42
1775433600000,10,-0.6509999999999997,-1.5844718417047186,10,basis,rendement,lijst,42
1776643200000,10,5.6425,-1.5731142857142857,10,basis,rendement,lijst,42
1777852800000,10,-5.1632,-2.5117757575757578,9,basis,rendement,lijst,42
1779062400000,10,1.6686999999999999,-2.4891721854304634,6,basis,rendement,lijst,42
1780272000000,10,-8.4457,-5.201725531914893,9,basis,rendement,lijst,42
1781481600000,10,1.4444000000000004,-3.086793779904306,10,basis,rendement,lijst,42
1782691200000,10,-2.1641,-2.606737302977233,9,basis,rendement,lijst,42
1783900800000,10,-0.15679999999999986,-2.512405293005671,10,basis,rendement,lijst,42
1760918400000,10,17.4327,-2.9431798875702686,0,basis,rendement,lijst,84
1762128000000,10,2.3482,-3.4897274806977405,4,basis,rendement,lijst,84
1763337600000,10,-7.637100000000001,-3.429724894768491,7,basis,rendement,lijst,84
1764547200000,10,1.9963999999999995,-1.8073796900489396,7,basis,rendement,lijst,84
1765756800000,10,-1.6959,-1.9953789782244558,4,basis,rendement,lijst,84
1766966400000,10,12.818800000000001,-1.1289183673469387,4,basis,rendement,lijst,84
1768176000000,10,-2.2523,-2.373919564089258,9,basis,rendement,lijst,84
1769385600000,10,8.039599999999998,-3.6445843694493787,5,basis,rendement,lijst,84
1770595200000,10,-5.575799999999999,-2.4560152326060107,7,basis,rendement,lijst,84
1771804800000,10,-1.0390999999999995,-2.5292366559485533,8,basis,rendement,lijst,84
1773014400000,10,-1.6959999999999993,-1.8758857965451057,7,basis,rendement,lijst,84
1774224000000,10,-2.5989999999999998,-1.930268281322776,7,basis,rendement,lijst,84
1775433600000,10,3.136599999999999,-1.823327217125382,6,basis,rendement,lijst,84
1776643200000,10,5.3064,-1.0516842105263156,7,basis,rendement,lijst,84
1777852800000,10,-2.8966000000000007,-1.9721002227171491,8,basis,rendement,lijst,84
1779062400000,10,2.6048,-1.8678405315614617,6,basis,rendement,lijst,84
1780272000000,10,1.6980000000000004,-3.950724786931818,9,basis,rendement,lijst,84
1781481600000,10,3.7943000000000007,-2.4372356594811837,7,basis,rendement,lijst,84
1782691200000,10,-4.1349,-2.021442706562394,6,basis,rendement,lijst,84
1783900800000,10,1.1415000000000002,-2.3026342888950735,5,basis,rendement,lijst,84
1760918400000,10,17.920099999999998,-3.6008241758241764,0,basis,rendement,buffer,42
1762128000000,10,2.2889999999999997,-4.1655253215434085,5,basis,rendement,buffer,42
1763337600000,10,-1.5835,-3.917529769137303,7,basis,rendement,buffer,42
1764547200000,10,-1.296900000000001,-2.6071478112563957,10,basis,rendement,buffer,42
1765756800000,10,-7.498400000000001,-2.424577900552486,7,basis,rendement,buffer,42
1766966400000,10,-3.6676,-1.9277464553794832,8,basis,rendement,buffer,42
1768176000000,10,-7.8578,-4.102241352201258,7,basis,rendement,buffer,42
1769385600000,10,-7.2584,-5.823235754189945,9,basis,rendement,buffer,42
1770595200000,10,-1.5711000000000002,-3.7831965417867437,9,basis,rendement,buffer,42
1771804800000,10,-5.537100000000001,-3.52020618556701,9,basis,rendement,buffer,42
1773014400000,10,-7.5421,-2.437183123877918,7,basis,rendement,buffer,42
1774224000000,10,-4.4829,-2.684851121685928,7,basis,rendement,buffer,42
1775433600000,10,1.3586000000000005,-1.5844718417047186,9,basis,rendement,buffer,42
1776643200000,10,5.6425,-1.5731142857142857,10,basis,rendement,buffer,42
1777852800000,10,-5.1632,-2.5117757575757578,9,basis,rendement,buffer,42
1779062400000,10,-0.8137000000000002,-2.4891721854304634,5,basis,rendement,buffer,42
1780272000000,10,-8.4457,-5.201725531914893,10,basis,rendement,buffer,42
1781481600000,10,3.512400000000001,-3.086793779904306,8,basis,rendement,buffer,42
1782691200000,10,-1.1249,-2.606737302977233,7,basis,rendement,buffer,42
1783900800000,10,-0.29900000000000004,-2.512405293005671,8,basis,rendement,buffer,42
1760918400000,10,17.4327,-2.9431798875702686,0,basis,rendement,buffer,84
1762128000000,10,2.3482,-3.4897274806977405,4,basis,rendement,buffer,84
1763337600000,10,-7.671499999999999,-3.429724894768491,6,basis,rendement,buffer,84
1764547200000,10,1.5304,-1.8073796900489396,5,basis,rendement,buffer,84
1765756800000,10,-1.6959,-1.9953789782244558,4,basis,rendement,buffer,84
1766966400000,10,12.818800000000001,-1.1289183673469387,4,basis,rendement,buffer,84
1768176000000,10,-2.2523,-2.373919564089258,9,basis,rendement,buffer,84
1769385600000,10,8.039599999999998,-3.6445843694493787,5,basis,rendement,buffer,84
1770595200000,10,-4.440899999999999,-2.4560152326060107,6,basis,rendement,buffer,84
1771804800000,10,-1.0390999999999995,-2.5292366559485533,9,basis,rendement,buffer,84
1773014400000,10,-4.1104,-1.8758857965451057,5,basis,rendement,buffer,84
1774224000000,10,-1.6384999999999998,-1.930268281322776,5,basis,rendement,buffer,84
1775433600000,10,2.8917,-1.823327217125382,6,basis,rendement,buffer,84
1776643200000,10,5.3328,-1.0516842105263156,5,basis,rendement,buffer,84
1777852800000,10,-2.6281999999999996,-1.9721002227171491,7,basis,rendement,buffer,84
1779062400000,10,4.706799999999999,-1.8678405315614617,5,basis,rendement,buffer,84
1780272000000,10,1.6980000000000004,-3.950724786931818,9,basis,rendement,buffer,84
1781481600000,10,8.77,-2.4372356594811837,6,basis,rendement,buffer,84
1782691200000,10,-4.1349,-2.021442706562394,6,basis,rendement,buffer,84
1783900800000,10,2.7277000000000005,-2.3026342888950735,4,basis,rendement,buffer,84
1760918400000,10,17.920099999999998,-3.6008241758241764,0,basis,rendement,eruit,42
1762128000000,10,2.2889999999999997,-4.1655253215434085,5,basis,rendement,eruit,42
1763337600000,10,-1.5835,-3.917529769137303,7,basis,rendement,eruit,42
1764547200000,10,-1.296900000000001,-2.6071478112563957,10,basis,rendement,eruit,42
1765756800000,10,-7.498400000000001,-2.424577900552486,7,basis,rendement,eruit,42
1766966400000,10,-3.6676,-1.9277464553794832,8,basis,rendement,eruit,42
1768176000000,10,-6.9562,-4.102241352201258,9,basis,rendement,eruit,42
1769385600000,10,-7.2584,-5.823235754189945,8,basis,rendement,eruit,42
1770595200000,10,-3.9289,-3.7831965417867437,10,basis,rendement,eruit,42
1771804800000,10,-5.537100000000001,-3.52020618556701,9,basis,rendement,eruit,42
1773014400000,10,-7.652000000000001,-2.437183123877918,8,basis,rendement,eruit,42
1774224000000,10,-5.743899999999999,-2.684851121685928,9,basis,rendement,eruit,42
1775433600000,10,-0.6509999999999997,-1.5844718417047186,10,basis,rendement,eruit,42
1776643200000,10,5.6425,-1.5731142857142857,10,basis,rendement,eruit,42
1777852800000,10,-5.1632,-2.5117757575757578,9,basis,rendement,eruit,42
1779062400000,10,1.6686999999999999,-2.4891721854304634,7,basis,rendement,eruit,42
1780272000000,10,-8.4457,-5.201725531914893,9,basis,rendement,eruit,42
1781481600000,10,1.4444000000000004,-3.086793779904306,10,basis,rendement,eruit,42
1782691200000,10,-2.1641,-2.606737302977233,9,basis,rendement,eruit,42
1783900800000,10,-0.15679999999999986,-2.512405293005671,10,basis,rendement,eruit,42
1760918400000,10,17.4327,-2.9431798875702686,0,basis,rendement,eruit,84
1762128000000,10,2.3482,-3.4897274806977405,5,basis,rendement,eruit,84
1763337600000,10,-7.637100000000001,-3.429724894768491,7,basis,rendement,eruit,84
1764547200000,10,1.9963999999999995,-1.8073796900489396,7,basis,rendement,eruit,84
1765756800000,10,-1.6959,-1.9953789782244558,4,basis,rendement,eruit,84
1766966400000,10,12.818800000000001,-1.1289183673469387,4,basis,rendement,eruit,84
1768176000000,10,-2.2523,-2.373919564089258,9,basis,rendement,eruit,84
1769385600000,10,8.039599999999998,-3.6445843694493787,6,basis,rendement,eruit,84
1770595200000,10,-5.575799999999999,-2.4560152326060107,7,basis,rendement,eruit,84
1771804800000,10,-1.0390999999999995,-2.5292366559485533,8,basis,rendement,eruit,84
1773014400000,10,-1.6959999999999993,-1.8758857965451057,7,basis,rendement,eruit,84
1774224000000,10,-2.5989999999999998,-1.930268281322776,7,basis,rendement,eruit,84
1775433600000,10,3.136599999999999,-1.823327217125382,6,basis,rendement,eruit,84
1776643200000,10,5.3064,-1.0516842105263156,7,basis,rendement,eruit,84
1777852800000,10,-2.8966000000000007,-1.9721002227171491,8,basis,rendement,eruit,84
1779062400000,10,2.6048,-1.8678405315614617,6,basis,rendement,eruit,84
1780272000000,10,1.6980000000000004,-3.950724786931818,9,basis,rendement,eruit,84
1781481600000,10,3.7943000000000007,-2.4372356594811837,7,basis,rendement,eruit,84
1782691200000,10,-4.1349,-2.021442706562394,6,basis,rendement,eruit,84
1783900800000,10,1.1415000000000002,-2.3026342888950735,6,basis,rendement,eruit,84
1760918400000,10,17.920099999999998,-3.6008241758241764,0,basis,rendement,buffer+eruit,42
1762128000000,10,2.2889999999999997,-4.1655253215434085,5,basis,rendement,buffer+eruit,42
1763337600000,10,-1.5835,-3.917529769137303,7,basis,rendement,buffer+eruit,42
1764547200000,10,-1.296900000000001,-2.6071478112563957,10,basis,rendement,buffer+eruit,42
1765756800000,10,-7.498400000000001,-2.424577900552486,7,basis,rendement,buffer+eruit,42
1766966400000,10,-3.6676,-1.9277464553794832,8,basis,rendement,buffer+eruit,42
1768176000000,10,-7.8578,-4.102241352201258,7,basis,rendement,buffer+eruit,42
1769385600000,10,-7.2584,-5.823235754189945,9,basis,rendement,buffer+eruit,42
1770595200000,10,-3.9289,-3.7831965417867437,10,basis,rendement,buffer+eruit,42
1771804800000,10,-5.537100000000001,-3.52020618556701,9,basis,rendement,buffer+eruit,42
1773014400000,10,-7.5421,-2.437183123877918,7,basis,rendement,buffer+eruit,42
1774224000000,10,-4.4829,-2.684851121685928,7,basis,rendement,buffer+eruit,42
1775433600000,10,1.3586000000000005,-1.5844718417047186,9,basis,rendement,buffer+eruit,42
1776643200000,10,5.6425,-1.5731142857142857,10,basis,rendement,buffer+eruit,42
1777852800000,10,-5.1632,-2.5117757575757578,9,basis,rendement,buffer+eruit,42
1779062400000,10,-0.8137000000000002,-2.4891721854304634,6,basis,rendement,buffer+eruit,42
1780272000000,10,-8.4457,-5.201725531914893,10,basis,rendement,buffer+eruit,42
1781481600000,10,3.512400000000001,-3.086793779904306,8,basis,rendement,buffer+eruit,42
1782691200000,10,-1.1249,-2.606737302977233,7,basis,rendement,buffer+eruit,42
1783900800000,10,-0.15679999999999986,-2.512405293005671,9,basis,rendement,buffer+eruit,42
1760918400000,10,17.4327,-2.9431798875702686,0,basis,rendement,buffer+eruit,84
1762128000000,10,2.3482,-3.4897274806977405,5,basis,rendement,buffer+eruit,84
1763337600000,10,-7.671499999999999,-3.429724894768491,6,basis,rendement,buffer+eruit,84
1764547200000,10,1.5304,-1.8073796900489396,5,basis,rendement,buffer+eruit,84
1765756800000,10,-1.6959,-1.9953789782244558,4,basis,rendement,buffer+eruit,84
1766966400000,10,12.818800000000001,-1.1289183673469387,4,basis,rendement,buffer+eruit,84
1768176000000,10,-2.2523,-2.373919564089258,9,basis,rendement,buffer+eruit,84
1769385600000,10,8.039599999999998,-3.6445843694493787,6,basis,rendement,buffer+eruit,84
1770595200000,10,-4.440899999999999,-2.4560152326060107,6,basis,rendement,buffer+eruit,84
1771804800000,10,-1.0390999999999995,-2.5292366559485533,9,basis,rendement,buffer+eruit,84
1773014400000,10,-4.1104,-1.8758857965451057,5,basis,rendement,buffer+eruit,84
1774224000000,10,-2.7079999999999997,-1.930268281322776,6,basis,rendement,buffer+eruit,84
1775433600000,10,3.136599999999999,-1.823327217125382,6,basis,rendement,buffer+eruit,84
1776643200000,10,5.3328,-1.0516842105263156,6,basis,rendement,buffer+eruit,84
1777852800000,10,-2.6281999999999996,-1.9721002227171491,7,basis,rendement,buffer+eruit,84
1779062400000,10,4.706799999999999,-1.8678405315614617,5,basis,rendement,buffer+eruit,84
1780272000000,10,1.6980000000000004,-3.950724786931818,9,basis,rendement,buffer+eruit,84
1781481600000,10,8.77,-2.4372356594811837,6,basis,rendement,buffer+eruit,84
1782691200000,10,-4.1349,-2.021442706562394,6,basis,rendement,buffer+eruit,84
1783900800000,10,2.727700000000001,-2.3026342888950735,5,basis,rendement,buffer+eruit,84
1760918400000,10,40.263,-3.6008241758241764,0,basis,consistent,lijst,42
1762128000000,10,5.3945,-4.1655253215434085,3,basis,consistent,lijst,42
1763337600000,10,1.0145,-3.917529769137303,4,basis,consistent,lijst,42
1764547200000,10,4.308199999999999,-2.6071478112563957,10,basis,consistent,lijst,42
1765756800000,10,0.6980999999999998,-2.424577900552486,9,basis,consistent,lijst,42
1766966400000,10,-4.1387,-1.9277464553794832,8,basis,consistent,lijst,42
1768176000000,10,-3.9101999999999997,-4.102241352201258,9,basis,consistent,lijst,42
1769385600000,10,0.20949999999999988,-5.823235754189945,10,basis,consistent,lijst,42
1770595200000,10,-3.5523,-3.7831965417867437,9,basis,consistent,lijst,42
1771804800000,10,-7.084300000000001,-3.52020618556701,8,basis,consistent,lijst,42
1773014400000,10,-2.4637,-2.437183123877918,7,basis,consistent,lijst,42
1774224000000,10,0.8982999999999999,-2.684851121685928,9,basis,consistent,lijst,42
1775433600000,10,6.420699999999999,-1.5844718417047186,7,basis,consistent,lijst,42
1776643200000,10,2.5181999999999993,-1.5731142857142857,8,basis,consistent,lijst,42
1777852800000,10,1.5428000000000002,-2.5117757575757578,6,basis,consistent,lijst,42
1779062400000,10,3.5601,-2.4891721854304634,8,basis,consistent,lijst,42
1780272000000,10,-6.643199999999998,-5.201725531914893,9,basis,consistent,lijst,42
1781481600000,10,8.9452,-3.086793779904306,8,basis,consistent,lijst,42
1782691200000,10,2.3019,-2.606737302977233,4,basis,consistent,lijst,42
1783900800000,10,-1.6895000000000002,-2.512405293005671,8,basis,consistent,lijst,42
1760918400000,10,33.192499999999995,-2.9431798875702686,0,basis,consistent,lijst,84
1762128000000,10,6.103,-3.4897274806977405,3,basis,consistent,lijst,84
1763337600000,10,2.1573,-3.429724894768491,6,basis,consistent,lijst,84
1764547200000,10,-2.0223000000000004,-1.8073796900489396,6,basis,consistent,lijst,84
1765756800000,10,-3.8109,-1.9953789782244558,4,basis,consistent,lijst,84
1766966400000,10,1.3831,-1.1289183673469387,5,basis,consistent,lijst,84
1768176000000,10,0.6167999999999999,-2.373919564089258,9,basis,consistent,lijst,84
1769385600000,10,1.7984999999999995,-3.6445843694493787,8,basis,consistent,lijst,84
1770595200000,10,-1.6296999999999997,-2.4560152326060107,8,basis,consistent,lijst,84
1771804800000,10,0.6494,-2.5292366559485533,8,basis,consistent,lijst,84
1773014400000,10,-0.05359999999999978,-1.8758857965451057,7,basis,consistent,lijst,84
1774224000000,10,-0.21389999999999992,-1.930268281322776,4,basis,consistent,lijst,84
1775433600000,10,2.1715,-1.823327217125382,3,basis,consistent,lijst,84
1776643200000,10,4.955,-1.0516842105263156,5,basis,consistent,lijst,84
1777852800000,10,-5.132499999999999,-1.9721002227171491,7,basis,consistent,lijst,84
1779062400000,10,4.274799999999999,-1.8678405315614617,5,basis,consistent,lijst,84
1780272000000,10,2.6037999999999992,-3.950724786931818,8,basis,consistent,lijst,84
1781481600000,10,7.344199999999999,-2.4372356594811837,8,basis,consistent,lijst,84
1782691200000,10,-4.3989,-2.021442706562394,5,basis,consistent,lijst,84
1783900800000,10,-1.6179000000000001,-2.3026342888950735,5,basis,consistent,lijst,84
1760918400000,10,40.263,-3.6008241758241764,0,basis,consistent,buffer,42
1762128000000,10,5.3945,-4.1655253215434085,3,basis,consistent,buffer,42
1763337600000,10,1.0145,-3.917529769137303,4,basis,consistent,buffer,42
1764547200000,10,4.308199999999999,-2.6071478112563957,10,basis,consistent,buffer,42
1765756800000,10,-1.6946999999999999,-2.424577900552486,8,basis,consistent,buffer,42
1766966400000,10,-4.1387,-1.9277464553794832,8,basis,consistent,buffer,42
1768176000000,10,-3.9101999999999997,-4.102241352201258,9,basis,consistent,buffer,42
1769385600000,10,-1.7778000000000005,-5.823235754189945,8,basis,consistent,buffer,42
1770595200000,10,-3.6006,-3.7831965417867437,8,basis,consistent,buffer,42
1771804800000,10,-7.775399999999999,-3.52020618556701,7,basis,consistent,buffer,42
1773014400000,10,-2.4637,-2.437183123877918,6,basis,consistent,buffer,42
1774224000000,10,1.6036000000000006,-2.684851121685928,8,basis,consistent,buffer,42
1775433600000,10,6.420699999999999,-1.5844718417047186,7,basis,consistent,buffer,42
1776643200000,10,-2.0619000000000005,-1.5731142857142857,6,basis,consistent,buffer,42
1777852800000,10,1.5428000000000004,-2.5117757575757578,8,basis,consistent,buffer,42
1779062400000,10,3.5601,-2.4891721854304634,8,basis,consistent,buffer,42
1780272000000,10,-6.643199999999998,-5.201725531914893,9,basis,consistent,buffer,42
1781481600000,10,10.4673,-3.086793779904306,7,basis,consistent,buffer,42
1782691200000,10,2.3019,-2.606737302977233,4,basis,consistent,buffer,42
1783900800000,10,-1.025,-2.512405293005671,7,basis,consistent,buffer,42
1760918400000,10,33.192499999999995,-2.9431798875702686,0,basis,consistent,buffer,84
1762128000000,10,6.103,-3.4897274806977405,3,basis,consistent,buffer,84
1763337600000,10,2.1573,-3.429724894768491,6,basis,consistent,buffer,84
1764547200000,10,-2.2393000000000005,-1.8073796900489396,4,basis,consistent,buffer,84
1765756800000,10,-3.8109,-1.9953789782244558,3,basis,consistent,buffer,84
1766966400000,10,1.6158000000000001,-1.1289183673469387,4,basis,consistent,buffer,84
1768176000000,10,0.6167999999999999,-2.373919564089258,9,basis,consistent,buffer,84
1769385600000,10,1.7984999999999995,-3.6445843694493787,8,basis,consistent,buffer,84
1770595200000,10,-1.7284999999999997,-2.4560152326060107,7,basis,consistent,buffer,84
1771804800000,10,0.6493999999999998,-2.5292366559485533,7,basis,consistent,buffer,84
1773014400000,10,2.7529000000000003,-1.8758857965451057,6,basis,consistent,buffer,84
1774224000000,10,-0.2138999999999996,-1.930268281322776,3,basis,consistent,buffer,84
1775433600000,10,2.0469999999999997,-1.823327217125382,2,basis,consistent,buffer,84
1776643200000,10,4.955,-1.0516842105263156,5,basis,consistent,buffer,84
1777852800000,10,-5.132499999999999,-1.9721002227171491,7,basis,consistent,buffer,84
1779062400000,10,5.673699999999999,-1.8678405315614617,4,basis,consistent,buffer,84
1780272000000,10,2.6037999999999992,-3.950724786931818,8,basis,consistent,buffer,84
1781481600000,10,7.344199999999999,-2.4372356594811837,8,basis,consistent,buffer,84
1782691200000,10,-4.3989,-2.021442706562394,5,basis,consistent,buffer,84
1783900800000,10,-1.6179000000000001,-2.3026342888950735,5,basis,consistent,buffer,84
1760918400000,10,40.263,-3.6008241758241764,0,basis,consistent,eruit,42
1762128000000,10,5.3945,-4.1655253215434085,3,basis,consistent,eruit,42
1763337600000,10,1.0145,-3.917529769137303,4,basis,consistent,eruit,42
1764547200000,10,4.308199999999999,-2.6071478112563957,10,basis,consistent,eruit,42
1765756800000,10,0.6980999999999998,-2.424577900552486,9,basis,consistent,eruit,42
1766966400000,10,-4.1387,-1.9277464553794832,8,basis,consistent,eruit,42
1768176000000,10,-3.9101999999999997,-4.102241352201258,9,basis,consistent,eruit,42
1769385600000,10,0.20949999999999988,-5.823235754189945,10,basis,consistent,eruit,42
1770595200000,10,-3.5523,-3.7831965417867437,9,basis,consistent,eruit,42
1771804800000,10,-7.084300000000001,-3.52020618556701,8,basis,consistent,eruit,42
1773014400000,10,-2.4637000000000002,-2.437183123877918,8,basis,consistent,eruit,42
1774224000000,10,0.8982999999999999,-2.684851121685928,9,basis,consistent,eruit,42
1775433600000,10,6.420699999999999,-1.5844718417047186,7,basis,consistent,eruit,42
1776643200000,10,2.5181999999999993,-1.5731142857142857,8,basis,consistent,eruit,42
1777852800000,10,1.5428000000000002,-2.5117757575757578,6,basis,consistent,eruit,42
1779062400000,10,3.5601,-2.4891721854304634,8,basis,consistent,eruit,42
1780272000000,10,-6.643199999999998,-5.201725531914893,9,basis,consistent,eruit,42
1781481600000,10,8.9452,-3.086793779904306,8,basis,consistent,eruit,42
1782691200000,10,2.3019,-2.606737302977233,4,basis,consistent,eruit,42
1783900800000,10,-1.6895000000000002,-2.512405293005671,8,basis,consistent,eruit,42
1760918400000,10,33.192499999999995,-2.9431798875702686,0,basis,consistent,eruit,84
1762128000000,10,6.103,-3.4897274806977405,3,basis,consistent,eruit,84
1763337600000,10,2.1573,-3.429724894768491,6,basis,consistent,eruit,84
1764547200000,10,-2.0223000000000004,-1.8073796900489396,6,basis,consistent,eruit,84
1765756800000,10,-3.8109,-1.9953789782244558,5,basis,consistent,eruit,84
1766966400000,10,1.3831,-1.1289183673469387,6,basis,consistent,eruit,84
1768176000000,10,0.6167999999999999,-2.373919564089258,9,basis,consistent,eruit,84
1769385600000,10,1.7984999999999995,-3.6445843694493787,8,basis,consistent,eruit,84
1770595200000,10,-1.6296999999999997,-2.4560152326060107,8,basis,consistent,eruit,84
1771804800000,10,0.6494,-2.5292366559485533,8,basis,consistent,eruit,84
1773014400000,10,-0.05359999999999978,-1.8758857965451057,7,basis,consistent,eruit,84
1774224000000,10,-0.21389999999999992,-1.930268281322776,4,basis,consistent,eruit,84
1775433600000,10,2.1715,-1.823327217125382,3,basis,consistent,eruit,84
1776643200000,10,4.955,-1.0516842105263156,5,basis,consistent,eruit,84
1777852800000,10,-5.132499999999999,-1.9721002227171491,7,basis,consistent,eruit,84
1779062400000,10,4.2748,-1.8678405315614617,7,basis,consistent,eruit,84
1780272000000,10,2.6037999999999992,-3.950724786931818,8,basis,consistent,eruit,84
1781481600000,10,7.344199999999999,-2.4372356594811837,9,basis,consistent,eruit,84
1782691200000,10,-4.3989,-2.021442706562394,5,basis,consistent,eruit,84
1783900800000,10,-1.6179000000000001,-2.3026342888950735,6,basis,consistent,eruit,84
1760918400000,10,40.263,-3.6008241758241764,0,basis,consistent,buffer+eruit,42
1762128000000,10,5.3945,-4.1655253215434085,3,basis,consistent,buffer+eruit,42
1763337600000,10,1.0145,-3.917529769137303,4,basis,consistent,buffer+eruit,42
1764547200000,10,4.308199999999999,-2.6071478112563957,10,basis,consistent,buffer+eruit,42
1765756800000,10,-1.6946999999999999,-2.424577900552486,8,basis,consistent,buffer+eruit,42
1766966400000,10,-4.1387,-1.9277464553794832,8,basis,consistent,buffer+eruit,42
1768176000000,10,-3.9101999999999997,-4.102241352201258,9,basis,consistent,buffer+eruit,42
1769385600000,10,-1.7778000000000005,-5.823235754189945,8,basis,consistent,buffer+eruit,42
1770595200000,10,-3.6006,-3.7831965417867437,8,basis,consistent,buffer+eruit,42
1771804800000,10,-7.775399999999999,-3.52020618556701,7,basis,consistent,buffer+eruit,42
1773014400000,10,-2.4637,-2.437183123877918,7,basis,consistent,buffer+eruit,42
1774224000000,10,1.6036000000000006,-2.684851121685928,8,basis,consistent,buffer+eruit,42
1775433600000,10,6.420699999999999,-1.5844718417047186,7,basis,consistent,buffer+eruit,42
1776643200000,10,-2.0619000000000005,-1.5731142857142857,6,basis,consistent,buffer+eruit,42
1777852800000,10,1.5428000000000004,-2.5117757575757578,8,basis,consistent,buffer+eruit,42
1779062400000,10,3.5601,-2.4891721854304634,8,basis,consistent,buffer+eruit,42
1780272000000,10,-6.643199999999998,-5.201725531914893,9,basis,consistent,buffer+eruit,42
1781481600000,10,10.4673,-3.086793779904306,7,basis,consistent,buffer+eruit,42
1782691200000,10,2.3019,-2.606737302977233,4,basis,consistent,buffer+eruit,42
1783900800000,10,-1.025,-2.512405293005671,7,basis,consistent,buffer+eruit,42
1760918400000,10,33.192499999999995,-2.9431798875702686,0,basis,consistent,buffer+eruit,84
1762128000000,10,6.103,-3.4897274806977405,3,basis,consistent,buffer+eruit,84
1763337600000,10,2.1573,-3.429724894768491,6,basis,consistent,buffer+eruit,84
1764547200000,10,-2.2393000000000005,-1.8073796900489396,4,basis,consistent,buffer+eruit,84
1765756800000,10,-3.810900000000001,-1.9953789782244558,4,basis,consistent,buffer+eruit,84
1766966400000,10,1.3831,-1.1289183673469387,6,basis,consistent,buffer+eruit,84
1768176000000,10,0.6167999999999999,-2.373919564089258,9,basis,consistent,buffer+eruit,84
1769385600000,10,1.7984999999999995,-3.6445843694493787,8,basis,consistent,buffer+eruit,84
1770595200000,10,-1.7284999999999997,-2.4560152326060107,7,basis,consistent,buffer+eruit,84
1771804800000,10,0.6493999999999998,-2.5292366559485533,7,basis,consistent,buffer+eruit,84
1773014400000,10,2.7529000000000003,-1.8758857965451057,6,basis,consistent,buffer+eruit,84
1774224000000,10,-0.2138999999999996,-1.930268281322776,3,basis,consistent,buffer+eruit,84
1775433600000,10,2.0469999999999997,-1.823327217125382,2,basis,consistent,buffer+eruit,84
1776643200000,10,4.955,-1.0516842105263156,5,basis,consistent,buffer+eruit,84
1777852800000,10,-5.132499999999999,-1.9721002227171491,7,basis,consistent,buffer+eruit,84
1779062400000,10,4.2167,-1.8678405315614617,6,basis,consistent,buffer+eruit,84
1780272000000,10,2.6037999999999992,-3.950724786931818,8,basis,consistent,buffer+eruit,84
1781481600000,10,7.344199999999999,-2.4372356594811837,9,basis,consistent,buffer+eruit,84
1782691200000,10,-4.3989,-2.021442706562394,5,basis,consistent,buffer+eruit,84
1783900800000,10,-1.6179000000000001,-2.3026342888950735,6,basis,consistent,buffer+eruit,84
1760918400000,10,4.917399999999999,-3.6008241758241764,0,basis,constantheid,lijst,42
1762128000000,10,8.385499999999999,-4.1655253215434085,5,basis,constantheid,lijst,42
1763337600000,10,-9.439,-3.917529769137303,9,basis,constantheid,lijst,42
1764547200000,10,4.076700000000001,-2.6071478112563957,8,basis,constantheid,lijst,42
1765756800000,10,-0.9342999999999998,-2.424577900552486,6,basis,constantheid,lijst,42
1766966400000,10,1.3438000000000003,-1.9277464553794832,8,basis,constantheid,lijst,42
1768176000000,10,-3.3944,-4.102241352201258,5,basis,constantheid,lijst,42
1769385600000,10,-5.9993,-5.823235754189945,4,basis,constantheid,lijst,42
1770595200000,10,-1.2047,-3.7831965417867437,9,basis,constantheid,lijst,42
1771804800000,10,-2.3788000000000005,-3.52020618556701,5,basis,constantheid,lijst,42
1773014400000,10,-7.3893,-2.437183123877918,8,basis,constantheid,lijst,42
1774224000000,10,1.3488,-2.684851121685928,10,basis,constantheid,lijst,42
1775433600000,10,0.6530000000000001,-1.5844718417047186,8,basis,constantheid,lijst,42
1776643200000,10,-5.934,-1.5731142857142857,8,basis,constantheid,lijst,42
1777852800000,10,-4.2763,-2.5117757575757578,7,basis,constantheid,lijst,42
1779062400000,10,2.8421,-2.4891721854304634,8,basis,constantheid,lijst,42
1780272000000,10,-0.9194000000000002,-5.201725531914893,8,basis,constantheid,lijst,42
1781481600000,10,5.39,-3.086793779904306,7,basis,constantheid,lijst,42
1782691200000,10,-2.2222,-2.606737302977233,6,basis,constantheid,lijst,42
1783900800000,10,-0.2309000000000001,-2.512405293005671,8,basis,constantheid,lijst,42
1760918400000,10,6.0571,-2.9431798875702686,0,basis,constantheid,lijst,84
1762128000000,10,2.6854,-3.4897274806977405,6,basis,constantheid,lijst,84
1763337600000,10,-7.3207,-3.429724894768491,10,basis,constantheid,lijst,84
1764547200000,10,3.6994999999999996,-1.8073796900489396,8,basis,constantheid,lijst,84
1765756800000,10,-2.5545000000000004,-1.9953789782244558,6,basis,constantheid,lijst,84
1766966400000,10,1.5636000000000003,-1.1289183673469387,6,basis,constantheid,lijst,84
1768176000000,10,-3.5543000000000005,-2.373919564089258,6,basis,constantheid,lijst,84
1769385600000,10,-2.0900999999999996,-3.6445843694493787,5,basis,constantheid,lijst,84
1770595200000,10,0.5141,-2.4560152326060107,7,basis,constantheid,lijst,84
1771804800000,10,0.39819999999999983,-2.5292366559485533,7,basis,constantheid,lijst,84
1773014400000,10,-4.222999999999999,-1.8758857965451057,7,basis,constantheid,lijst,84
1774224000000,10,-0.6095999999999999,-1.930268281322776,5,basis,constantheid,lijst,84
1775433600000,10,0.03849999999999994,-1.823327217125382,5,basis,constantheid,lijst,84
1776643200000,10,-0.6284999999999998,-1.0516842105263156,7,basis,constantheid,lijst,84
1777852800000,10,-1.2094999999999998,-1.9721002227171491,9,basis,constantheid,lijst,84
1779062400000,10,-5.743099999999999,-1.8678405315614617,5,basis,constantheid,lijst,84
1780272000000,10,6.3664,-3.950724786931818,9,basis,constantheid,lijst,84
1781481600000,10,4.1425,-2.4372356594811837,8,basis,constantheid,lijst,84
1782691200000,10,-0.8086000000000002,-2.021442706562394,7,basis,constantheid,lijst,84
1783900800000,10,-1.3457000000000001,-2.3026342888950735,6,basis,constantheid,lijst,84
1760918400000,10,4.917399999999999,-3.6008241758241764,0,basis,constantheid,buffer,42
1762128000000,10,12.056899999999999,-4.1655253215434085,4,basis,constantheid,buffer,42
1763337600000,10,-9.513,-3.917529769137303,6,basis,constantheid,buffer,42
1764547200000,10,3.5872,-2.6071478112563957,7,basis,constantheid,buffer,42
1765756800000,10,-0.9342999999999998,-2.424577900552486,6,basis,constantheid,buffer,42
1766966400000,10,2.5923000000000003,-1.9277464553794832,6,basis,constantheid,buffer,42
1768176000000,10,-3.8726,-4.102241352201258,5,basis,constantheid,buffer,42
1769385600000,10,-4.9216,-5.823235754189945,3,basis,constantheid,buffer,42
1770595200000,10,-1.2047,-3.7831965417867437,9,basis,constantheid,buffer,42
1771804800000,10,-2.3788000000000005,-3.52020618556701,5,basis,constantheid,buffer,42
1773014400000,10,-7.3893,-2.437183123877918,8,basis,constantheid,buffer,42
1774224000000,10,1.2526,-2.684851121685928,9,basis,constantheid,buffer,42
1775433600000,10,-0.09059999999999917,-1.5844718417047186,6,basis,constantheid,buffer,42
1776643200000,10,-4.3649000000000004,-1.5731142857142857,7,basis,constantheid,buffer,42
1777852800000,10,-4.2763,-2.5117757575757578,7,basis,constantheid,buffer,42
1779062400000,10,1.9525,-2.4891721854304634,7,basis,constantheid,buffer,42
1780272000000,10,-1.2304,-5.201725531914893,5,basis,constantheid,buffer,42
1781481600000,10,4.464600000000001,-3.086793779904306,7,basis,constantheid,buffer,42
1782691200000,10,-2.4599,-2.606737302977233,4,basis,constantheid,buffer,42
1783900800000,10,-2.6456,-2.512405293005671,5,basis,constantheid,buffer,42
1760918400000,10,6.0571,-2.9431798875702686,0,basis,constantheid,buffer,84
1762128000000,10,4.896799999999999,-3.4897274806977405,3,basis,constantheid,buffer,84
1763337600000,10,-8.8486,-3.429724894768491,7,basis,constantheid,buffer,84
1764547200000,10,4.3288,-1.8073796900489396,5,basis,constantheid,buffer,84
1765756800000,10,-3.9173999999999998,-1.9953789782244558,6,basis,constantheid,buffer,84
1766966400000,10,1.9936,-1.1289183673469387,3,basis,constantheid,buffer,84
1768176000000,10,0.0506000000000002,-2.373919564089258,4,basis,constantheid,buffer,84
1769385600000,10,-0.9692999999999999,-3.6445843694493787,3,basis,constantheid,buffer,84
1770595200000,10,0.5141,-2.4560152326060107,7,basis,constantheid,buffer,84
1771804800000,10,0.39819999999999983,-2.5292366559485533,7,basis,constantheid,buffer,84
1773014400000,10,-2.6982,-1.8758857965451057,3,basis,constantheid,buffer,84
1774224000000,10,-0.6095999999999999,-1.930268281322776,6,basis,constantheid,buffer,84
1775433600000,10,0.4807999999999998,-1.823327217125382,4,basis,constantheid,buffer,84
1776643200000,10,-0.6284999999999998,-1.0516842105263156,7,basis,constantheid,buffer,84
1777852800000,10,-0.3116,-1.9721002227171491,7,basis,constantheid,buffer,84
1779062400000,10,-5.743099999999999,-1.8678405315614617,5,basis,constantheid,buffer,84
1780272000000,10,3.491799999999999,-3.950724786931818,8,basis,constantheid,buffer,84
1781481600000,10,2.6991,-2.4372356594811837,4,basis,constantheid,buffer,84
1782691200000,10,1.6905999999999999,-2.021442706562394,5,basis,constantheid,buffer,84
1783900800000,10,-2.2224999999999997,-2.3026342888950735,3,basis,constantheid,buffer,84
1760918400000,10,4.917399999999999,-3.6008241758241764,0,basis,constantheid,eruit,42
1762128000000,10,8.385499999999999,-4.1655253215434085,5,basis,constantheid,eruit,42
1763337600000,10,-9.439,-3.917529769137303,9,basis,constantheid,eruit,42
1764547200000,10,4.076700000000001,-2.6071478112563957,8,basis,constantheid,eruit,42
1765756800000,10,-0.9342999999999998,-2.424577900552486,6,basis,constantheid,eruit,42
1766966400000,10,1.3438000000000003,-1.9277464553794832,8,basis,constantheid,eruit,42
1768176000000,10,-3.3944,-4.102241352201258,5,basis,constantheid,eruit,42
1769385600000,10,-5.9993,-5.823235754189945,4,basis,constantheid,eruit,42
1770595200000,10,-1.2047,-3.7831965417867437,9,basis,constantheid,eruit,42
1771804800000,10,-2.3788000000000005,-3.52020618556701,5,basis,constantheid,eruit,42
1773014400000,10,-7.3893,-2.437183123877918,8,basis,constantheid,eruit,42
1774224000000,10,1.3488,-2.684851121685928,10,basis,constantheid,eruit,42
1775433600000,10,0.6530000000000001,-1.5844718417047186,8,basis,constantheid,eruit,42
1776643200000,10,-5.934,-1.5731142857142857,8,basis,constantheid,eruit,42
1777852800000,10,-4.2763,-2.5117757575757578,7,basis,constantheid,eruit,42
1779062400000,10,2.8421,-2.4891721854304634,8,basis,constantheid,eruit,42
1780272000000,10,-0.9194000000000002,-5.201725531914893,8,basis,constantheid,eruit,42
1781481600000,10,5.39,-3.086793779904306,7,basis,constantheid,eruit,42
1782691200000,10,-2.2222,-2.606737302977233,6,basis,constantheid,eruit,42
1783900800000,10,-0.2309000000000001,-2.512405293005671,8,basis,constantheid,eruit,42
1760918400000,10,6.0571,-2.9431798875702686,0,basis,constantheid,eruit,84
1762128000000,10,2.6854,-3.4897274806977405,6,basis,constantheid,eruit,84
1763337600000,10,-7.3207,-3.429724894768491,10,basis,constantheid,eruit,84
1764547200000,10,3.6994999999999996,-1.8073796900489396,8,basis,constantheid,eruit,84
1765756800000,10,-2.5545000000000004,-1.9953789782244558,6,basis,constantheid,eruit,84
1766966400000,10,1.5636000000000003,-1.1289183673469387,6,basis,constantheid,eruit,84
1768176000000,10,-3.5543000000000005,-2.373919564089258,6,basis,constantheid,eruit,84
1769385600000,10,-2.0900999999999996,-3.6445843694493787,5,basis,constantheid,eruit,84
1770595200000,10,0.5141,-2.4560152326060107,7,basis,constantheid,eruit,84
1771804800000,10,0.39819999999999983,-2.5292366559485533,7,basis,constantheid,eruit,84
1773014400000,10,-4.222999999999999,-1.8758857965451057,7,basis,constantheid,eruit,84
1774224000000,10,-0.6095999999999999,-1.930268281322776,5,basis,constantheid,eruit,84
1775433600000,10,0.03849999999999994,-1.823327217125382,5,basis,constantheid,eruit,84
1776643200000,10,-0.6284999999999998,-1.0516842105263156,7,basis,constantheid,eruit,84
1777852800000,10,-1.2094999999999998,-1.9721002227171491,9,basis,constantheid,eruit,84
1779062400000,10,-5.743099999999999,-1.8678405315614617,6,basis,constantheid,eruit,84
1780272000000,10,6.3664,-3.950724786931818,9,basis,constantheid,eruit,84
1781481600000,10,4.1425,-2.4372356594811837,8,basis,constantheid,eruit,84
1782691200000,10,-0.8086000000000002,-2.021442706562394,7,basis,constantheid,eruit,84
1783900800000,10,-1.3457000000000001,-2.3026342888950735,6,basis,constantheid,eruit,84
1760918400000,10,4.917399999999999,-3.6008241758241764,0,basis,constantheid,buffer+eruit,42
1762128000000,10,12.056899999999999,-4.1655253215434085,4,basis,constantheid,buffer+eruit,42
1763337600000,10,-9.513,-3.917529769137303,6,basis,constantheid,buffer+eruit,42
1764547200000,10,3.5872,-2.6071478112563957,7,basis,constantheid,buffer+eruit,42
1765756800000,10,-0.9342999999999998,-2.424577900552486,6,basis,constantheid,buffer+eruit,42
1766966400000,10,2.5923000000000003,-1.9277464553794832,6,basis,constantheid,buffer+eruit,42
1768176000000,10,-3.8726,-4.102241352201258,5,basis,constantheid,buffer+eruit,42
1769385600000,10,-4.9216,-5.823235754189945,3,basis,constantheid,buffer+eruit,42
1770595200000,10,-1.2047,-3.7831965417867437,9,basis,constantheid,buffer+eruit,42
1771804800000,10,-2.3788000000000005,-3.52020618556701,5,basis,constantheid,buffer+eruit,42
1773014400000,10,-7.3893,-2.437183123877918,8,basis,constantheid,buffer+eruit,42
1774224000000,10,1.2526,-2.684851121685928,9,basis,constantheid,buffer+eruit,42
1775433600000,10,-0.09059999999999917,-1.5844718417047186,6,basis,constantheid,buffer+eruit,42
1776643200000,10,-4.3649000000000004,-1.5731142857142857,7,basis,constantheid,buffer+eruit,42
1777852800000,10,-4.2763,-2.5117757575757578,7,basis,constantheid,buffer+eruit,42
1779062400000,10,1.9525,-2.4891721854304634,7,basis,constantheid,buffer+eruit,42
1780272000000,10,-1.2304,-5.201725531914893,5,basis,constantheid,buffer+eruit,42
1781481600000,10,4.464600000000001,-3.086793779904306,7,basis,constantheid,buffer+eruit,42
1782691200000,10,-2.4599,-2.606737302977233,4,basis,constantheid,buffer+eruit,42
1783900800000,10,-2.6456,-2.512405293005671,5,basis,constantheid,buffer+eruit,42
1760918400000,10,6.0571,-2.9431798875702686,0,basis,constantheid,buffer+eruit,84
1762128000000,10,4.896799999999999,-3.4897274806977405,3,basis,constantheid,buffer+eruit,84
1763337600000,10,-8.8486,-3.429724894768491,7,basis,constantheid,buffer+eruit,84
1764547200000,10,4.3288,-1.8073796900489396,5,basis,constantheid,buffer+eruit,84
1765756800000,10,-3.9173999999999998,-1.9953789782244558,6,basis,constantheid,buffer+eruit,84
1766966400000,10,1.9936,-1.1289183673469387,3,basis,constantheid,buffer+eruit,84
1768176000000,10,0.0506000000000002,-2.373919564089258,4,basis,constantheid,buffer+eruit,84
1769385600000,10,-0.9692999999999999,-3.6445843694493787,3,basis,constantheid,buffer+eruit,84
1770595200000,10,0.5141,-2.4560152326060107,7,basis,constantheid,buffer+eruit,84
1771804800000,10,0.39819999999999983,-2.5292366559485533,7,basis,constantheid,buffer+eruit,84
1773014400000,10,-2.6982,-1.8758857965451057,3,basis,constantheid,buffer+eruit,84
1774224000000,10,-0.6095999999999999,-1.930268281322776,6,basis,constantheid,buffer+eruit,84
1775433600000,10,0.4807999999999998,-1.823327217125382,4,basis,constantheid,buffer+eruit,84
1776643200000,10,-0.6284999999999998,-1.0516842105263156,7,basis,constantheid,buffer+eruit,84
1777852800000,10,-0.3116,-1.9721002227171491,7,basis,constantheid,buffer+eruit,84
1779062400000,10,-5.743099999999999,-1.8678405315614617,6,basis,constantheid,buffer+eruit,84
1780272000000,10,3.491799999999999,-3.950724786931818,8,basis,constantheid,buffer+eruit,84
1781481600000,10,2.6991,-2.4372356594811837,4,basis,constantheid,buffer+eruit,84
1782691200000,10,1.6905999999999999,-2.021442706562394,5,basis,constantheid,buffer+eruit,84
1783900800000,10,-2.2224999999999997,-2.3026342888950735,3,basis,constantheid,buffer+eruit,84
1760918400000,10,-5.959999999999999,-1.8565131578947371,0,streng,rendement,lijst,42
1762128000000,10,8.0747,-1.6759500000000003,6,streng,rendement,lijst,42
1763337600000,10,-2.171,-0.8003456790123458,10,streng,rendement,lijst,42
1764547200000,10,0.8948,0.3007454545454545,10,streng,rendement,lijst,42
1765756800000,10,0.6448000000000003,-0.11095833333333342,8,streng,rendement,lijst,42
1766966400000,10,1.0460999999999998,0.17196774193548392,9,streng,rendement,lijst,42
1768176000000,10,-3.4111,-4.993363636363637,10,streng,rendement,lijst,42
1769385600000,10,-7.929999999999998,-5.958642857142857,8,streng,rendement,lijst,42
1770595200000,10,-2.6300000000000003,-1.5422702702702704,10,streng,rendement,lijst,42
1771804800000,10,-3.0873,-3.4197027027027027,9,streng,rendement,lijst,42
1773014400000,10,-4.3644,-2.1418064516129034,9,streng,rendement,lijst,42
1774224000000,10,1.9217000000000002,0.05800000000000024,9,streng,rendement,lijst,42
1775433600000,10,1.7053,0.29119148936170214,8,streng,rendement,lijst,42
1776643200000,10,1.0484999999999995,0.22061111111111137,8,streng,rendement,lijst,42
1777852800000,10,-1.4368000000000003,-2.489666666666667,8,streng,rendement,lijst,42
1779062400000,10,3.4778999999999995,-1.5040681818181818,8,streng,rendement,lijst,42
1780272000000,10,-4.813000000000001,-1.7789687499999998,9,streng,rendement,lijst,42
1781481600000,10,3.6614000000000004,-0.08900000000000016,8,streng,rendement,lijst,42
1782691200000,10,-3.6426000000000003,-1.5438500000000002,9,streng,rendement,lijst,42
1783900800000,10,-0.7279,-0.11824999999999997,9,streng,rendement,lijst,42
1760918400000,10,-0.48359999999999986,-2.287279569892473,0,streng,rendement,lijst,84
1762128000000,10,-5.7998,-1.8753443396226415,7,streng,rendement,lijst,84
1763337600000,10,-1.6625999999999994,-0.6779252873563218,7,streng,rendement,lijst,84
1764547200000,10,5.0829,0.47712949640287766,5,streng,rendement,lijst,84
1765756800000,10,-6.7839,-1.4216000000000004,5,streng,rendement,lijst,84
1766966400000,10,-1.0005,0.16232098765432112,7,streng,rendement,lijst,84
1768176000000,10,-4.2223,-1.9897362637362634,8,streng,rendement,lijst,84
1769385600000,10,-1.576,-0.4883977272727271,7,streng,rendement,lijst,84
1770595200000,10,3.0745000000000005,0.7444444444444445,9,streng,rendement,lijst,84
1771804800000,10,-0.4352000000000002,-0.8379843750000001,8,streng,rendement,lijst,84
1773014400000,10,3.2053000000000003,-0.9613083333333335,8,streng,rendement,lijst,84
1774224000000,10,-1.6093,-0.43674107142857155,8,streng,rendement,lijst,84
1775433600000,10,-1.4441000000000002,-0.6192912621359223,7,streng,rendement,lijst,84
1776643200000,10,-1.45,0.5897241379310347,8,streng,rendement,lijst,84
1777852800000,10,-0.23289999999999966,-1.9134310344827585,8,streng,rendement,lijst,84
1779062400000,10,14.5684,0.5281666666666666,7,streng,rendement,lijst,84
1780272000000,10,-13.7375,-3.972006451612903,7,streng,rendement,lijst,84
1781481600000,10,-0.7259000000000004,-1.3280337078651685,9,streng,rendement,lijst,84
1782691200000,10,-2.7527999999999997,-0.377436090225564,7,streng,rendement,lijst,84
1783900800000,10,4.0474000000000006,-0.3686904761904762,7,streng,rendement,lijst,84
1760918400000,10,-5.959999999999999,-1.8565131578947371,0,streng,rendement,buffer,42
1762128000000,10,4.8441,-1.6759500000000003,5,streng,rendement,buffer,42
1763337600000,10,-1.9038,-0.8003456790123458,9,streng,rendement,buffer,42
1764547200000,10,0.8948,0.3007454545454545,10,streng,rendement,buffer,42
1765756800000,10,0.6448000000000003,-0.11095833333333342,8,streng,rendement,buffer,42
1766966400000,10,0.3275,0.17196774193548392,8,streng,rendement,buffer,42
1768176000000,10,-5.249,-4.993363636363637,9,streng,rendement,buffer,42
1769385600000,10,-7.93,-5.958642857142857,7,streng,rendement,buffer,42
1770595200000,10,-2.6300000000000003,-1.5422702702702704,10,streng,rendement,buffer,42
1771804800000,10,-3.0873,-3.4197027027027027,9,streng,rendement,buffer,42
1773014400000,10,-4.3644,-2.1418064516129034,9,streng,rendement,buffer,42
1774224000000,10,1.9217000000000002,0.05800000000000024,9,streng,rendement,buffer,42
1775433600000,10,1.6397,0.29119148936170214,7,streng,rendement,buffer,42
1776643200000,10,1.0484999999999995,0.22061111111111137,8,streng,rendement,buffer,42
1777852800000,10,-1.4368000000000003,-2.489666666666667,8,streng,rendement,buffer,42
1779062400000,10,-1.2873999999999999,-1.5040681818181818,6,streng,rendement,buffer,42
1780272000000,10,-5.0529,-1.7789687499999998,8,streng,rendement,buffer,42
1781481600000,10,3.6614000000000004,-0.08900000000000016,8,streng,rendement,buffer,42
1782691200000,10,-2.8836000000000004,-1.5438500000000002,8,streng,rendement,buffer,42
1783900800000,10,-0.7279,-0.11824999999999997,9,streng,rendement,buffer,42
1760918400000,10,-0.48359999999999986,-2.287279569892473,0,streng,rendement,buffer,84
1762128000000,10,-5.7998,-1.8753443396226415,7,streng,rendement,buffer,84
1763337600000,10,-5.118799999999999,-0.6779252873563218,6,streng,rendement,buffer,84
1764547200000,10,4.2969,0.47712949640287766,5,streng,rendement,buffer,84
1765756800000,10,-6.7839,-1.4216000000000004,5,streng,rendement,buffer,84
1766966400000,10,-1.0005,0.16232098765432112,7,streng,rendement,buffer,84
1768176000000,10,-4.2223,-1.9897362637362634,8,streng,rendement,buffer,84
1769385600000,10,-3.3945999999999996,-0.4883977272727271,5,streng,rendement,buffer,84
1770595200000,10,3.3991,0.7444444444444445,7,streng,rendement,buffer,84
1771804800000,10,-0.4352000000000002,-0.8379843750000001,8,streng,rendement,buffer,84
1773014400000,10,3.2053000000000003,-0.9613083333333335,8,streng,rendement,buffer,84
1774224000000,10,-1.5696999999999999,-0.43674107142857155,7,streng,rendement,buffer,84
1775433600000,10,-2.0124000000000004,-0.6192912621359223,6,streng,rendement,buffer,84
1776643200000,10,-1.45,0.5897241379310347,8,streng,rendement,buffer,84
1777852800000,10,-0.049799999999999754,-1.9134310344827585,6,streng,rendement,buffer,84
1779062400000,10,14.5684,0.5281666666666666,8,streng,rendement,buffer,84
1780272000000,10,-11.6187,-3.972006451612903,6,streng,rendement,buffer,84
1781481600000,10,-0.7259000000000004,-1.3280337078651685,9,streng,rendement,buffer,84
1782691200000,10,-3.7704999999999997,-0.377436090225564,6,streng,rendement,buffer,84
1783900800000,10,2.4289,-0.3686904761904762,7,streng,rendement,buffer,84
1760918400000,10,-5.959999999999999,-1.8565131578947371,0,streng,rendement,eruit,42
1762128000000,10,8.0747,-1.6759500000000003,6,streng,rendement,eruit,42
1763337600000,10,-2.171,-0.8003456790123458,10,streng,rendement,eruit,42
1764547200000,10,0.8948,0.3007454545454545,10,streng,rendement,eruit,42
1765756800000,10,0.6448000000000003,-0.11095833333333342,8,streng,rendement,eruit,42
1766966400000,10,1.0460999999999998,0.17196774193548392,9,streng,rendement,eruit,42
1768176000000,10,-3.4111,-4.993363636363637,10,streng,rendement,eruit,42
1769385600000,10,-7.929999999999998,-5.958642857142857,8,streng,rendement,eruit,42
1770595200000,10,-2.6300000000000003,-1.5422702702702704,10,streng,rendement,eruit,42
1771804800000,10,-3.0873,-3.4197027027027027,9,streng,rendement,eruit,42
1773014400000,10,-4.3644,-2.1418064516129034,9,streng,rendement,eruit,42
1774224000000,10,1.9217000000000002,0.05800000000000024,9,streng,rendement,eruit,42
1775433600000,10,1.7053,0.29119148936170214,8,streng,rendement,eruit,42
1776643200000,10,1.0484999999999995,0.22061111111111137,8,streng,rendement,eruit,42
1777852800000,10,-1.4368000000000003,-2.489666666666667,8,streng,rendement,eruit,42
1779062400000,10,3.4778999999999995,-1.5040681818181818,8,streng,rendement,eruit,42
1780272000000,10,-4.813000000000001,-1.7789687499999998,9,streng,rendement,eruit,42
1781481600000,10,3.6614000000000004,-0.08900000000000016,8,streng,rendement,eruit,42
1782691200000,10,-3.6426000000000003,-1.5438500000000002,9,streng,rendement,eruit,42
1783900800000,10,-0.7279,-0.11824999999999997,9,streng,rendement,eruit,42
1760918400000,10,-0.48359999999999986,-2.287279569892473,0,streng,rendement,eruit,84
1762128000000,10,-5.7998,-1.8753443396226415,7,streng,rendement,eruit,84
1763337600000,10,-1.6625999999999994,-0.6779252873563218,7,streng,rendement,eruit,84
1764547200000,10,5.0829,0.47712949640287766,5,streng,rendement,eruit,84
1765756800000,10,-6.7839,-1.4216000000000004,5,streng,rendement,eruit,84
1766966400000,10,-1.0005,0.16232098765432112,7,streng,rendement,eruit,84
1768176000000,10,-4.2223,-1.9897362637362634,8,streng,rendement,eruit,84
1769385600000,10,-1.576,-0.4883977272727271,7,streng,rendement,eruit,84
1770595200000,10,3.0745000000000005,0.7444444444444445,9,streng,rendement,eruit,84
1771804800000,10,-0.4352000000000002,-0.8379843750000001,8,streng,rendement,eruit,84
1773014400000,10,3.2053000000000003,-0.9613083333333335,8,streng,rendement,eruit,84
1774224000000,10,-1.6093,-0.43674107142857155,8,streng,rendement,eruit,84
1775433600000,10,-1.4441000000000002,-0.6192912621359223,7,streng,rendement,eruit,84
1776643200000,10,-1.45,0.5897241379310347,8,streng,rendement,eruit,84
1777852800000,10,-0.23289999999999966,-1.9134310344827585,8,streng,rendement,eruit,84
1779062400000,10,14.5684,0.5281666666666666,7,streng,rendement,eruit,84
1780272000000,10,-13.7375,-3.972006451612903,7,streng,rendement,eruit,84
1781481600000,10,-0.7259000000000004,-1.3280337078651685,9,streng,rendement,eruit,84
1782691200000,10,-2.7527999999999997,-0.377436090225564,7,streng,rendement,eruit,84
1783900800000,10,4.0474000000000006,-0.3686904761904762,7,streng,rendement,eruit,84
1760918400000,10,-5.959999999999999,-1.8565131578947371,0,streng,rendement,buffer+eruit,42
1762128000000,10,4.8441,-1.6759500000000003,5,streng,rendement,buffer+eruit,42
1763337600000,10,-1.9038,-0.8003456790123458,9,streng,rendement,buffer+eruit,42
1764547200000,10,0.8948,0.3007454545454545,10,streng,rendement,buffer+eruit,42
1765756800000,10,0.6448000000000003,-0.11095833333333342,8,streng,rendement,buffer+eruit,42
1766966400000,10,0.3275,0.17196774193548392,8,streng,rendement,buffer+eruit,42
1768176000000,10,-5.249,-4.993363636363637,9,streng,rendement,buffer+eruit,42
1769385600000,10,-7.93,-5.958642857142857,7,streng,rendement,buffer+eruit,42
1770595200000,10,-2.6300000000000003,-1.5422702702702704,10,streng,rendement,buffer+eruit,42
1771804800000,10,-3.0873,-3.4197027027027027,9,streng,rendement,buffer+eruit,42
1773014400000,10,-4.3644,-2.1418064516129034,9,streng,rendement,buffer+eruit,42
1774224000000,10,1.9217000000000002,0.05800000000000024,9,streng,rendement,buffer+eruit,42
1775433600000,10,1.6397,0.29119148936170214,7,streng,rendement,buffer+eruit,42
1776643200000,10,1.0484999999999995,0.22061111111111137,8,streng,rendement,buffer+eruit,42
1777852800000,10,-1.4368000000000003,-2.489666666666667,8,streng,rendement,buffer+eruit,42
1779062400000,10,-0.3729,-1.5040681818181818,7,streng,rendement,buffer+eruit,42
1780272000000,10,-5.0529,-1.7789687499999998,8,streng,rendement,buffer+eruit,42
1781481600000,10,3.6614000000000004,-0.08900000000000016,8,streng,rendement,buffer+eruit,42
1782691200000,10,-2.8836000000000004,-1.5438500000000002,8,streng,rendement,buffer+eruit,42
1783900800000,10,-0.7279,-0.11824999999999997,9,streng,rendement,buffer+eruit,42
1760918400000,10,-0.48359999999999986,-2.287279569892473,0,streng,rendement,buffer+eruit,84
1762128000000,10,-5.7998,-1.8753443396226415,7,streng,rendement,buffer+eruit,84
1763337600000,10,-5.118799999999999,-0.6779252873563218,6,streng,rendement,buffer+eruit,84
1764547200000,10,4.2969,0.47712949640287766,5,streng,rendement,buffer+eruit,84
1765756800000,10,-6.7839,-1.4216000000000004,5,streng,rendement,buffer+eruit,84
1766966400000,10,-1.0005,0.16232098765432112,7,streng,rendement,buffer+eruit,84
1768176000000,10,-4.2223,-1.9897362637362634,8,streng,rendement,buffer+eruit,84
1769385600000,10,-3.3945999999999996,-0.4883977272727271,5,streng,rendement,buffer+eruit,84
1770595200000,10,3.3991,0.7444444444444445,7,streng,rendement,buffer+eruit,84
1771804800000,10,-0.4352000000000002,-0.8379843750000001,8,streng,rendement,buffer+eruit,84
1773014400000,10,3.2053000000000003,-0.9613083333333335,8,streng,rendement,buffer+eruit,84
1774224000000,10,-1.5696999999999999,-0.43674107142857155,7,streng,rendement,buffer+eruit,84
1775433600000,10,-1.4441000000000002,-0.6192912621359223,7,streng,rendement,buffer+eruit,84
1776643200000,10,-1.45,0.5897241379310347,8,streng,rendement,buffer+eruit,84
1777852800000,10,-0.049799999999999754,-1.9134310344827585,6,streng,rendement,buffer+eruit,84
1779062400000,10,14.5684,0.5281666666666666,8,streng,rendement,buffer+eruit,84
1780272000000,10,-11.6187,-3.972006451612903,6,streng,rendement,buffer+eruit,84
1781481600000,10,-0.7259000000000004,-1.3280337078651685,9,streng,rendement,buffer+eruit,84
1782691200000,10,-3.7704999999999997,-0.377436090225564,6,streng,rendement,buffer+eruit,84
1783900800000,10,2.4289,-0.3686904761904762,7,streng,rendement,buffer+eruit,84
1760918400000,10,2.2949999999999995,-1.8565131578947371,0,streng,consistent,lijst,42
1762128000000,10,8.361,-1.6759500000000003,6,streng,consistent,lijst,42
1763337600000,10,-1.1301,-0.8003456790123458,9,streng,consistent,lijst,42
1764547200000,10,4.2635000000000005,0.3007454545454545,10,streng,consistent,lijst,42
1765756800000,10,3.0904999999999996,-0.11095833333333342,6,streng,consistent,lijst,42
1766966400000,10,0.036900000000000065,0.17196774193548392,7,streng,consistent,lijst,42
1768176000000,10,-7.704899999999999,-4.993363636363637,7,streng,consistent,lijst,42
1769385600000,6,-6.416333333333333,-5.958642857142857,9,streng,consistent,lijst,42
1770595200000,10,-2.3073,-1.5422702702702704,6,streng,consistent,lijst,42
1771804800000,10,-2.4773,-3.4197027027027027,8,streng,consistent,lijst,42
1773014400000,10,-2.2697999999999996,-2.1418064516129034,9,streng,consistent,lijst,42
1774224000000,10,1.2205000000000001,0.05800000000000024,10,streng,consistent,lijst,42
1775433600000,10,0.29700000000000026,0.29119148936170214,7,streng,consistent,lijst,42
1776643200000,10,-0.7659000000000002,0.22061111111111137,8,streng,consistent,lijst,42
1777852800000,10,-2.9913,-2.489666666666667,8,streng,consistent,lijst,42
1779062400000,10,2.2456,-1.5040681818181818,6,streng,consistent,lijst,42
1780272000000,10,6.990100000000001,-1.7789687499999998,8,streng,consistent,lijst,42
1781481600000,10,4.1523,-0.08900000000000016,8,streng,consistent,lijst,42
1782691200000,10,-0.32139999999999985,-1.5438500000000002,9,streng,consistent,lijst,42
1783900800000,10,0.45640000000000003,-0.11824999999999997,10,streng,consistent,lijst,42
1760918400000,10,4.680400000000001,-2.287279569892473,0,streng,consistent,lijst,84
1762128000000,10,0.5216,-1.8753443396226415,5,streng,consistent,lijst,84
1763337600000,10,2.2684,-0.6779252873563218,5,streng,consistent,lijst,84
1764547200000,10,5.891,0.47712949640287766,8,streng,consistent,lijst,84
1765756800000,10,-1.8519,-1.4216000000000004,6,streng,consistent,lijst,84
1766966400000,10,-0.6043000000000003,0.16232098765432112,8,streng,consistent,lijst,84
1768176000000,10,-0.8515999999999998,-1.9897362637362634,8,streng,consistent,lijst,84
1769385600000,10,4.1617999999999995,-0.4883977272727271,6,streng,consistent,lijst,84
1770595200000,10,6.487700000000001,0.7444444444444445,8,streng,consistent,lijst,84
1771804800000,10,2.2352999999999996,-0.8379843750000001,6,streng,consistent,lijst,84
1773014400000,10,1.4173000000000002,-0.9613083333333335,7,streng,consistent,lijst,84
1774224000000,10,-2.7220999999999997,-0.43674107142857155,7,streng,consistent,lijst,84
1775433600000,10,-3.5737,-0.6192912621359223,7,streng,consistent,lijst,84
1776643200000,10,0.08749999999999987,0.5897241379310347,6,streng,consistent,lijst,84
1777852800000,10,1.6033000000000004,-1.9134310344827585,6,streng,consistent,lijst,84
1779062400000,10,7.978199999999999,0.5281666666666666,7,streng,consistent,lijst,84
1780272000000,10,-5.8648,-3.972006451612903,8,streng,consistent,lijst,84
1781481600000,10,2.0443,-1.3280337078651685,9,streng,consistent,lijst,84
1782691200000,10,-0.7014000000000001,-0.377436090225564,8,streng,consistent,lijst,84
1783900800000,10,-1.4221000000000001,-0.3686904761904762,8,streng,consistent,lijst,84
1760918400000,10,2.2949999999999995,-1.8565131578947371,0,streng,consistent,buffer,42
1762128000000,10,5.974,-1.6759500000000003,5,streng,consistent,buffer,42
1763337600000,10,-1.1301,-0.8003456790123458,9,streng,consistent,buffer,42
1764547200000,10,3.5654000000000003,0.3007454545454545,9,streng,consistent,buffer,42
1765756800000,10,3.0904999999999996,-0.11095833333333342,7,streng,consistent,buffer,42
1766966400000,10,0.036900000000000065,0.17196774193548392,7,streng,consistent,buffer,42
1768176000000,10,-7.704899999999999,-4.993363636363637,7,streng,consistent,buffer,42
1769385600000,6,-6.416333333333333,-5.958642857142857,9,streng,consistent,buffer,42
1770595200000,10,-2.3073,-1.5422702702702704,6,streng,consistent,buffer,42
1771804800000,10,-2.4773,-3.4197027027027027,8,streng,consistent,buffer,42
1773014400000,10,-2.2697999999999996,-2.1418064516129034,9,streng,consistent,buffer,42
1774224000000,10,1.2205000000000001,0.05800000000000024,10,streng,consistent,buffer,42
1775433600000,10,1.6753,0.29119148936170214,6,streng,consistent,buffer,42
1776643200000,10,-0.7659000000000002,0.22061111111111137,8,streng,consistent,buffer,42
1777852800000,10,-2.9913,-2.489666666666667,8,streng,consistent,buffer,42
1779062400000,10,2.2456,-1.5040681818181818,6,streng,consistent,buffer,42
1780272000000,10,3.9881000000000006,-1.7789687499999998,7,streng,consistent,buffer,42
1781481600000,10,3.8992999999999993,-0.08900000000000016,7,streng,consistent,buffer,42
1782691200000,10,0.6269,-1.5438500000000002,6,streng,consistent,buffer,42
1783900800000,10,-0.9527999999999999,-0.11824999999999997,8,streng,consistent,buffer,42
1760918400000,10,4.680400000000001,-2.287279569892473,0,streng,consistent,buffer,84
1762128000000,10,0.5216,-1.8753443396226415,5,streng,consistent,buffer,84
1763337600000,10,0.7682000000000002,-0.6779252873563218,4,streng,consistent,buffer,84
1764547200000,10,5.477200000000001,0.47712949640287766,6,streng,consistent,buffer,84
1765756800000,10,-3.9027000000000007,-1.4216000000000004,6,streng,consistent,buffer,84
1766966400000,10,-0.6043000000000003,0.16232098765432112,8,streng,consistent,buffer,84
1768176000000,10,-0.8356,-1.9897362637362634,5,streng,consistent,buffer,84
1769385600000,10,1.334,-0.4883977272727271,5,streng,consistent,buffer,84
1770595200000,10,6.487700000000001,0.7444444444444445,8,streng,consistent,buffer,84
1771804800000,10,2.2352999999999996,-0.8379843750000001,6,streng,consistent,buffer,84
1773014400000,10,3.9194000000000004,-0.9613083333333335,5,streng,consistent,buffer,84
1774224000000,10,-2.7220999999999997,-0.43674107142857155,7,streng,consistent,buffer,84
1775433600000,10,-3.5737,-0.6192912621359223,6,streng,consistent,buffer,84
1776643200000,10,0.08749999999999987,0.5897241379310347,6,streng,consistent,buffer,84
1777852800000,10,1.6376000000000002,-1.9134310344827585,5,streng,consistent,buffer,84
1779062400000,10,7.978199999999999,0.5281666666666666,7,streng,consistent,buffer,84
1780272000000,10,-7.555900000000001,-3.972006451612903,7,streng,consistent,buffer,84
1781481600000,10,2.0443,-1.3280337078651685,10,streng,consistent,buffer,84
1782691200000,10,0.08599999999999985,-0.377436090225564,7,streng,consistent,buffer,84
1783900800000,10,-0.5408000000000001,-0.3686904761904762,6,streng,consistent,buffer,84
1760918400000,10,2.2949999999999995,-1.8565131578947371,0,streng,consistent,eruit,42
1762128000000,10,8.360999999999999,-1.6759500000000003,7,streng,consistent,eruit,42
1763337600000,10,-1.1301,-0.8003456790123458,9,streng,consistent,eruit,42
1764547200000,10,4.2635000000000005,0.3007454545454545,10,streng,consistent,eruit,42
1765756800000,10,3.0904999999999996,-0.11095833333333342,6,streng,consistent,eruit,42
1766966400000,10,0.036900000000000065,0.17196774193548392,7,streng,consistent,eruit,42
1768176000000,10,-7.704899999999999,-4.993363636363637,7,streng,consistent,eruit,42
1769385600000,6,-6.416333333333333,-5.958642857142857,9,streng,consistent,eruit,42
1770595200000,10,-2.3073,-1.5422702702702704,6,streng,consistent,eruit,42
1771804800000,10,-2.4773,-3.4197027027027027,8,streng,consistent,eruit,42
1773014400000,10,-2.2697999999999996,-2.1418064516129034,9,streng,consistent,eruit,42
1774224000000,10,1.2205000000000001,0.05800000000000024,10,streng,consistent,eruit,42
1775433600000,10,0.29700000000000026,0.29119148936170214,7,streng,consistent,eruit,42
1776643200000,10,-0.7659000000000002,0.22061111111111137,8,streng,consistent,eruit,42
1777852800000,10,-2.9913,-2.489666666666667,8,streng,consistent,eruit,42
1779062400000,10,2.2456,-1.5040681818181818,7,streng,consistent,eruit,42
1780272000000,10,6.990100000000001,-1.7789687499999998,8,streng,consistent,eruit,42
1781481600000,10,4.1523,-0.08900000000000016,8,streng,consistent,eruit,42
1782691200000,10,-0.32139999999999985,-1.5438500000000002,9,streng,consistent,eruit,42
1783900800000,10,0.45640000000000003,-0.11824999999999997,10,streng,consistent,eruit,42
1760918400000,10,4.680400000000001,-2.287279569892473,0,streng,consistent,eruit,84
1762128000000,10,0.5216,-1.8753443396226415,5,streng,consistent,eruit,84
1763337600000,10,2.2684,-0.6779252873563218,5,streng,consistent,eruit,84
1764547200000,10,5.891,0.47712949640287766,8,streng,consistent,eruit,84
1765756800000,10,-1.8519,-1.4216000000000004,6,streng,consistent,eruit,84
1766966400000,10,-0.6043000000000003,0.16232098765432112,8,streng,consistent,eruit,84
1768176000000,10,-0.8515999999999998,-1.9897362637362634,8,streng,consistent,eruit,84
1769385600000,10,4.1617999999999995,-0.4883977272727271,6,streng,consistent,eruit,84
1770595200000,10,6.487700000000001,0.7444444444444445,8,streng,consistent,eruit,84
1771804800000,10,2.2352999999999996,-0.8379843750000001,6,streng,consistent,eruit,84
1773014400000,10,1.4173000000000002,-0.9613083333333335,7,streng,consistent,eruit,84
1774224000000,10,-2.7220999999999997,-0.43674107142857155,7,streng,consistent,eruit,84
1775433600000,10,-3.5737,-0.6192912621359223,7,streng,consistent,eruit,84
1776643200000,10,0.08749999999999987,0.5897241379310347,6,streng,consistent,eruit,84
1777852800000,10,1.6033000000000004,-1.9134310344827585,6,streng,consistent,eruit,84
1779062400000,10,7.978199999999999,0.5281666666666666,7,streng,consistent,eruit,84
1780272000000,10,-5.8648,-3.972006451612903,8,streng,consistent,eruit,84
1781481600000,10,2.0443,-1.3280337078651685,9,streng,consistent,eruit,84
1782691200000,10,-0.7014000000000001,-0.377436090225564,8,streng,consistent,eruit,84
1783900800000,10,-1.4221000000000001,-0.3686904761904762,8,streng,consistent,eruit,84
1760918400000,10,2.2949999999999995,-1.8565131578947371,0,streng,consistent,buffer+eruit,42
1762128000000,10,5.973999999999999,-1.6759500000000003,6,streng,consistent,buffer+eruit,42
1763337600000,10,-1.1301,-0.8003456790123458,9,streng,consistent,buffer+eruit,42
1764547200000,10,3.5654000000000003,0.3007454545454545,9,streng,consistent,buffer+eruit,42
1765756800000,10,3.0904999999999996,-0.11095833333333342,7,streng,consistent,buffer+eruit,42
1766966400000,10,0.036900000000000065,0.17196774193548392,7,streng,consistent,buffer+eruit,42
1768176000000,10,-7.704899999999999,-4.993363636363637,7,streng,consistent,buffer+eruit,42
1769385600000,6,-6.416333333333333,-5.958642857142857,9,streng,consistent,buffer+eruit,42
1770595200000,10,-2.3073,-1.5422702702702704,6,streng,consistent,buffer+eruit,42
1771804800000,10,-2.4773,-3.4197027027027027,8,streng,consistent,buffer+eruit,42
1773014400000,10,-2.2697999999999996,-2.1418064516129034,9,streng,consistent,buffer+eruit,42
1774224000000,10,1.2205000000000001,0.05800000000000024,10,streng,consistent,buffer+eruit,42
1775433600000,10,1.6753,0.29119148936170214,6,streng,consistent,buffer+eruit,42
1776643200000,10,-0.7659000000000002,0.22061111111111137,8,streng,consistent,buffer+eruit,42
1777852800000,10,-2.9913,-2.489666666666667,8,streng,consistent,buffer+eruit,42
1779062400000,10,2.2456,-1.5040681818181818,7,streng,consistent,buffer+eruit,42
1780272000000,10,3.9881000000000006,-1.7789687499999998,7,streng,consistent,buffer+eruit,42
1781481600000,10,3.8992999999999993,-0.08900000000000016,7,streng,consistent,buffer+eruit,42
1782691200000,10,0.6269,-1.5438500000000002,6,streng,consistent,buffer+eruit,42
1783900800000,10,-0.9527999999999999,-0.11824999999999997,8,streng,consistent,buffer+eruit,42
1760918400000,10,4.680400000000001,-2.287279569892473,0,streng,consistent,buffer+eruit,84
1762128000000,10,0.5216,-1.8753443396226415,5,streng,consistent,buffer+eruit,84
1763337600000,10,0.7682000000000002,-0.6779252873563218,4,streng,consistent,buffer+eruit,84
1764547200000,10,5.477200000000001,0.47712949640287766,6,streng,consistent,buffer+eruit,84
1765756800000,10,-3.9027000000000007,-1.4216000000000004,6,streng,consistent,buffer+eruit,84
1766966400000,10,-0.6043000000000003,0.16232098765432112,8,streng,consistent,buffer+eruit,84
1768176000000,10,-0.8356,-1.9897362637362634,5,streng,consistent,buffer+eruit,84
1769385600000,10,1.334,-0.4883977272727271,5,streng,consistent,buffer+eruit,84
1770595200000,10,6.487700000000001,0.7444444444444445,8,streng,consistent,buffer+eruit,84
1771804800000,10,2.2352999999999996,-0.8379843750000001,6,streng,consistent,buffer+eruit,84
1773014400000,10,3.9194000000000004,-0.9613083333333335,5,streng,consistent,buffer+eruit,84
1774224000000,10,-2.7220999999999997,-0.43674107142857155,7,streng,consistent,buffer+eruit,84
1775433600000,10,-3.5737,-0.6192912621359223,6,streng,consistent,buffer+eruit,84
1776643200000,10,0.08749999999999987,0.5897241379310347,6,streng,consistent,buffer+eruit,84
1777852800000,10,1.6376000000000002,-1.9134310344827585,5,streng,consistent,buffer+eruit,84
1779062400000,10,7.978199999999999,0.5281666666666666,7,streng,consistent,buffer+eruit,84
1780272000000,10,-7.555900000000001,-3.972006451612903,7,streng,consistent,buffer+eruit,84
1781481600000,10,2.0443,-1.3280337078651685,10,streng,consistent,buffer+eruit,84
1782691200000,10,0.08599999999999985,-0.377436090225564,7,streng,consistent,buffer+eruit,84
1783900800000,10,-0.5408000000000001,-0.3686904761904762,6,streng,consistent,buffer+eruit,84
1760918400000,10,1.9069999999999996,-1.8565131578947371,0,streng,constantheid,lijst,42
1762128000000,10,7.5642,-1.6759500000000003,7,streng,constantheid,lijst,42
1763337600000,10,0.9516,-0.8003456790123458,10,streng,constantheid,lijst,42
1764547200000,10,4.7741,0.3007454545454545,9,streng,constantheid,lijst,42
1765756800000,10,4.304600000000001,-0.11095833333333342,7,streng,constantheid,lijst,42
1766966400000,10,0.6877,0.17196774193548392,8,streng,constantheid,lijst,42
1768176000000,10,-6.5047000000000015,-4.993363636363637,6,streng,constantheid,lijst,42
1769385600000,10,-7.0244,-5.958642857142857,8,streng,constantheid,lijst,42
1770595200000,10,-0.7996000000000001,-1.5422702702702704,10,streng,constantheid,lijst,42
1771804800000,10,-3.9375,-3.4197027027027027,8,streng,constantheid,lijst,42
1773014400000,10,-1.9733999999999998,-2.1418064516129034,8,streng,constantheid,lijst,42
1774224000000,10,-0.30379999999999996,0.05800000000000024,9,streng,constantheid,lijst,42
1775433600000,10,2.0745,0.29119148936170214,7,streng,constantheid,lijst,42
1776643200000,10,-2.6491000000000002,0.22061111111111137,9,streng,constantheid,lijst,42
1777852800000,10,-1.4162000000000003,-2.489666666666667,8,streng,constantheid,lijst,42
1779062400000,10,2.5744,-1.5040681818181818,6,streng,constantheid,lijst,42
1780272000000,10,-0.9017,-1.7789687499999998,6,streng,constantheid,lijst,42
1781481600000,10,5.798699999999999,-0.08900000000000016,8,streng,constantheid,lijst,42
1782691200000,10,-0.8001999999999999,-1.5438500000000002,6,streng,constantheid,lijst,42
1783900800000,10,3.2906999999999997,-0.11824999999999997,10,streng,constantheid,lijst,42
1760918400000,10,-0.7593999999999999,-2.287279569892473,0,streng,constantheid,lijst,84
1762128000000,10,12.9174,-1.8753443396226415,8,streng,constantheid,lijst,84
1763337600000,10,1.7333000000000003,-0.6779252873563218,8,streng,constantheid,lijst,84
1764547200000,10,7.071899999999999,0.47712949640287766,6,streng,constantheid,lijst,84
1765756800000,10,0.9497,-1.4216000000000004,4,streng,constantheid,lijst,84
1766966400000,10,6.791200000000001,0.16232098765432112,5,streng,constantheid,lijst,84
1768176000000,10,0.5701000000000004,-1.9897362637362634,7,streng,constantheid,lijst,84
1769385600000,10,-1.9899999999999998,-0.4883977272727271,3,streng,constantheid,lijst,84
1770595200000,10,5.898100000000001,0.7444444444444445,5,streng,constantheid,lijst,84
1771804800000,10,3.1262,-0.8379843750000001,6,streng,constantheid,lijst,84
1773014400000,10,2.5479,-0.9613083333333335,7,streng,constantheid,lijst,84
1774224000000,10,2.7567,-0.43674107142857155,5,streng,constantheid,lijst,84
1775433600000,10,3.221,-0.6192912621359223,5,streng,constantheid,lijst,84
1776643200000,10,1.4956999999999998,0.5897241379310347,6,streng,constantheid,lijst,84
1777852800000,10,1.1049000000000002,-1.9134310344827585,5,streng,constantheid,lijst,84
1779062400000,10,-2.3555,0.5281666666666666,7,streng,constantheid,lijst,84
1780272000000,10,-0.0839999999999999,-3.972006451612903,7,streng,constantheid,lijst,84
1781481600000,10,0.7115,-1.3280337078651685,9,streng,constantheid,lijst,84
1782691200000,10,-0.009399999999999941,-0.377436090225564,8,streng,constantheid,lijst,84
1783900800000,10,0.8331,-0.3686904761904762,6,streng,constantheid,lijst,84
1760918400000,10,1.9069999999999996,-1.8565131578947371,0,streng,constantheid,buffer,42
1762128000000,10,7.266299999999999,-1.6759500000000003,4,streng,constantheid,buffer,42
1763337600000,10,0.42920000000000014,-0.8003456790123458,9,streng,constantheid,buffer,42
1764547200000,10,4.7741,0.3007454545454545,9,streng,constantheid,buffer,42
1765756800000,10,4.304600000000001,-0.11095833333333342,7,streng,constantheid,buffer,42
1766966400000,10,0.6877,0.17196774193548392,8,streng,constantheid,buffer,42
1768176000000,10,-6.5047000000000015,-4.993363636363637,6,streng,constantheid,buffer,42
1769385600000,10,-7.0244,-5.958642857142857,8,streng,constantheid,buffer,42
1770595200000,10,-0.7996000000000001,-1.5422702702702704,10,streng,constantheid,buffer,42
1771804800000,10,-4.8075,-3.4197027027027027,7,streng,constantheid,buffer,42
1773014400000,10,-2.1254999999999997,-2.1418064516129034,7,streng,constantheid,buffer,42
1774224000000,10,-1.1405999999999996,0.05800000000000024,8,streng,constantheid,buffer,42
1775433600000,10,2.0745,0.29119148936170214,7,streng,constantheid,buffer,42
1776643200000,10,-2.6491000000000002,0.22061111111111137,9,streng,constantheid,buffer,42
1777852800000,10,-2.9823999999999997,-2.489666666666667,7,streng,constantheid,buffer,42
1779062400000,10,2.5744,-1.5040681818181818,6,streng,constantheid,buffer,42
1780272000000,10,-0.9017,-1.7789687499999998,6,streng,constantheid,buffer,42
1781481600000,10,5.798699999999999,-0.08900000000000016,8,streng,constantheid,buffer,42
1782691200000,10,-0.8001999999999999,-1.5438500000000002,6,streng,constantheid,buffer,42
1783900800000,10,2.8998999999999997,-0.11824999999999997,9,streng,constantheid,buffer,42
1760918400000,10,-0.7593999999999999,-2.287279569892473,0,streng,constantheid,buffer,84
1762128000000,10,10.181999999999999,-1.8753443396226415,6,streng,constantheid,buffer,84
1763337600000,10,2.2628000000000004,-0.6779252873563218,7,streng,constantheid,buffer,84
1764547200000,10,6.589499999999999,0.47712949640287766,5,streng,constantheid,buffer,84
1765756800000,10,1.5524999999999998,-1.4216000000000004,4,streng,constantheid,buffer,84
1766966400000,10,6.2237,0.16232098765432112,4,streng,constantheid,buffer,84
1768176000000,10,1.0684,-1.9897362637362634,5,streng,constantheid,buffer,84
1769385600000,10,-1.9899999999999998,-0.4883977272727271,3,streng,constantheid,buffer,84
1770595200000,10,5.898100000000001,0.7444444444444445,5,streng,constantheid,buffer,84
1771804800000,10,3.1262,-0.8379843750000001,6,streng,constantheid,buffer,84
1773014400000,10,0.6190000000000001,-0.9613083333333335,3,streng,constantheid,buffer,84
1774224000000,10,1.643,-0.43674107142857155,4,streng,constantheid,buffer,84
1775433600000,10,3.4736000000000002,-0.6192912621359223,5,streng,constantheid,buffer,84
1776643200000,10,1.4956999999999998,0.5897241379310347,6,streng,constantheid,buffer,84
1777852800000,10,-0.7869999999999999,-1.9134310344827585,4,streng,constantheid,buffer,84
1779062400000,10,-2.2919,0.5281666666666666,7,streng,constantheid,buffer,84
1780272000000,10,-0.6282999999999999,-3.972006451612903,5,streng,constantheid,buffer,84
1781481600000,10,0.7115,-1.3280337078651685,9,streng,constantheid,buffer,84
1782691200000,10,-0.24489999999999998,-0.377436090225564,6,streng,constantheid,buffer,84
1783900800000,10,0.6162000000000001,-0.3686904761904762,3,streng,constantheid,buffer,84
1760918400000,10,1.9069999999999996,-1.8565131578947371,0,streng,constantheid,eruit,42
1762128000000,10,7.5642,-1.6759500000000003,7,streng,constantheid,eruit,42
1763337600000,10,0.9516,-0.8003456790123458,10,streng,constantheid,eruit,42
1764547200000,10,4.7741,0.3007454545454545,9,streng,constantheid,eruit,42
1765756800000,10,4.304600000000001,-0.11095833333333342,7,streng,constantheid,eruit,42
1766966400000,10,0.6877,0.17196774193548392,8,streng,constantheid,eruit,42
1768176000000,10,-6.5047000000000015,-4.993363636363637,6,streng,constantheid,eruit,42
1769385600000,10,-7.0244,-5.958642857142857,9,streng,constantheid,eruit,42
1770595200000,10,-0.7996000000000001,-1.5422702702702704,10,streng,constantheid,eruit,42
1771804800000,10,-3.9375,-3.4197027027027027,8,streng,constantheid,eruit,42
1773014400000,10,-1.9733999999999998,-2.1418064516129034,8,streng,constantheid,eruit,42
1774224000000,10,-0.30379999999999996,0.05800000000000024,9,streng,constantheid,eruit,42
1775433600000,10,2.0745,0.29119148936170214,7,streng,constantheid,eruit,42
1776643200000,10,-2.6491000000000002,0.22061111111111137,9,streng,constantheid,eruit,42
1777852800000,10,-1.4162000000000003,-2.489666666666667,8,streng,constantheid,eruit,42
1779062400000,10,2.5744,-1.5040681818181818,6,streng,constantheid,eruit,42
1780272000000,10,-0.9017,-1.7789687499999998,6,streng,constantheid,eruit,42
1781481600000,10,5.798699999999999,-0.08900000000000016,8,streng,constantheid,eruit,42
1782691200000,10,-0.8001999999999999,-1.5438500000000002,6,streng,constantheid,eruit,42
1783900800000,10,3.2906999999999997,-0.11824999999999997,10,streng,constantheid,eruit,42
1760918400000,10,-0.7593999999999999,-2.287279569892473,0,streng,constantheid,eruit,84
1762128000000,10,12.9174,-1.8753443396226415,8,streng,constantheid,eruit,84
1763337600000,10,1.7333000000000003,-0.6779252873563218,8,streng,constantheid,eruit,84
1764547200000,10,7.071899999999999,0.47712949640287766,6,streng,constantheid,eruit,84
1765756800000,10,0.9497,-1.4216000000000004,4,streng,constantheid,eruit,84
1766966400000,10,6.791200000000001,0.16232098765432112,5,streng,constantheid,eruit,84
1768176000000,10,0.5701000000000004,-1.9897362637362634,7,streng,constantheid,eruit,84
1769385600000,10,-1.9899999999999998,-0.4883977272727271,3,streng,constantheid,eruit,84
1770595200000,10,5.898100000000001,0.7444444444444445,5,streng,constantheid,eruit,84
1771804800000,10,3.1262,-0.8379843750000001,6,streng,constantheid,eruit,84
1773014400000,10,2.5479,-0.9613083333333335,7,streng,constantheid,eruit,84
1774224000000,10,2.7567,-0.43674107142857155,5,streng,constantheid,eruit,84
1775433600000,10,3.221,-0.6192912621359223,5,streng,constantheid,eruit,84
1776643200000,10,1.4956999999999998,0.5897241379310347,6,streng,constantheid,eruit,84
1777852800000,10,1.1049000000000002,-1.9134310344827585,5,streng,constantheid,eruit,84
1779062400000,10,-2.3555,0.5281666666666666,7,streng,constantheid,eruit,84
1780272000000,10,-0.0839999999999999,-3.972006451612903,7,streng,constantheid,eruit,84
1781481600000,10,0.7115,-1.3280337078651685,9,streng,constantheid,eruit,84
1782691200000,10,-0.009399999999999941,-0.377436090225564,8,streng,constantheid,eruit,84
1783900800000,10,0.8331,-0.3686904761904762,6,streng,constantheid,eruit,84
1760918400000,10,1.9069999999999996,-1.8565131578947371,0,streng,constantheid,buffer+eruit,42
1762128000000,10,7.202500000000001,-1.6759500000000003,5,streng,constantheid,buffer+eruit,42
1763337600000,10,0.42920000000000014,-0.8003456790123458,9,streng,constantheid,buffer+eruit,42
1764547200000,10,4.7741,0.3007454545454545,9,streng,constantheid,buffer+eruit,42
1765756800000,10,4.304600000000001,-0.11095833333333342,7,streng,constantheid,buffer+eruit,42
1766966400000,10,0.6877,0.17196774193548392,8,streng,constantheid,buffer+eruit,42
1768176000000,10,-6.5047000000000015,-4.993363636363637,6,streng,constantheid,buffer+eruit,42
1769385600000,10,-7.0244,-5.958642857142857,9,streng,constantheid,buffer+eruit,42
1770595200000,10,-0.7996000000000001,-1.5422702702702704,10,streng,constantheid,buffer+eruit,42
1771804800000,10,-4.8075,-3.4197027027027027,7,streng,constantheid,buffer+eruit,42
1773014400000,10,-2.1254999999999997,-2.1418064516129034,7,streng,constantheid,buffer+eruit,42
1774224000000,10,-1.1405999999999996,0.05800000000000024,8,streng,constantheid,buffer+eruit,42
1775433600000,10,2.0745,0.29119148936170214,7,streng,constantheid,buffer+eruit,42
1776643200000,10,-2.6491000000000002,0.22061111111111137,9,streng,constantheid,buffer+eruit,42
1777852800000,10,-2.9823999999999997,-2.489666666666667,7,streng,constantheid,buffer+eruit,42
1779062400000,10,2.5744,-1.5040681818181818,6,streng,constantheid,buffer+eruit,42
1780272000000,10,-0.9017,-1.7789687499999998,6,streng,constantheid,buffer+eruit,42
1781481600000,10,5.798699999999999,-0.08900000000000016,8,streng,constantheid,buffer+eruit,42
1782691200000,10,-0.8001999999999999,-1.5438500000000002,6,streng,constantheid,buffer+eruit,42
1783900800000,10,2.8998999999999997,-0.11824999999999997,9,streng,constantheid,buffer+eruit,42
1760918400000,10,-0.7593999999999999,-2.287279569892473,0,streng,constantheid,buffer+eruit,84
1762128000000,10,10.181999999999999,-1.8753443396226415,6,streng,constantheid,buffer+eruit,84
1763337600000,10,2.2628000000000004,-0.6779252873563218,7,streng,constantheid,buffer+eruit,84
1764547200000,10,6.589499999999999,0.47712949640287766,5,streng,constantheid,buffer+eruit,84
1765756800000,10,1.5524999999999998,-1.4216000000000004,4,streng,constantheid,buffer+eruit,84
1766966400000,10,6.2237,0.16232098765432112,4,streng,constantheid,buffer+eruit,84
1768176000000,10,1.0684,-1.9897362637362634,5,streng,constantheid,buffer+eruit,84
1769385600000,10,-1.9899999999999998,-0.4883977272727271,3,streng,constantheid,buffer+eruit,84
1770595200000,10,5.898100000000001,0.7444444444444445,5,streng,constantheid,buffer+eruit,84
1771804800000,10,3.1262,-0.8379843750000001,6,streng,constantheid,buffer+eruit,84
1773014400000,10,0.6190000000000001,-0.9613083333333335,3,streng,constantheid,buffer+eruit,84
1774224000000,10,1.643,-0.43674107142857155,4,streng,constantheid,buffer+eruit,84
1775433600000,10,3.4736000000000002,-0.6192912621359223,5,streng,constantheid,buffer+eruit,84
1776643200000,10,1.4956999999999998,0.5897241379310347,6,streng,constantheid,buffer+eruit,84
1777852800000,10,-0.7869999999999999,-1.9134310344827585,4,streng,constantheid,buffer+eruit,84
1779062400000,10,-2.2919,0.5281666666666666,7,streng,constantheid,buffer+eruit,84
1780272000000,10,-0.6282999999999999,-3.972006451612903,5,streng,constantheid,buffer+eruit,84
1781481600000,10,0.7115,-1.3280337078651685,9,streng,constantheid,buffer+eruit,84
1782691200000,10,-1.1559000000000001,-0.377436090225564,7,streng,constantheid,buffer+eruit,84
1783900800000,10,0.6162000000000001,-0.3686904761904762,3,streng,constantheid,buffer+eruit,84
