day,equity
2026-08-19,5000.0
2026-08-20,4999.8774
2026-08-21,5018.5104
2026-08-22,5133.1166
2026-08-23,5162.4741
2026-08-24,5180.5
2026-08-25,5185.58
2026-08-26,5168.2185
2026-08-27,5158.0356
2026-08-28,5248.887
2026-08-29,5224.5677
2026-08-30,5262.6303
2026-08-31,5208.2474999999995
2026-09-01,5235.0839
2026-09-02,5188.0422
2026-09-03,4952.8077
2026-09-04,4932.7623
2026-09-05,4912.9211
2026-09-06,4886.0991
2026-09-07,4911.1791
2026-09-08,4908.3503
2026-09-09,4935.9126
2026-09-10,4967.4461
2026-09-11,4979.4269
2026-09-12,4980.0069
2026-09-13,4998.1235
2026-09-14,4994.0949
2026-09-15,5042.7918
2026-09-16,4979.0981
2026-09-17,4932.5502
2026-09-18,4891.7121
2026-09-19,4904.3580999999995
2026-09-20,4893.341
2026-09-21,4895.5756
2026-09-22,4853.1514
2026-09-23,4923.802
2026-09-24,4916.6432
2026-09-25,4880.2438999999995
2026-09-26,4872.04
2026-09-27,4863.2523
2026-09-28,4916.79
2026-09-29,4882.4906
2026-09-30,4873.2034
2026-10-01,4909.8405
2026-10-02,4920.5691
2026-10-03,4908.1674
2026-10-04,4915.8121
