K,potje,potje_3m,equity,kraken,winst_pct,slechtste_r,tpd30,houd_u,trader
1,3.656,3.5121,57766,0.15,0.573,-0.0371,0.33,0.0,0xbEf1…d2E5
1,3.1617,1.4474,3400,0.56,0.601,-0.0262,1.7,0.7,0x1071…2648
4,1.7555,1.3586,24027,0.5,0.982,-0.0194,5.03,1.4,0xcCF5…9D42
1,2.3651,1.3582,2524,1.0,0.864,-0.0689,2.0,2.1,0xA95e…8585
1,0.3789,1.2171,1028,0.99,0.051,-0.1229,0.2,0.0,0xAef1…3ADc
1,1.4909,1.1243,3747,0.11,0.632,-0.049,0.7,0.0,0x4CE5…f2F2
3,1.5831,0.9804,13606,0.53,0.746,-0.2938,2.17,0.8,0xFAE1…6dBB
1,2.0233,0.9262,10744,0.34,0.763,-0.0937,6.23,0.9,0x5Ed2…d7cF
1,1.0348,0.8292,1169,0.98,0.684,-0.0746,3.87,0.5,0x4F47…E6C8
2,1.2063,0.812,1845,0.62,0.58,-0.1324,0.47,1.0,0x57a3…2B8a
1,1.0171,0.7946,1218,0.23,0.508,-0.0307,9.17,0.0,0x18Ac…6E35
1,0.8812,0.7758,3232,0.34,0.464,-0.0355,2.57,0.0,0xa046…9373
3,0.6921,0.7748,14539,0.79,0.463,-0.1683,1.03,6.9,0xE2C8…D708
4,0.8168,0.7528,12093,0.91,0.552,-0.115,0.4,4.6,0xCf92…a9d8
2,1.028,0.7073,3638,0.39,0.511,-0.1863,4.07,0.0,0x8917…4a67
1,0.0617,0.6775,1093,0.93,0.344,-0.1817,0.33,0.4,0xac84…cB36
2,0.609,0.6701,3325,0.96,0.331,-0.063,0.6,0.4,0x1c20…b3a5
4,0.9325,0.5812,21665,0.95,0.758,-1.002,1.3,15.2,0x80B8…6965
1,1.7064,0.5784,3001,0.76,0.724,-0.0393,0.73,3.4,0xf086…C25A
4,0.7463,0.552,117457,0.55,0.775,-0.4047,0.63,26.5,0xfaCE…68Ec
