address,groep
0x25554a80781ee62414c3747e81c3f50157c634b1,vast5
0x80f2e5f37b047d875c5685a67450965417b90c3a,vast5
0x8477e447846c758f5a675856001ea72298fd9cb5,vast5
0xc0b2a1ce425d0cd8bc321c445fa6ae0eaed2e688,vast5
0xc31141b109a162506c06cd1aaf228b5f005ced23,vast5
0x05a42708e46733da056d09e0a355bfd2c3054eba,vast_pool
0x0bb6eb4200ae21b2e40a7051b481fab57b51f2c4,vast_pool
0x105a8501eae3aa9462a47568a2de12e421f75e5e,vast_pool
0x13639fb4a6ba5de085420b998493cc1b6911e5aa,vast_pool
0x1b1996300dc7d3fabc039a55963fc886c3d3c9df,vast_pool
0x321629f449e6dade5c365cd7b430d6d8168e106b,vast_pool
0x36c097864a03c7f0215c0d43165a734152a12e0b,vast_pool
0x3aacc9d745031ea9d4348242f227e35c8dfb434f,vast_pool
0x4f76584d9b26886f7dad6240b463f4c23b948937,vast_pool
0x5559da6ec434c5723d0ce9c4da7f29e3f8a3d43b,vast_pool
0x6e4d47dad1e97833f4ecb0ef56347ba8e6fd1c0e,vast_pool
0x8a249d31750d727e6a3a7b534255badd575aa26f,vast_pool
0x95fde6cf0d305078b7eeac44182a931c169dd947,vast_pool
0x960b6c2c4b1498681b8422eb572a8b3a6aa3f0fc,vast_pool
0x96d51bfb2eb2c52265e9db1811b3ce65e3351127,vast_pool
0x99223bf50978618ce3dedc9d05a29717a23a9882,vast_pool
0xbe10fd36393c8b677281d0bc2cf1bb8c98ad4b34,vast_pool
0xe912cac1a6641004a8803687ee7699227fdb0550,vast_pool
0x000000006543993c87da063e328840e3550cabcd,universe
0x000000209e0a892842bc06c354e7d097392cbbbb,universe
0x000461a73d3985eef4923655782aa5d0de75c111,universe
0x001a1a5eb6800e78197b92a527b3ba8b8d5bfef6,universe
0x0034ba512c1e255e04a13b5554787e10086a8e82,universe
0x004593cdface692ccbc2733b775f624ed0ad703b,universe
0x0048d42f232164a85a41f15ccf26cf859e58b108,universe
0x004edcd40360e293e4cf260d2ebdf8c7076c1bb8,universe
0x0050f3427e5388e9cc458e977bc3444faf015618,universe
0x00964646dd306de6419db1e43b8c4d3378a7a264,universe
0x00b43bdee2d3fa676ab06739bf1d52f4bad6591e,universe
0x00f2f89851ba29b3c4f83f19cffc02892838f9be,universe
0x010461c14e146ac35fe42271bdc1134ee31c703a,universe
0x010cd99435d1b5fed3001435bb37b98195efc339,universe
0x0113476d1106e48776e467d0fe59f3ecc5d94651,universe
0x011820f60d75a2b870ffe64a4764873e14bc8ede,universe
0x011af0d7a38f1b1b43cffd7a51e1aa38d1c61ece,universe
0x015354106478dda69c4aae3c0cf801290b738052,universe
0x016b8816db87f0a0f8190e3f2ca88357809984a9,universe
0x01bb092c2e4fef1d68ef1ca66e9b1db29f0cf7b7,universe
0x01ca408530861768d9448cdff5b104ce52049dea,universe
0x01f679d09bc9502580403007c25454c229731e5c,universe
0x02159593e155250288a7a1dd5257fc217601ceee,universe
0x0227dc6d4dc94291cc29b8f511244a2de0b49515,universe
0x0252f92ee3f4430ac419fc3e9ae31df718990842,universe
0x026947c2867503151e19898057c1146f990266bd,universe
0x0284bbd3646b59740a167ef78a306028343f3806,universe
0x02b8c6ee1702e1c6476e9d01b0cb0b8d21dd77f8,universe
0x02ea7af4762ad00870f07799e4adb3ba3d953660,universe
0x02fbbf39d1e3c142994b383af5ac3f2ad744cda9,universe
0x0305c8aa090070000ee41a82d9226482f0296e08,universe
0x031f72deb03c509af42624ddcd1f63fce5ecb220,universe
0x037919a275ddc336d024fa489c462d19c949838e,universe
0x038bc298db9a18a36cf2e3493a02b4b224e8c5c3,universe
0x03a142575e2bfaed0d81c49c8edb380d86cca6b3,universe
0x0423b4b2acb4f219ae4a270abd5dde2360e455bb,universe
0x042f3197544004962c2318a3120c4ecbce179050,universe
0x0439c175d4deba4f4db028c3104db3f85ee8f89e,universe
0x0448f8e04e617a0e0c2f8725fd0093e3ddac9cf6,universe
0x0467a4077548e6805abf4669f39cfa5ecb66e87f,universe
0x047f3853f3d89e5a61344749519de7a66fd4f9c4,universe
0x049bdc370620beab340b01072fa580fd57745e7d,universe
0x04a97ae7f350a22cd0cdb6b1875e8905b76495aa,universe
0x04ab725e2658a916428cd7cfc9dc22857af60dea,universe
0x051315fb7c07702b5adfa0d897c080c11b8082dc,universe
0x051c2e6d49cf82ebc47f08f9b85800f94fc9693c,universe
0x053ab16a247321e312f3a8a2a0a8abda48707241,universe
0x053fa362f5459cf61037d8b554b5cfb055a7a4d3,universe
0x054a01da80ee37d5220af5471b1eedbdcd2cdb2f,universe
0x055de0509847776d1d1b8e6ad9635fb5b53a0bc0,universe
0x057a3d2f8111a406d3aac222934861ff70d4cbf4,universe
0x05904930cae1e9a48c055f4a8a83480ba7fc6abf,universe
0x05936f6a5ea9abfbfcc690f1a6140d97e80640f9,universe
0x059f4592427f94ace29ad4103d0ac0b8c62236fa,universe
0x05d8fa8346470be95c8fa94300ccb313c0775c6c,universe
0x05e70979fd3355133f91fc7c6597a8274169b3be,universe
0x0623ddd5fb74b35d0f135b10ef7c1a3f5abc80d1,universe
0x0660ce4e91cee605064059feeea32a9b472cf8c6,universe
0x06c51f1fc98ff7cdee2b076ec5c8999af829b221,universe
0x06cecfbac34101ae41c88ebc2450f8602b3d164b,universe
0x06d5af06a3a7d29909e1cdc7a9deded2fb14ab57,universe
0x0701363ed0a7809b2b8ca7e22aaccea4a670216c,universe
0x07427c476501e03b1802541625cefd1df24484d2,universe
0x0748e296e5a350ec36c8487a1cea406e1b57d4b2,universe
0x074a9649dfb9b84fe503f308a476ad5b1d1caa63,universe
0x077298f96cc531506b14482a6269191897bffbdb,universe
0x077a25d1f579574fe168bbaa924e40c9bfa57ccc,universe
0x07b0e21ff4a623c20a9042ab89c9641dedfcf528,universe
0x07bebb905c6e32e6414da0bc5ba01d8e6e2b07f7,universe
0x07fd993f0fa3a185f7207adccd29f7a87404689d,universe
0x07fe8986162d7f68bcfe15822ec062123dd45f9f,universe
0x083e952464b4a8e988abe39868a652f9c2ad050e,universe
0x089fe537f4b2af55fa990bc64ff4125800bba4f8,universe
0x08c14b32c8a48894e4b933090ebcc9ce33b21135,universe
0x08f85d5d9292b14b0aa0bd096606cfb24c6e8ca1,universe
0x091144e651b334341eabdbbbfed644ad0100023e,universe
0x091159a8106b077c13e89bc09701117e8b5f129a,universe
0x0980b34ade9476dba81bcdb0f865a333793ad1c2,universe
0x09969138013fdfae9438fbd705515f047f8a0ba6,universe
0x09981af1fb72330bc1789f5e3d5b535777acc8e1,universe
0x09a6fde59c1f3e8b80ee3cace340b40a57e207af,universe
0x09ab73f222b9f0b9a2e4c5e7b3bc0b9031455bd3,universe
0x09d0d815cd6cc2ab86cf61cbdd5aa14ac0020866,universe
0x0a3343b600d81cdaac131342652241cd32e14349,universe
0x0a506b1e47726e769949086ea60b5b01cbaf956a,universe
0x0a8494f70031623c9c0043aff4d40f334b458b11,universe
0x0aa76cbe5405f234d9dc425eb20939d31fdf01e5,universe
0x0aac6955688dc1cd3cafd52ebcade334fb1c9c3b,universe
0x0abfd0fd0229f8565cb512d0e0093101ffc4c764,universe
0x0ad500d23a43ae9b26a570cfb02b68c48a866565,universe
0x0ad9e656d9e6211d0ea1c5462342e1fc94cc4cbf,universe
0x0ae767e09f6d527d54df3821a5b328201fbb11fc,universe
0x0af66f3571761d7196b713ff881609d7e7456fe1,universe
0x0b00c540bc5f203d97ac87da62164d3d37e19798,universe
0x0b8095ad960526caa85633fb688a3ccd5bc7410e,universe
0x0b8aa35c28b7c6ab18f11dc168f437a8a69fd4f8,universe
0x0beb026d121a7b5075124ae1e6a7e8ccd792c95b,universe
0x0becb107c5defbb260cf044e400d4af503eedd34,universe
0x0c067f133e948a9f87222b0b163bd801428b675d,universe
0x0c14afe2038a72131102da2390fd896c1f4e99ee,universe
0x0c156975b3e10cccbb041d35dc14b0a10649f55a,universe
0x0c1fd4fed8679488afb3b23b2b872971e0001d39,universe
0x0c44471cc8516125ead11e09446302ae20540ed4,universe
0x0c4926daf1250b8da7b9fc339f304d923b94d346,universe
0x0c4a3a7ac74d43732f9b5ea507f01ab72a381b19,universe
0x0c6486974e303247c2e3f67ee110ac3576359107,universe
0x0c7aafb0a737a800b2e908974be6a1c9f9892f50,universe
0x0c7e43a424f24f591961ff82c49bee7668f32951,universe
0x0c81ad097db0a529bfe5b6e2253e59bc4b9660a8,universe
0x0cacfc8c96b84bc5698fcdcb5ffd536b4a246170,universe
0x0cc705942b1565e2f76201d934b32472e75b3a76,universe
0x0cda69a73f9bbea90e136172eb241bd065977e00,universe
0x0ce5bb59a414fb2a7cc1e586aa2d7eee37af7acf,universe
0x0ce7c96d953a7261df16da23ec656adf61c719b6,universe
0x0cee694ffb042fb9d1c53742a10a2f56c1cd74f4,universe
0x0d1334c633c32ea203abe54c8208d4d9fb5bcba2,universe
0x0d438ba1817d0958ae3bf70b23faaf1d0117c930,universe
0x0d8d5b2d87d36b99d28c321ff7a4a6d206a9c2aa,universe
0x0d98c3747252127196318e96195f996aa326bde6,universe
0x0daf132c5554fd7d5eb422585426af557d8847e0,universe
0x0ddde365cdff6b4827d2f7d0c66f8c99b18f6e54,universe
0x0ddf9bae2af4b874b96d287a5ad42eb47138a902,universe
0x0dfc5e0e9ae0bc59337d8f4f11459fdc7a146388,universe
0x0e1a27b09821969de9b3b219f98714bdd695e4d5,universe
0x0e21ecedde58a8e077ef669a163044e70a62a3fb,universe
0x0eb8f692baba6c6f4a5e57c7e222758c95a9ce81,universe
0x0ec315491f9b05d9b9cdb0b060553671fcdec1f1,universe
0x0f0d9105b88e938df7816b23e7ad4d1660568a0e,universe
0x0f129afb3f51f0d549f4c98721e11fe9d9c46ce1,universe
0x0f7a453567401070ddb6b4ec82f97bd78b857c04,universe
0x0f99419e598d4263ab32f6e05b6298a2ea4bfe18,universe
0x0f9f88a5c73c16e3387dffc56c34c224764957c4,universe
0x0fe2c00301f089c59f1789a0dab7d7438527d74b,universe
0x1005996ecc8896d01f4259d004a1c3bcc7e474ed,universe
0x103e9d15f8a102ef9333ad8b66ffe25b0db448a4,universe
0x10495f72a1623ff2d836a2cbb25eaba7ff92e246,universe
0x10547c9d4fe35e1b3916547366aeb79684082cb3,universe
0x106943709714fb0e5e62b82f5013ebc762591ae1,universe
0x10761b48b1892a0fec8d808464d0c75216f6166d,universe
0x1095734e174ed0fa5ddb96c537504ad94e2125c3,universe
0x10b6f072fabe21bc72ffd77ff5d4414e6cef2980,universe
0x10d7da9340e45a6ec6f93a495a7f9ae0e5075a34,universe
0x10d9dc2812ccb0ea9a9b89864def70a57a944890,universe
0x10e14ba2d77263543be1bdb2851b0933ddf4f4bd,universe
0x11471fa47d1961c4f5f2f0df50259b3556a2aee3,universe
0x114dc2c90b61ef68b6ccb45d8e9902609cb08f9d,universe
0x115231b1c0ad58f97944f8e69ef0dbb35f1cd055,universe
0x115849ce84370f25cadcf0d348510d73837e1aa5,universe
0x11615843a09fa765d98ebf3eb15690450ef7e60a,universe
0x1162e2c16009153cc44b9353cca481e2ac2aac3a,universe
0x118e6eb5522e08fa231200aaeb4655a0b3da0e8b,universe
0x1208c52237a89a9081f7f96820773c66a28dc27e,universe
0x1223776bf953ee798a53a34109de5e680cf58180,universe
0x123dbca6a27005a3c4ce10cb66ee8ece8fc13bff,universe
0x1271bf72a18549ee6d2ea3ab7e5dd4ae1c4eb05f,universe
0x12732a091474485e45d76527f80f518331143055,universe
0x1280ae51e96afb336a24bbb0a51dee8c79faa166,universe
0x128d456203c4eafa0d996904389fad7204595391,universe
0x128fae9d18a2f70d98a03c26bf17b67d97ce1f3c,universe
0x12f7aea21eed5461d30212ea771c4441656b8750,universe
0x1306ca04fb483e31282c508683295020a9d70d3d,universe
0x131e6d2be31aa2a0f6885d747467906df7bfa767,universe
0x135097a80cc35350acc31f4c0f04bfde52a58f6a,universe
0x1356b0b269a990efc859567f447d04069bb70393,universe
0x136c473f6d88c1ec17c2ed6b6cb273983e028458,universe
0x13a0833e8201b37c161feb2df764159707f71409,universe
0x13c4a6c59b6d58a7a5d1badc15ff55561c7ea6ce,universe
0x13f2ca08112fd5b5df3c78c5e583d95d69900235,universe
0x1404109f8cd4a79a0447365edbb7a13acd0b2f27,universe
0x14084489890fdc569d9371c96f3db18b39895bcc,universe
0x14142a8e6538b9eeaa6687f6f7439180c379b062,universe
0x14209452e1d82dd0adf703454c1d1d907f142830,universe
0x14246f4bbafb87ccebac17609054c6a188ed8cfd,universe
0x142d63ba5e8eb05193d0f36a152902aa6189d7a3,universe
0x144652d0a8a7f0101d5379bb2b692387aeef8869,universe
0x14c624428f50785e26d94779769e3b0f3340b280,universe
0x14e2ad432297508f8ef3b26d7e99e81d64d05b57,universe
0x14f23416197effe31a8be0ee400ceaeb8f67f6ec,universe
0x14f5dd7ca3e4ef4aba7431ad10d9dacaf14fd103,universe
0x1501906a12af81405f3d3f7c523c3a299f576ac0,universe
0x151e49cfca357b842a15bb7f7cd25810e1849522,universe
0x15271757b398cd1d3d7cca05c4f7b0c159afa7c2,universe
0x155d1164ff74eac667dd2136aee881a1381dc764,universe
0x15baf1cefcced43e971da85b7b4de5a0391f7b29,universe
0x15c8a479139a2e195b37790ace4870d1f2be045f,universe
0x15d10a8a050edfd57fa553190f1512e32d247704,universe
0x15e9233b5b42d0b72b1c04a984c1498ee6bbd016,universe
0x169755feaa769efc97841224b8344c3e47bb0e07,universe
0x16bf84af3f85f8c8a97597bf2be549dfe0dee637,universe
0x16c95227d8442946c1c152bc8ea16a37ebe1a282,universe
0x16d07ef8216bad6a338b9d5848c8647e67e5faae,universe
0x16d69a835c012584783921b2e4c622f157ce97bf,universe
0x175bd0e31ea1d99270521e9bf578a0c155b2c824,universe
0x179c17d04be626561b0355a248d6055a80456aa5,universe
0x17c9a00894a1476951e9fff380153eeff66f2329,universe
0x1840bdb83caff17de910ec407cafb817678786b5,universe
0x18b9beef58b9025a394a46fd8124ee1d917d8b3e,universe
0x18cd4597e06b7fe0a8cd33dda499121b3a145a8b,universe
0x194739827ec57303912831eca0fc46ca83f48fdf,universe
0x196283bce3e38d98f9f4c424a1a148b248eaa4f9,universe
0x1a0eb3ec84916d0380d97504cc52e3dbd4897b9c,universe
0x1a19f1eb20023906accb989289645a5bf6300562,universe
0x1a1bbb975952a9d3450055b278ed5526f4ebba4c,universe
0x1a5612386dce50174bd467498afa607df418d7c6,universe
0x1a563b419f2ab9ef87c38f9da906607fdb879bb2,universe
0x1abd35a5183aca3291f05353a6af3b4409603a8f,universe
0x1af7a7223301aede887188066d158b502094c79e,universe
0x1b526ff54f9f66c777fd34b7a802bb8d216ed41b,universe
0x1b7ca89aa121890b8572d326e363185cf4780c6a,universe
0x1bb2a56618ef9a4f71ee90690dd8d130572b0d38,universe
0x1bf629cd9f4dbcc9fca616ccf7a19891007f5bfa,universe
0x1c2c96e78a42958892e637bdc0d94ce259f109fe,universe
0x1c3dc4f4ee50d483289bef519c598847cd447a19,universe
0x1c4e90fc8bdade442aed58f8011db5a17a2e7199,universe
0x1c814c8068ddd68bcc79bd9d28a1698ba099072d,universe
0x1c85279899cef59d2f715ee350c84e991cd8e676,universe
0x1ce8ed87b7b4cb60f0cc3664bf1fe216163ff55a,universe
0x1cf49e80c2f895ba1a12ff658a44858dc9732574,universe
0x1d2218d1ad70a88d2fca61c33fa7cabbac076a77,universe
0x1d639a688b78f3d7e57166e59d9a8886b1bfb5a5,universe
0x1d6f4b64a5cef3a0c2cbd44818c20c323d992b31,universe
0x1d74a7760df9d563d0b6610b1705266c4e2fdb26,universe
0x1da5bcd75d2bdc41d8372e976f2f665479e73151,universe
0x1def62ffe2a62d65f649991d7f2199e046a30f72,universe
0x1e0b469b0f10f59bd6c76a010c4b0dd24742b1ef,universe
0x1e37a337ed460039d1b15bd3bc489de789768d5e,universe
0x1e5b1efd99c89d39b59b28a19e6b42bbeb98433b,universe
0x1e5cf44f64a66dae56104ed91bf15f6147200ac1,universe
0x1e771e1b95c86491299d6e2a5c3b3842d03b552e,universe
0x1e8ea5bc8b3e3eddd35c203807a8f9cf158d266d,universe
0x1e9d9e9cdb7109556a719aef19d874220ff8249b,universe
0x1ebc9d59fca0c4df29c453af993aa8c7c89b09bf,universe
0x1ec6267e35a4f0ddcf65b50621d2a706e149f13a,universe
0x1f1b1c9d467d2874b736829f0b4ded42098ce235,universe
0x1f4059e3a39d2a2304f65dfe8b0c54a351d005c4,universe
0x1f887fd93c17a970819895978da55628d7658609,universe
0x1fd2166beff4b06230f053dd0de8a40cd925ff66,universe
0x1fe06653816cd53afb36a18f059b0ada2a3c8f20,universe
0x20145e97f464d0374adcbfc4fe0e42c07d313e6d,universe
0x203f4c410f3c35cead9f35b6de2f66e773d7f26e,universe
0x2057d4f2b6ea957b63371980775b0a5505a438f0,universe
0x208d933b9285615a7f01c7dd934e1231f7a23947,universe
0x208db9f389989c5c387cc3a2620cc5251eace716,universe
0x2098c0614f99bda7c8a0c452bc59cda364e51e44,universe
0x20ada1f6bfcc4bb1748e6de5a621dd1a093a0bc7,universe
0x20c2d95a3dfdca9e9ad12794d5fa6fad99da44f5,universe
0x20c99d0a8fb05643c4461b82b5fc6868d4544cad,universe
0x20f318db0cebf37499536139690c2e809b078313,universe
0x2113bba1e701ebfef804e108727c79a81e7eca4a,universe
0x213503c23521d03b65b5423b9ecb2acbc8985ac0,universe
0x21550c0d8d8e8982cb4702949887a14f66243d0d,universe
0x2171b50becc88d34254c7def78e8e08f9d82887b,universe
0x2175ce7c56baa22874eeb021c1270e6198059cda,universe
0x218a65e21eddeece7a9df38c6bbdd89f692b7da2,universe
0x21a2b0fcdea50c75092cb69539940ea17942a192,universe
0x21ca98106c69bff036a194648ba30388ccbe811d,universe
0x21eaaee21905a7b9fbbb093caba2ee27fc1e9352,universe
0x22046b8d7334ac32365c571d719201b31ad00f9a,universe
0x220d15526ee708ffc199fe0265ddb07f0d5c40aa,universe
0x22bcdbf9910135f38dbb401e5c6c6927303b4043,universe
0x22c4db059bfd0740b743aaefaef0dcb6f1285b3a,universe
0x2306bc53cf6dd059c50cabdcb2ed2ac03ea76293,universe
0x230963164d9637a4c536270a06b4e3636d44a2d9,universe
0x2312171890250347dbf1b082bdf7950504909e92,universe
0x2322f8e13d25e1c997b060bc5cebc9634f8a895a,universe
0x232da1da50d4aeb9ec074f2503da0aa1083bcbe3,universe
0x237152b038d88f4156a0cd71090462de7e3f0883,universe
0x2373aacf6737fb2344e17175b9c0e1f20c78d9f7,universe
0x2396bc99feedc162af809314257571bb7ff07a36,universe
0x23abb0ff0b1cbfd95b20a0fd72b83a2939f0ba5b,universe
0x23e398ab5b467d2f41f61f195ac178c6681b3158,universe
0x2412694bac57748cd6d932dd1ce4ba571d079c7a,universe
0x24246bb3cf79ebd26ab10194ec3694203ad3c891,universe
0x242470e643b7d3e00b6be942e15114a2896c9214,universe
0x24512fe8287d5cdf9e04cd84ca3b934f92799bc2,universe
0x248ee78390f5505d34f36ce2df87d79fbcdb6be2,universe
0x248fa0953c98d845117268bc3474e2cd1a448a8b,universe
0x249161f12ffea65f52f3b3c56592c92676357448,universe
0x24a44aef48aeb27c7708dabfccda14b41fbf0ae1,universe
0x24d02e64d4a2580d570666546ac937adab2b3e08,universe
0x24eeb5249ce20cfb667e26b463c0ef394588d65f,universe
0x250a09aafe5c4e63a8c11d1743e19694d79ce113,universe
0x258a4b8a8447c61aabf1bef9bb14ee4d69efff03,universe
0x25bb5d032996ff0d62243c2af5e3669f8488273e,universe
0x261142dd1d82cf24228bd35b1fc65bd805af842d,universe
0x2620fae8ba885a38167876e2b865c76da9da46b4,universe
0x26393bcb4446d3f40bdc15ca59d7febcb09e7236,universe
0x263ff94cdc4913cd36efda07f153ce43860873ad,universe
0x2644aece62ced4a740bba4a623ab7ba23486f157,universe
0x2645dce384d98c4bdea9da8511165cb3963f4295,universe
0x2675f42b2937e5b4cb1522c97c792b6776d2e60e,universe
0x26c93faaf64380f816c7b07a7f1c051fd44210d9,universe
0x26eb44ead3d693b321aac58fbb56bd392884ffc0,universe
0x271ce82149c67fae0d2a39571707f382fe425014,universe
0x2744fec1df92b381458793b50f464a41c2f601ca,universe
0x274e1d88c0230e2511eb535ac579adbe96ba2f78,universe
0x277056f4d05ae5a5d4d42ac1e036d3b58063d324,universe
0x279818c822e5c6135d989df50d0bba96e9564ce5,universe
0x279dbeaae93533a5c4607712b027b04aff62d625,universe
0x279f7364049b22bb8a456532250c473e7b491619,universe
0x27aef25d774abc98ed55ec926c3e1461eca4184a,universe
0x27b8de41a06623a72e1ea72d38a8fbf547cd12fc,universe
0x27bcf8047c6fda384f8a93a6e5a140b878fab691,universe
0x2801976b650eed8258a9c136d6a710680e215383,universe
0x2819a390da3f3c52c3d8259b38e8f183799f64c5,universe
0x28233e5edddfc9f71f0cecf58ca98f6a2ca11f43,universe
0x2827b7fc10a1bf3732060ad9bd4e23b4b59ae62f,universe
0x2853149f0be14a0b924b18ebf88160ae88741ccc,universe
0x285478b2ec4eef7f8533352e780bcbd0ae56478c,universe
0x288ed4efc8fbd1e42a06fe083ea942d20c90b336,universe
0x289a3a952a5877a498ad654e46d4eed55b4d67c9,universe
0x28ad22239551f928ba85b5f84cb673ba11b740c5,universe
0x28bbaaa5b431ed61ea6a9b3394f76616e00cfca6,universe
0x28f33d9cfb55f71232d586f9a413a58df850c315,universe
0x290ab3128a03835b8383be688bec64ea993ff539,universe
0x2974e9fc90398407003d87daab9521355a821914,universe
0x298abe4533ad666a47ebb37590c678a8ef14b032,universe
0x2998d3b1b721ef9d10aaa67c84a42bad1823d330,universe
0x29a38c8845f2849d189fb115d3a2cc73a3354c6a,universe
0x2a1d983400740d62ded4a278278054e4f7acd9e3,universe
0x2a934d40944e2b686ee9cdce74a3f67d32cd0347,universe
0x2aa262671b509f965af3d5f701247feac042a272,universe
0x2ac4880624dae9e823874d65e43bfeba97fc61b5,universe
0x2ac7b609a135db86c69071ff379857e37e065e6b,universe
0x2afb0c3217a43db93eb01ee3362b752579510ff9,universe
0x2b02efbf4fa4585ae3cc9d81913770e9b12484db,universe
0x2b2d4b11bfaaea4d0a8b32bf3aa4539d641e2886,universe
0x2b3349ff0c4cf96f7df87fd5f3d583ee625733f7,universe
0x2b61e63b11295c0a1dda2875ac3af00669732f6c,universe
0x2b8cd26e88fa42a9cd9cc08782c51571781ffde0,universe
0x2b8e8acc1dd32cd642ebb91014320a6f6a0f9507,universe
0x2b9f29c0ae8b97aaa6691c88fd57b234f5467072,universe
0x2bd0cbb03af55e337aabb179a7bf092218b8367c,universe
0x2bd6745f4c7f91401611134b61b839ee2ebdb8d8,universe
0x2bdea0b3d26086e901a5f4861260dfbcdb23dfaf,universe
0x2bee414493be72c747edf347d42b198494fb0ba9,universe
0x2c2202b608edc958b9404ff4b9f2301521df9b62,universe
0x2c229d22b100a7beb69122eed721cee9b24011dd,universe
0x2c24406d381c537cd5dc773315a3c83378eb7cbe,universe
0x2c6e17b561a7e01c2e8904590125bf049697bc51,universe
0x2c6f7831be3fe15cc7025672f27623a921553725,universe
0x2cbf1e236d72633741cc9cd186bca4611b051c50,universe
0x2cd2e7c7a41fa5e8b4e546ddd27ad6bab9988713,universe
0x2ce1af69a615704971daaa73a2e54faaa18668f6,universe
0x2cec61aa3a730cc7bb78ef5b891f585cb7685943,universe
0x2d23b14da46ee00f6be1e8ad780577bfa8257997,universe
0x2d5d434ee6e9b832680d91d2e1ef063ba532b853,universe
0x2d87723dfb020618ce87809f558aa9d63f426340,universe
0x2d891ef03177dd17372c5efecbd80f301d96436b,universe
0x2d99fe0f36c1aebd28a1a2c0e82e8ca13c2ea351,universe
0x2d9b182d340a9189457e83d6034cca98fc81cc6a,universe
0x2dacce251f42aa0ebad75ec0cf505e138142a911,universe
0x2dbc53fe4683a9308feb5cd88ab10d73ad220b3d,universe
0x2dd5b67410355a62fde9fc526f2b08b81413a130,universe
0x2ded914aa5fadadd7d32d678924188586d7c656b,universe
0x2df1e1378bee3ff4404a602f5de07017837be985,universe
0x2e1aa624f04fa7ab7198c6fbfeaa42a707b42c1a,universe
0x2e2b6070bec9be9f50887cfe306ac6ca93002fab,universe
0x2e30c32738a28833e3d85189c04895c25ee54cb5,universe
0x2e5af7bc3ca942491366ae5672fdc702e9a4fb3e,universe
0x2ea161d4e856f7945ac75f21b0486c8bbcaf7b11,universe
0x2eb8c229ce300c62cff29a2821a20a3ea6c6fd95,universe
0x2ec32326e420abe736a4ac74bdc95580219a8469,universe
0x2ed0c557a2cdfe3f69768fc6ec037fb77c13093c,universe
0x2ed5c4484ea3ff8b57d5f2fb152a40d9f2b68308,universe
0x2f01afc9f9437c4fcb8f2e8612c57bf522bcc81d,universe
0x2f0fe0ecdab53877bf0106bc1534d11012c69018,universe
0x2f47da39204b17c652b20c72569aacc7adbd719e,universe
0x2f6c194ab47cd777053af1fe799a63bf30322ef8,universe
0x2f7467c2140ce6daa39dfeebbd8ece59372364e6,universe
0x2fb99ce9a27a742604e16eb09921a3518e2e80b4,universe
0x2fcb6898d5a0623de19c3691904927685014c4d8,universe
0x2ff2944a3bbf6e79848facaeddb2d986773dfaed,universe
0x3005fade4c0df5e1cd187d7062da359416f0eb8e,universe
0x3017fb557f04f1c17a6f08631bfa4b08b4cd2236,universe
0x302d9ab734898eb10f40e76e53a6fa40fc4798c9,universe
0x303729b53e97d3f43a1bd13e7f4c6bf77ae41e83,universe
0x30530d8c6f6aa5416609992bbe08aac518d8525a,universe
0x3093189bd4d429cb2f47d03c14b9e9200b6b9425,universe
0x30a7a78ada9aaada13ef7290ce2d18554c9cbd80,universe
0x30bdf164cdb6f4bc373a232942896d5bb49fb5a4,universe
0x30ca9d4ae26fc62816fe39510085f664d5c3d14a,universe
0x30fabf0754da17f6c8eca338ddd3581eb911fa11,universe
0x317fc9cc1c09024f56fcad506affb2a176cab186,universe
0x31b1ac74a39fa92604c3bccac20453f2e3eebfaa,universe
0x31bbab9da20a2d0eb65c187c45f440af4d2bb65f,universe
0x31d6b5a70e8ef418311d7cd2c28c7e1c15e84f90,universe
0x31de5733b54abd2d186f1f5511a777dc2223a8f1,universe
0x31f28ff1130fdd38d6180fa326c146fe63ecc52b,universe
0x32008fcb6bbd16532afc83ca8b6c920dde22c407,universe
0x321f7193eadbacb67eff00f76b975a487e5b1c84,universe
0x324563717b20e19e71c5440aff6c9762ccfc08cc,universe
0x325edd95bb016c36027ce3b9f7595af7094a9564,universe
0x326481a3b0c792cc7df1df0c8e76490b5ccd7031,universe
0x32a501193fe8789b2093e03e698e5ca979c9cd92,universe
0x32c84b11f65c18050ad2ef216fa4a2ae4f267baa,universe
0x32ec8541bb748d7e23d3ec2f24cd06054c13a4ec,universe
0x33279e8df05fd4dcf24eccf7efbe460c8e352ce6,universe
0x33821578405bd53f0eed2895496922b528d95e21,universe
0x33c3b8bcd758f511b350374a63e1f880f40e0282,universe
0x34106c2d6ae459c53ba733a975a01244c387c833,universe
0x34403a0a8e5959e3eca7ee09d2dce9920f54380f,universe
0x3440f23a87f1950e7a88cd248fd270e92d1132c5,universe
0x34705cb69ac83cd65d4710259151665ab0ce6fa6,universe
0x347125ab96e098a9ff7e26405a75aa227e119c15,universe
0x3480d3f9b45a5669cb3c7a576b092798fd5db5d8,universe
0x349bd094209d50280dfaca12779576c748395c15,universe
0x349f8e8d1495341f520406997ebae476fcfebd06,universe
0x34c6d41c5f78f7ccdf1b05ef7cb7c868ac5a6b0c,universe
0x35080cda95a7a6959effc293f4a4274110b77777,universe
0x353bd2e5da5f01707dfad0dd86907561ac66cc38,universe
0x3595098878d3960158b77765f3b595228385d69a,universe
0x35c60b52f146d971f2d7ed456c8f3d4893682a92,universe
0x35d1151ef1aab579cbb3109e69fa82f94ff5acb1,universe
0x362ad6209a5e904a5569f69884375809c5781d9f,universe
0x364a45829e8ce2940d8cff911076d8dec40b2e73,universe
0x367b98f500b7db1da1c9b1e7c2338f830823c097,universe
0x369daedbefcb30b82154338c8fd613a70c60d251,universe
0x36ac01de9bc76c0d744b38c3e13a0538d55c7568,universe
0x36e285138b9b81eb72d2cdd65ca320111fd42da1,universe
0x36e6dab460411e402aed071915a21f5c2ff9f223,universe
0x36f5e448c9cf0032551e58919cf4eabefcd742c1,universe
0x36fbd89b5aa130b53708a98e729ad726daaf1f86,universe
0x372c7f69d0ecc14f73f89bd8a7dfb41bdf29857c,universe
0x378871ce6b920920a65c48e20f8d42bae7bf1ce5,universe
0x378defc39d5dcdfbecd4f1673a5e228f992fc08e,universe
0x37dd227e020d3b23cb23796c715760c453e0b691,universe
0x37f2af56f635c108aa1324402c17ec0e9e3ee9af,universe
0x37fc94b9bf3f16ba01d61633800ca000fc80b20f,universe
0x38042d713af713f0275b00640a83654db91ea543,universe
0x381fe486d87c7f2633c777f1b5be3105a2a51744,universe
0x387542bf159850b5e2a8908688f8e703a4c9aff4,universe
0x387c6f0718b20260dbd61d428566be5c7b2b0c19,universe
0x38bc768c82a147dd38549c42c514346fbfa1c7ed,universe
0x38cfd6c3c1921d77fa760743fc341144a3141ccf,universe
0x38e95a122c9023cd6b3fe3d5f821da20c1b20064,universe
0x39003e6f73305d5593acbdf653c3219ec9f25153,universe
0x392b3aa013bca178ae7f466e12a879044cec0d92,universe
0x3938a7d74f692a8a662fb17d6081e3a494de22e6,universe
0x39761615093bbd473af359068d075a2b03b99857,universe
0x399d7adeecc4f5e83891d3ca03d588155765459d,universe
0x39a04e90140793ec048323284425cd2ff53480d6,universe
0x39be8fad61f5fa0cdfa2fc97c30a59833f58705d,universe
0x39c67f823f1873bdcfcbf2fe4a2a5778b175d8af,universe
0x39d9125e15cad48cfed306e8ecf4498de11dd50a,universe
0x3a0d3e46c87ab14986d71aaf55f665a9ff8ad197,universe
0x3a122449de235a40481689442271c0731b805d69,universe
0x3a131c36e52adce5eba4b77a9c7f5187eb76fee4,universe
0x3a3056908a2f106026acd0c5b2fa20893f30f64e,universe
0x3a316081b54eb22529fa983a9d048e229ab91aba,universe
0x3a35a3f97e9e317cebee6906d9232a9653e73d69,universe
0x3a55e304d9cf13e45ead6ba3dabccadd3a419356,universe
0x3a8b43ed08e1997e27adb7063d97551dabb53f48,universe
0x3aee6da9161e0a2a8985413ceaa5a3562225e8e8,universe
0x3b00771e5462f736c22b0423c8eadf764bc1b5e9,universe
0x3b11267dfc4b9ebe8427e8f557056b4b6ce98112,universe
0x3b3d9656b93d21729e15e0bc3566dd4fd1e5b464,universe
0x3b477892d0454d05c92a7908f0c4d34433d6f61e,universe
0x3b9f494944dc03da0571aeabb1c62fe741bfd305,universe
0x3bbe8e02f72b10c9698a6e4375b5a19e53fc5b40,universe
0x3be3a8613dc18554a73773a5bfb8e9819d360dc0,universe
0x3c165893deaaf04ac79f4f959594747b6ef77e92,universe
0x3c2dbb2596ff51eb89f2049fab605391987eb089,universe
0x3c37dc9b5d4c60d404ec834987c106510d03442f,universe
0x3ca146d2692f61746a28fa926dc9d18086ce37c6,universe
0x3d065c6ede49f68bd0c7ff1aacac6dec4e3520d0,universe
0x3d2b551c44bba75c280cc0ce1150010739a5c5dc,universe
0x3d356173b633d4390ac31dff045c4e20234ebbbd,universe
0x3da3b64e63b57ed4926d4d9836cd08e0ffc830a0,universe
0x3dcd60e76875bd87faf4fa1d875d043f5ad4aa5b,universe
0x3dd462347e7b42b5a3ea15132b677a4978af7a81,universe
0x3dda84d7ca629758ada7523a694702061538f906,universe
0x3dff54d35e51b72899704f92fc83abc73cea04e6,universe
0x3e02519a47cef3d4464944c4815fad9e5837e767,universe
0x3e2fbe61f37f11d68e3d1e4f25c53c73f414b269,universe
0x3e41a8fa0032d635f02201053f1a5aa2a6967c81,universe
0x3e516cf3c9d4f29fae6c1324c2414dc872fc9c09,universe
0x3e6805e8694bb2b717a828c1bfa32df5d6580cc9,universe
0x3e8734ec146c981e3ed1f6b582d447dde701d90c,universe
0x3ee505ba316879d246a8fd2b3d7ee63b51b44fab,universe
0x3eeb3368c7676fae6a3496cb0ee2d3a99cb460e4,universe
0x3f1647d33707830e088e9cb6aa791017a1dfdf84,universe
0x3f5a5c6b29a95dc27f33b257ac216d4b922a9b0d,universe
0x3f94463f2921e15350550c5664028711d40d5846,universe
0x3f96c4df1e76902985d3dbd979af54b487f29671,universe
0x3f973e7dab2e5acbc33ae4d1b32f3873517e08d8,universe
0x3fc56e944aa7b1594c85861b2d46a07f82a2c0c1,universe
0x3ff73eae520b053e82449eda5c9cf719c38aa48c,universe
0x400a94bc2b0a5a1962d1f69b34f6be5c77c43c04,universe
0x4016f161f022cbeb49b2932cb0bc9c92ded5acb6,universe
0x404ca2035b37bf2e83505134ebcf8d03babb5f03,universe
0x406073860818ecfb7dca0706a6bac73faa95bd3e,universe
0x4061eada41227256d5c7d501b562824a1b717a36,universe
0x40a632026febd007b0e4431a29170507f7aa3896,universe
0x40e0e194bcf8cb5f876b92827503eee84727a3a3,universe
0x40ebad3d5648f1e542376c0e7152bd4018c9ce35,universe
0x40fb8cab1c759e43bce58efc8fc9e948645488a7,universe
0x4101ce19ee81f24da894976e585f1e79119dbd93,universe
0x412837cc7bc11d78197ace6b4c27f86a121f3c48,universe
0x4130d96971a2ccd408f3ff75d5bc9daf147b314c,universe
0x414ade317cd254a970f97ec57185080a42f270b2,universe
0x416e9bbefa38e45a6433590eb86c790dfb9a8cad,universe
0x417e99d72cfef3a31d9a525c41236912752f2c1e,universe
0x4180847debea25583c4dc0b925c6b1c750d34bf7,universe
0x418aa6bf98a2b2bc93779f810330d88cde488888,universe
0x4196dc4a1dc7d3bfd5434adf04c829f4ccaf480d,universe
0x41c684cbde3e449cc67c70aacb6132e3eb25b06d,universe
0x41d211b9a8d65515ab72f9313b1cac3511d24e56,universe
0x41f9ae0b64a0ec4adc788ee5c82d4b824f839017,universe
0x4208020376ed59106cbd45434a3919714bc3a722,universe
0x420ab45e0bd8863569a5efbb9c05d91f40624641,universe
0x422f1f07f40f11bac71db4f520dd0ea1ff20f2c4,universe
0x42613470303bbe248aa2c10e8df51f467ed988fb,universe
0x427be6261f0a724bf23e5af8a621a8ebdc58d1d9,universe
0x42a537862476bf3cc4450b707bac6397e5bb2dfd,universe
0x42b6d907f36255d48f70db8b4a2684088a162634,universe
0x42bc06d636e9a9a93edb1ddf781ee97821a73946,universe
0x42ebc2303c4abba1ad1e47335a69bf053d19fb54,universe
0x42fd5648cf21c158d15e4f58785760755b3f6623,universe
0x431f1cbb550be14da5cb3da1157010d1e83a6cee,universe
0x435ea5582e97b68468fd1e8472b230037cf38003,universe
0x436c9c7c0eb3611565591eedee51ad149b76b3d1,universe
0x43753b1ae949c13ecc02529adee1c2658ab6f43c,universe
0x449c736640a876685819c021896fe2e905906997,universe
0x44a8d1f9a16ce315f6ee224887b0ac79a60fc770,universe
0x44c9c226cdfae773002b3f86d3966af3cd8f277c,universe
0x44f3abaf092be39d7bd6ebcabe4d3cdd3d804c1f,universe
0x44f4f40d7c82447b2d23c2e537703016874ffab0,universe
0x456f1049c0f2ec990091bbd3f30af62aca3fcdf1,universe
0x459714ce7e445bf6eba30e9b97d77be4ca027201,universe
0x45a5aea03e5a6dbc6f46a708562250c83afc4fc4,universe
0x45c33bb8f7ebe4fc4a0f00302f4c3900c93bc1e6,universe
0x45d26f28196d226497130c4bac709d808fed4029,universe
0x460637bf4bbce6bbb28d4e0a620c070c697d936a,universe
0x461ff87e51e409245de1bb2db2a08c94f8ea340c,universe
0x46459033061d58df4742a35f63e9ec6aff5acf7d,universe
0x4693208ddeb609bc64512943c58111e5c15d250d,universe
0x477296b8f5f5525be26e5c0a82eb0dd24da3949f,universe
0x47807d3f6ae34ff6aa1fc8fe4e7b742197c1e125,universe
0x47a127f496d001f187ac65fc24852274dc51d080,universe
0x47f5a6397b79deaaca5c456503e7c1a49357b942,universe
0x481143b75ff4d66f9578f9e248521272e39e064f,universe
0x481b24686744c8bf1fd8c993aad47902075cf951,universe
0x483848d2c8f7f69b51cb7b39c7d8c3c30f333d79,universe
0x4860d039cbc7cffb0267f86e63f4b4442b71505e,universe
0x487033d8ed8c955098148e87fa66f54b046d5c41,universe
0x487c7898c8c8362cf709fd468090a457a5b7b808,universe
0x48c614e16700d716d82377ad0b30b993da8bc9d0,universe
0x48d603762adf3aa0be6f8c05f621451070a3487c,universe
0x48d826da83e69844f2f84b2db50703a933d137a2,universe
0x4915b9ffe2b97059f54bd134b278626920215916,universe
0x4916efbf56bcaea1130b2a631f6f093095f614a2,universe
0x4926e8a30e82f0e34f723dc4c1394f9c668d21db,universe
0x4937c6b353864c7586198eb42b1c91dc917e0bd6,universe
0x49544ce1d3d63d875624cada50a7a522cc6eb8c9,universe
0x495e8934cccb9585d60d4dbe6041ee531d20499c,universe
0x499ccae325726db3bf03b611e14cb150e2830917,universe
0x49cd250e06615d3dd87de47be71e77744bb89cf2,universe
0x49e96e255ba418d08e66c35b588e2f2f3766e1d0,universe
0x4a13dc62490c2eb9004a8aa092ee5b9d7cb7acaa,universe
0x4a671356dddf2e12bcba704bee80b956d7e0da8d,universe
0x4a96036fb1529561fa3eeeb2781fad2d4f25500e,universe
0x4aab8988462923ca3cbaa7e94df0cc523817cd64,universe
0x4af1ace0e1daa9bb69a208f311d73112d92c597f,universe
0x4b1c09fa8322548360a76a3747e32a60a864bc38,universe
0x4b9aba99f35fd612c10ffbc2307266a39a45a1ca,universe
0x4ba1d152409f43ad92ba358886fe94bae4f5f656,universe
0x4baae9396db30c517f6f920d7f2685442a75d5b4,universe
0x4bafc8eca50fc3208fb2520a2a49980768ec60f6,universe
0x4bc9a771cd2c96cb2a4501f2c049402b4e7e11b3,universe
0x4bdc180f2a0571d0cb4fa8f1e4c0f0f4937e0c14,universe
0x4bfab44847b6f5fd83625722a6e05d60b3407dc1,universe
0x4c56bfd325f350bd1af76bf691981fdd8740390a,universe
0x4cace946b49c6af6066f4950a4d9f457235c3e80,universe
0x4cb104e79a27275e4a6d1e5d39eecb68bbd78bcd,universe
0x4cc390eada38741fe9c77036b7c38537fb5f38ea,universe
0x4cd96242faead3b3ec29ec02c254392b4f65faf0,universe
0x4ce423197edc972896d16cdb410b212c2b675633,universe
0x4d49a0d59711abf2d2d870f9dc88905239b0010c,universe
0x4d4eccbf61ca71baa6eb7808a4fd5361b6ea9b80,universe
0x4dadbeaa10a2bd3aa95682177e6f9960f7ed3c20,universe
0x4dc458054e43705e73defd50559d2c9992db806d,universe
0x4dec0a851849056e259128464ef28ce78afa27f6,universe
0x4e4cdfeb4105c7a458f381373e21a3bc3ad78ece,universe
0x4e6b51c5f3e4b74c866e78983d335e9d7339b7d4,universe
0x4e6e4d8d05827f72f96042c9c86523f8915fb037,universe
0x4e7a460222715fe3d6497ac6328263047944b6be,universe
0x4eea4d63de3150fab4a6dff2f361e3e0ef6a9f1e,universe
0x4eebd8d39e82efb958e0fa9f694435c910c8518f,universe
0x4f24303e0af2e4a94abcd516a3c80d38262bde6a,universe
0x4f2b5981d89a1c60bc73ea23edef2797447b3c17,universe
0x4f60a7f251485be64c2328ee3f17e6cc08c39cbd,universe
0x4f67680ed589c995177481778d48a754703b5b79,universe
0x4f7634c03ec4e87e14725c84913ade523c6fad5a,universe
0x4f974954f8ffd29331d0f1b1c5975bd84b752efe,universe
0x4f9b096385c4e66ce3dec9a17e150795b9a02e3f,universe
0x4faf9534f8f029d03561d245b3b442b1c2e14ee2,universe
0x4fe53e953f1ff4454d144cb6f4fee3f2ca9363fe,universe
0x4ff9b58ed112bf3df108d1d62bd95e7352ef38d3,universe
0x500bea59133e20dc63b7e88913b30348494b84ba,universe
0x5049695d6faacffd34f2d24f3f0ff8c64d88f71c,universe
0x507e0d7cb4cca156d09db13681ed4e5da66b411e,universe
0x50a4d39bc020be2c86954eec2670541d300f8168,universe
0x50de6ef4d11b263dc2e4547602e963355e17dc81,universe
0x510dfe906d9ad847971be31a4c6798b1c77c1ed1,universe
0x51310f6128515866ea1fe539afa131dda710a8b9,universe
0x5198eff88dea32108605bcdb109a99dc397190d8,universe
0x519c721de735f7c9e6146d167852e60d60496a47,universe
0x51a4cee5e31cc8f3bef1564b7a2d0005e2775a98,universe
0x51df804673ac322e3ac3914c982d7df8f49037f4,universe
0x52014b1c2c763a8be56344b7d61253e1a763d567,universe
0x520863bab865050e635207c4ed099eec568f3f47,universe
0x5272f37ecaa073e5a0ea07618145939e5e6cfcd9,universe
0x5275f338cc59ccfe833c167b19e14f810307a9af,universe
0x52d361a5f9eb03868a4cbf0e6c6db8edab6163e1,universe
0x52e8156bd13058682194c8989fcf20940bb6ba2f,universe
0x52ef6dd78e6c3f3e9f21f017ecd97d754ce79725,universe
0x5317c14a9ea10c96a605bc266762a7579d9a9108,universe
0x535191d6d49922d69cc7829dbb73e48694840db7,universe
0x5371c4517b448006941ae335e5cafd54af573c11,universe
0x53822864019ef6048b595d11f87b76e5f3c0c33d,universe
0x53969485d7422b35c7fe5a4025498f9b69268b79,universe
0x53cd0c58b6b358873176eeec43f2e2d4c8b30856,universe
0x53db822285fe632e19df4e1938893ed6e37edf44,universe
0x5405450cae1b86581f017d1c35ad954d8703f802,universe
0x5410d09be697e57cd7c4ffa83759abed3219e020,universe
0x548910e503b5154d883929e5fcca997120ce6096,universe
0x54d796f92c566372ca09d8d22868d675935b4b98,universe
0x54f8a6a355f4c4929e55524afa8671a3cfc960f3,universe
0x551f45f33404360d3fceb93c26400582ce132802,universe
0x554b7ea027b5adfa28fc8dcfefa09afb2e1718bf,universe
0x556c8b1c32744692ae52ab2856fdcd8d54acc6c8,universe
0x55879718b38cac09065e64c7f18419b5c5f14e31,universe
0x55b80f17dba49f3803d16136e82d2adc5cdd2a10,universe
0x55c0fc007adcf748567198960e0def795e5f0f2d,universe
0x562aeae4f8e07742eb763ed603e487f66fc25087,universe
0x562e68a7eb3d74262413030f9f8052306a3cad97,universe
0x5647249079e257329ecb6f46ed41821d3c69e7de,universe
0x5661a070eb13c7c55ac3210b2447d4bea426cbf5,universe
0x56654885ad39155235336c0ff01b3337693c3882,universe
0x56667d7d8e0e5c529d96f6d92ff2ce2414c5910d,universe
0x569870903c3ef9768427135f907cb80376d1a3e0,universe
0x56b8ac67168a2c4f4b4f75ab795b004cd99dc28b,universe
0x56bd126ec3f3488af72c20018f3b8532d8d4ce6a,universe
0x56cd86d6ef24a3f51ce6992b7f1db751b0a0276a,universe
0x56e18480c49a12acdd2f1fab0c2daa68a4b556f5,universe
0x570b09e27a87f9acbce49f85056745d29b3ee3c6,universe
0x572c3a462fa05495656220cd91d555188a3e6a90,universe
0x5740affc8faf8913f9f2d5fbb9bdc6e8119ea9da,universe
0x5772e5982a6067830f43cbcddb9d1bb1cbc81657,universe
0x577586e7460f83ce4f30ded0ea2e44e7579de25d,universe
0x5782774b01d87f96c56015b25487e6756b26399b,universe
0x58120e7628a3d85fbaff5faa84d178eacd213c9b,universe
0x5838f52ef2302de914d58154aa837f3910ae8ba5,universe
0x5875d72130981b18692a3d29545e4038f7eb0c38,universe
0x587f84935174e8727d9749b1a252016570beac28,universe
0x58a2586e0dd00deb374877e282410553e711b360,universe
0x58a722b5f37435cab8957a17fc575bb136e0b48b,universe
0x58aee2801ce3a727da880ec2f3f02b224ca78bde,universe
0x58ca77986fe30d06840a4066236ced1e93d0a713,universe
0x58daeeeccde2da7ced508ce3ce4b12c369a100ab,universe
0x58f0bf4307c61bc7a5fe11e24fe36e64300b0d20,universe
0x59fd165b93300f7da94b38296acaada620b877d5,universe
0x59ff4a131a06082fb27f9c3b3ff977213b4b2d7a,universe
0x5a29ad4553f8d1a7058ba7d6bd97cda39cfcc492,universe
0x5a51eada32a791eee4cd1c6f6a11a140b6a88f98,universe
0x5a8e21c3a73cc4742ecf1f422379a6fbf1992a42,universe
0x5a9bd3e84376d2961d64e7088d0aa60cab148100,universe
0x5ab4c45896687bab14bbf73b78765e6dfac795ac,universe
0x5ad79acbe4a9961ca921e5f28687119913e3e9ba,universe
0x5aef53c4b35b779f7cff4abbebf49a995211d4cf,universe
0x5b53358eca5790fa4c268ad6813386b3a86549c7,universe
0x5b5d51203a0f9079f8aeb098a6523a13f298c060,universe
0x5b6d236e39a4723a8f79db93cfd1af4d228f9c60,universe
0x5b7a84ac80c85bafc5610dba827a9d95f52419f2,universe
0x5b9306593ae710a66832c4101e019e3e96f65d0a,universe
0x5bacc6d3b4f25efeb63acaef441647425341eb98,universe
0x5bba1df1bd0d44250246ef5b4697e9b847530dc4,universe
0x5bc43f38c2ddcd85857f218674cd384f172c3b0c,universe
0x5c26dfc723e7a1da7b6c3bd5cbd72716d09425c2,universe
0x5c766173a119f6998a42ff1c438f9a2c6112d0db,universe
0x5c9b5f1f13aa845d46a16a4036f1ba7eff7de431,universe
0x5cadce51db28ab261e50743feb881a3f7aca0a69,universe
0x5cb20485ede692b76ad1f12ee70d089437b99de8,universe
0x5cbdb794b3b36df58a7ce6c1a552f117f061103b,universe
0x5cc67c8909c24c32e68fefc034eb05d8376298ec,universe
0x5d2f4460ac3514ada79f5d9838916e508ab39bb7,universe
0x5d8265f9f86d0b354d24ce76146aa7b6054001f8,universe
0x5db22b067c3ec6a8435ec37555abeab44cd58a21,universe
0x5dca07e29b8fe52932872f6ccf8da2a2b72297cf,universe
0x5dda4ebdda7b02eb4c670b14148f07577681da98,universe
0x5df2fed8188902f86f2074b70fd36ed3a39a1256,universe
0x5e0c78f6360514ac1d4ea4ab9a2a232284458e69,universe
0x5e13d5cedbddd7237f659947ce64bec1294e2607,universe
0x5e177e5e39c0f4e421f5865a6d8beed8d921cb70,universe
0x5e3b1ec048e728750f5d02478b159fc507055fc2,universe
0x5f94a51948d2376ad34a6fadfa2544e651b74b96,universe
0x5fc26e197e570bbe9ba522944a1937ba19167802,universe
0x5fdbf83c3d95d525704f61401db68cbec1b2a775,universe
0x600ccd80ff6ba4ac46972132b3d2d71e8729e3b3,universe
0x60174b36e5e29f344f3dcf1e41dc0cb0e7c4a96f,universe
0x603f6575750b2da949a84ff412b68e762bcd75a3,universe
0x606a557009f6057185c5cb25d4cd23b87aa4e777,universe
0x60b081bd8ee2b0e5a2b8f17503322cf7ee7a991e,universe
0x60c37cece85d12c87bb03af51597139b191f758b,universe
0x60f4f145af5567b6e8aeff5705596dfe49e1755e,universe
0x610264b1fba038e35f6a7a475503846227cf4d27,universe
0x610b8dd6b392d010c2b6ad8d121dfc09524cb613,universe
0x616d43c28a376d835d336383fd9423090651dbd6,universe
0x61b1cf5c2d7c4bf6d5db14f36651b2242e7cba0a,universe
0x61f2bb695d81ac9fce0b1d01fd45cc6b2925a571,universe
0x627d83dfec9a60f66a4bb0b851a39c263c20be9c,universe
0x628de03d6249c901e2fa722752f146f0ac85f149,universe
0x629af4d796f253e10ab992a4aacfc49c3c3129bb,universe
0x62cd732421df4824f53a59c422b519bb97e8fd51,universe
0x62fd3c2597451dbefbb81a49ce466eb24f6738fc,universe
0x62ff69d604e63403b8373b382d17d4ef94bca8ce,universe
0x630daeb3f561a58475205f5730335c13de507b4e,universe
0x6315c7d325ea3508ad503f197d1671e097d0074a,universe
0x631648a072ef63216eda1e23395fd155ec35ed4f,universe
0x633ee4395e721eef82acbf587bb5b93876ec57b5,universe
0x63560a4cc5c8b789405da8d5f5cdef6320882341,universe
0x638e96b7a155eb2b0859824f6b4acfedb25bf9bf,universe
0x63d417a577b50c96f4f09148d4e4d70950db0522,universe
0x63d4d2d16f935b3c290d72b8989a2efebd49d5bb,universe
0x6410b0886a1f0db4c1242e1190013fe4b1e85bcd,universe
0x6417da1d2452a4b4a81aa151b7235ffec865082f,universe
0x641edd3f198101eb13ce9228a415cbf02b62b6c8,universe
0x6427ef069a0ffa80c2dbf675479833500f429eca,universe
0x643430283b19fa5bd70a1138b495c2b43523cdd5,universe
0x645b2eeaa0a46df3c4211bebda1b2c7703e287b8,universe
0x646be0d5f96edd60d9933c4646b5d3ac165001dc,universe
0x649156ebf0a350deb18a1e4835873defd4dc5349,universe
0x649b2718840b5e43f962691c2a2c070b44c0e65c,universe
0x64dd467d1e5c2cf2be87fea20713159dbc12ca76,universe
0x64f4e14a603a6383f459e16f4781a6b30611dfb8,universe
0x654016a8c9fcf0c4cb7ed6078aba21f7f399f7b7,universe
0x654ed1d8631de7feb6b4e5fd9965687504a80c4a,universe
0x6555e1cc97d3cba6eaddebbcd7ca51d75771e0b8,universe
0x655b62e1a4ca9cfe5c761b8dc3defda98be41e9f,universe
0x6581c99e278c12b74e25051a49fd8eda307be75b,universe
0x65aee08c9235025355ac6c5ad020fb167ecef4fe,universe
0x65bc3560b8768d158c19e94cd84ce8a146ba09c8,universe
0x65c18f2bc08c9130e4d694e33bffcd3aa7cf2526,universe
0x65d0ab18172c32e37cd7f39d1ad3f9c5de8bdfb0,universe
0x65e51a6f396599558e647d7e4d8e6e6ca6ee4a9b,universe
0x65f1de0d3715941dad6a1279d8d0a96a2eeb8171,universe
0x6608d5342ca0fc0acf0c334c2496f1542af1fc71,universe
0x66339a4c857997b2cb3a1139cc37f68fbdf9a795,universe
0x666073af75b8d2e6e9efea414db566494e61aafe,universe
0x666affb59f3c8099c1318f4387924e84ade4116d,universe
0x669d24a6cbe89d6aca157d6a8d578475e81b8817,universe
0x66a8e3766b64650fbe4e81a9a42e9ba96ae49db5,universe
0x66b9427a034e632b48fe67c758e4612643ab5109,universe
0x66e541024ca4c50b8f6c0934b8947c487d211661,universe
0x6707013459fa40ab655710bb08690693d539b113,universe
0x675462411d40a169c3397ac1dc00786dc9c7d3a1,universe
0x677263d3bcd5358d9eb7df8b7f326db82b285bbe,universe
0x6788e111b25a244e7168847fe19bb1456a8398d4,universe
0x67c932d63e70c450d30000ecf12cf59cdee76f7a,universe
0x67ca18887fe33651c0ee49a7dc6c6dbce5405352,universe
0x67fcc46ed2a63971697dad2fc7bb0091fe89e51d,universe
0x6859da14835424957a1e6b397d8026b1d9ff7e1e,universe
0x68907104c3a36283b195745e15ce1a74313496b0,universe
0x689e9d53c3e9637560acd26bf52247f0ee6c63c4,universe
0x68af3f19b7cf1934909bd43776050fe83b0ac654,universe
0x68c151a40b08c6d059d8eddfc0c57e18325c9e38,universe
0x68cd0d2bf68e54ea2d3feb090ff6683a99a0eec2,universe
0x68e7e72938db36a5cbbca7b52c71dbbaadfb8264,universe
0x691578efa958fad9d6ee813e14ff0373eb34ae1d,universe
0x692e75cb2638a36e8b4c0e9541d365a6daa384c1,universe
0x6952f6204561646d1172fd316d86b5784f80ba8f,universe
0x6957d2139d29e7db7913ac21e813f2a561e47ac8,universe
0x69734444a9c9954c21d83b5f062802909dc5112b,universe
0x6979dde2781dc4ec843641b10b2a2f2e0f4bda62,universe
0x69a31d37f231c1987c6f283ca508b4377a2369ff,universe
0x69b05701f8175c276ecd0138387a197948e240bb,universe
0x69cc3ae720efdff1cd2a8edec79a7a3fac6e14fd,universe
0x6a02aedceac5a6813d960e4dae1910d9c458e77c,universe
0x6a02cace26bae56849bda4b0d0c865bff20cefe3,universe
0x6a2cec2bda4749f113676bd9a5f3e64277260efd,universe
0x6a704a0e46dcc67a6316644372e261e8fb6f658c,universe
0x6a756a2cc6c1e8e1e44132800b2033a42ca086ad,universe
0x6a7a17046df7d3e746ce97d67dc1c6c55e27ce75,universe
0x6b7865414ebf519ba3fcb5623d13f4b1d28e4c1b,universe
0x6b78be2ba4d55d5ee434c7d47fb3bbaffafc5e9c,universe
0x6bb971430554e3af58fbd469bce46ab2359a2d23,universe
0x6bea81d7a0c5939a5ce5552e125ab57216cc597f,universe
0x6bf7adc30d071f426193a56dad0947176fac84ba,universe
0x6c073b46e9fd3daebcb4391f8ee86c194c79ecad,universe
0x6c8512516ce5669d35113a11ca8b8de322fd84f6,universe
0x6d3b90747dbf5883bf88ff7eb5fcc86f408b5409,universe
0x6de826934315dec6bfba7a20be881d76d4f76e4c,universe
0x6e25e5d971bda9799f7a5242f4720b5b3f939200,universe
0x6e28520e5e4c821f55086805bfe8354d1b6df5f5,universe
0x6e2c2a47965463934678c9328b0cb3803374ce16,universe
0x6e2efd5bd0f8204a2962d476db97428130879587,universe
0x6e7465acbaa3217bdcc4c17cdbe1dadbb4356377,universe
0x6e88dc3708afc2b0032eeff625df78dcde1e741a,universe
0x6e9b20e2ebb0e49a1de161b08413a2a988bd9516,universe
0x6ea214eff66189273c8d8c5ed1464cfcefa8bb9c,universe
0x6ecbb68c07bd4be7adb7f0365e9263e382aeca2d,universe
0x6f3ba1685a1534499483b33ebcf7ad810c1bd6dc,universe
0x6f7d75c18e8ca7f486eb4d2690abf7b329087062,universe
0x6f83ab8890ed38bf38a31010aa9a5e9ca743bfad,universe
0x6fa6f42d2e41327e27fe7f416a823cef7050825e,universe
0x6fbb33de5f39c690d2decb95b9ab46ed0c83e3bc,universe
0x6fbeaa709af64777cbd118fdaa170cf3d38f01b0,universe
0x6fc0af3756c7300943019e7349bcfcb80e76966c,universe
0x7044be555aea5bddb3b9808658500d4e0d0a6b6e,universe
0x7048b287889c5913d59f812795d7fd5d724be77a,universe
0x7050a9abd4f06372247d19c39e5d718636f35fff,universe
0x705e54faaa515bc86c83fb4803000eebeccbf167,universe
0x705f95654ab855abebb5aca678887c3333fb99c4,universe
0x70811c24fe0fe1fa9d5a41f70928aa555a1e30b9,universe
0x70875c76b1219a5e03ea43881a2e90faade89fc9,universe
0x708f79554cfb75d257763bd780671e51b60f1b12,universe
0x7099fd37fa31a2219e8fd6762fa33bf022e17000,universe
0x70b37757f0344b28ef207d86eada7ca051138153,universe
0x7112d5e599352b6783f7f3987aa6b2df1c4aef11,universe
0x7118a73bcb88a485ecd6174a841dcbd2752fc21f,universe
0x7177edd4e52e01f5f78093a8834529c31424c621,universe
0x7178cc2d79160d524858c843e350ed8207de0854,universe
0x718cc7ee2ae2493ebf7d454316df6b61f4e1a868,universe
0x71acae4aacaf4956ac31e09b18cbc33ae49dd8b3,universe
0x71cfa5e263e866f7961091e01ebc5a2d11616c20,universe
0x71dfc07de32c2ebf1c4801f4b1c9e40b76d4a23d,universe
0x71e3d23e762f3feddfff5fe9c047489bdf8a9b20,universe
0x71f060a388589f2917df5e6b79a1e43baad1b611,universe
0x71f12a5b0e60d2ff8a87fd34e7dcff3c10c914b0,universe
0x71f2864f1f278681723a1e3621e2bbf2907b96cc,universe
0x7202dba36e7e72a95925153d18bbede43216dc0b,universe
0x720c933b5eb30fc37461789ef3264e51f2a7f4af,universe
0x7213466fb8a382b977cc9086a12ecbc17e9d4df8,universe
0x723fe6e68bced0a7029d336ba84d5e08080fd5d9,universe
0x728f5c407943153d9082a5d17f05584fee0834f7,universe
0x72988778525f0ce15c5ac1804ac460606a987d6c,universe
0x72abc60e799f5c90925a13319f9ad11f5583bee4,universe
0x72c0bb2a0a2c08dc4e57183bb1e930cfad389932,universe
0x73045e207623eed9e09f647fec7d3f3c0b4a37a1,universe
0x732e5e68c7d4fdd667c5fabc8433d46e6614041a,universe
0x7345985dd7e2c521a0ba97929aea93614627d58e,universe
0x734c1162a394e588652baa7c85d0c902016bb61e,universe
0x73ce82fb75868af2a687e9889fcf058dd1cf8ce9,universe
0x7408e71e9ff46684b58337d022fdc8109fea58bc,universe
0x74464eea5f52b768b501bc223815ddfc8565ab75,universe
0x744a26a3e5a56efb7d95119752a63183c236bbd0,universe
0x74666e2e87171274b46ab8c2e321bb237693fc83,universe
0x7469872d2d4346c9b7b40c3aef2060cadb36a6e4,universe
0x747b1125d08a5a2cf33550cbb038e406ebf241ad,universe
0x7484849d9b924673bc81da52752bf4e1f62e8673,universe
0x749af60aeddb86cd0aa41e50f546097528ec9cd9,universe
0x75088332da14c7c729d79af11436b01268513035,universe
0x75161cdd2ee68383d0c90ddbbd46d20b9daa11ab,universe
0x752686e2ac71850d733625f28cb80ff7e534217a,universe
0x7583b5364597736a6a72c4ba61ede0a4a37ef4de,universe
0x75cf77ceb7c6521d6815fe574dc1afe34f871e80,universe
0x75d0051e8bb42fa53ef1be9951963a69ad1adf0a,universe
0x75ec3ba266176e733f1b1fdaa15052f5eff724b8,universe
0x75ed7bd176c9a8107ae3df007580ee1dc0030aa3,universe
0x75ee7dfabcbbb47f8b2abaf1f533b59d3e25354f,universe
0x7625dc67deab1864570ad816f59a9b867f280e49,universe
0x7647fc553bc8a03df9affbdc656ae159d894a40c,universe
0x7672bbb64595e5c2ae3bc65ffe385ee1ab8ea306,universe
0x76a371f71626a9c2be944cdcb1c3bf1ac0cd1db1,universe
0x76c2cd1b8a249f465f8445c455cb78e0eed36f1e,universe
0x7701b66513a52949224049e5bd634e3fffd8930a,universe
0x770493a14c49ea81192b5191a536f0530041311b,universe
0x7717275de7e38ec247b0426ac4fcb22903b7bbcf,universe
0x774584a3f79b8835bd28ae1461c15f34440a0baa,universe
0x774f28fc243d6aa8787506869643fb4698bd2133,universe
0x77777e7a8f844b73f6269bbda7f440af16038d90,universe
0x7786498ffb58bedc6c392a4a40789be5c2da240d,universe
0x779e5e469d5de3a13e563f736ffcf47ebe5584c5,universe
0x77d4aa158439c01cac7d726d1260ec627900ba35,universe
0x77e619b0a32c473e09a7ee9f67e5e479e47d8032,universe
0x77ee3604adbdefa66a817b3cf776412a6613a018,universe
0x782b3978d7148a1c6fbfae1bfd6e1079d15d8b2a,universe
0x782c577e363ca3b6e2d58601ddaedf27c660bc5a,universe
0x782e432267376f377585fc78092d998f8442ab83,universe
0x787440aa665f212df2720b80587f748d408503dc,universe
0x78cb8f4cb7dce4f05655ce682fb9cb9b56384611,universe
0x798296cea00d6494c9e47f43e2d5f9189fd5729f,universe
0x798598191e985b99dbcfee33e9fb8fd9ea6f4267,universe
0x799d99103868cda7422995acceb36df2ca646a38,universe
0x79b7482d97381b59d97b982ddeba1aa825e93cda,universe
0x79ec68d35878cedf61a4363b40ec30b89698bcad,universe
0x7a6d5fc57f6906f337c48fe2763c3a501304f79c,universe
0x7a7da855c61ba2326decf722691c6e2d14a50344,universe
0x7a9f3a323dbeefecded2432e00cc2e53bfdf9977,universe
0x7afc9ad91269edfa853ffeedc41d92b9f4e0e139,universe
0x7b1dfd7214612fb47ad5afc51d8af1dc4745bb4a,universe
0x7b29f8c0ea709b96b72214b3de5d85c3d9570794,universe
0x7bbcf86f6c6201bd55235a33841b91c8910bcaf5,universe
0x7bedd1556856ee82d0c11ea82c4825c7a7b046f3,universe
0x7c313432dd4179adec41447dd798a6cf3f34ceca,universe
0x7c45b26c41c29330d042003cb312e73a3912024f,universe
0x7c687e7f19758725aad931fb3a6fdc333690ff90,universe
0x7c9063122c01837fe83da2521056e10c9b6dd129,universe
0x7c976f00e84db0b44f945fc6d7fad34b43150a1a,universe
0x7cbe8545bf40cffa28c270589d87c3a1e0fb5019,universe
0x7cee351d68e21f2bf1adf8161bd1598a80d6fc93,universe
0x7cff6e8eec63aaf0685ebd51c6157c5f53fdf5e6,universe
0x7d162baaff2a8ab5634d9ffa7985f1fa6dc03e66,universe
0x7d1d11fae1b69fe347de53e2461de2686ebe11fc,universe
0x7d54a6772903c4f45f05c9b4e89f1dd2a0f52794,universe
0x7d5c17cddaabc227c7d1a34ac7f6cdfda6985d48,universe
0x7d82efa6e654c47d3c03cf276c59e4f3e1e57c87,universe
0x7dacca323e44f168494c779bb5e7483c468ef410,universe
0x7dd6af227362f4115e060f39c00791ffcf4230d8,universe
0x7defab45247754d549e9405e4a265c677713fa07,universe
0x7e06469fa39985fe7faef57545e6a54d0909313f,universe
0x7e09dfbba23d078e16f038b1ed4c558185c4be1e,universe
0x7e19c25679a5f4cc1351e80d428ebe6df929adb1,universe
0x7e23ead98212f5476768cf51b5dd76da34a35a5a,universe
0x7e4e766d0ae5ea9cded0c694669194db92800107,universe
0x7e5198aecb7285e6c4419620685c3950816e780f,universe
0x7e60b2ffabe338e43e915146beab5decc1596ed0,universe
0x7e7a19a81fb140296ccc2a6bed88b38d5f83ab7f,universe
0x7e9f7616d9e414ab84b4c9ca8eb05c6acda7b855,universe
0x7ea0877e8e4f3794335d1bde6373e995276ccd4e,universe
0x7eb9026d0183942458bd4660371c3cc0a2df3beb,universe
0x7ee6b077b59f4417bc36d41bb65365644315db10,universe
0x7ef1c8219dec5cfd8ee71c7079bbe4c02ae5bb34,universe
0x7f1e97d8eb3ddb8659cb59d611becc438f89b7a2,universe
0x7f38620111a647c26b9ea8d276c5ed92f2007fe7,universe
0x7f55bd494bed4b4eed2064eccc1af75e9d76ad4b,universe
0x7f874197a17a966ed1e4453075fade93f4b92109,universe
0x7fa02bda84034b71213871ef70627b4052d35a94,universe
0x7fb615fc9d0db8faaa8916883f6dfe089bbf72ab,universe
0x7fba7e745bd97f828c824589680749b55a8c04ab,universe
0x7fdafde5cfb5465924316eced2d3715494c517d1,universe
0x7ff59a95c9e0b908adfc374139008ecb9a1d126b,universe
0x802d5eb9932297775460ba2ba90d339938fff417,universe
0x803d77ff0fc1a2be003e74e04b6bec99dc8178f0,universe
0x80460bc617ba20c0ce2b20bb1a10ed9a7305b810,universe
0x806ea832ae8703cf703a8792268c8141d182158c,universe
0x807a2e2e469df84b299da5f90f15dda4380daca1,universe
0x8081c8c38e6196a906cda605444d66697e8bacf9,universe
0x80846d026c0c3e326713b6272a90685b1ef728c6,universe
0x8098f0c39b0fe0b94d1d2a97d18c2733f7519261,universe
0x80bcb08c54bbd5abb37528425b1f8ad2507c9b62,universe
0x81352d8f3a5b61244b4808dfb5d6890a49380170,universe
0x813a4f2aec5d837071827cce99918fbf9538a378,universe
0x814115ba7215324b68c67f6b2cae7a65a7e51c71,universe
0x81bc3b542ebf7587fb783dca9a0c55ff4c075d8a,universe
0x81d4163289cf61a0eaaac4862cb88ef0f4215c29,universe
0x81f043813eb3362cde347e7c6e022a5f743bc9d3,universe
0x82063340e28d0e4327a152563eda08094df98663,universe
0x8250a7f9fca9c33e68eead8c05c1d58c8fd70d13,universe
0x82a7f089adee34666241259bf3fd87551050eef3,universe
0x82beafd76c42888c19ec4b1e9801737d154e266f,universe
0x82c6503af0d94c782f69caf3fb64568608b8fe42,universe
0x82d281370628ee3ddfaa65c86ed736498807823d,universe
0x82d7ebbd8106b08e91f8ac9f4ca97fbd98125c29,universe
0x835f9b1c5128701261634e54ece3dd47ce12f7d2,universe
0x8384254da5777847d5488f16ee6fed379fe37eb3,universe
0x83bec364a5206feaa378718a46e1c947de5f057f,universe
0x83c90ad4df32b7679ca7bd66a43135283f38a339,universe
0x844b6ab0079fb36e6a99cba877574acd8f1e7f42,universe
0x8482694d9bbf434bf2801f49be04dee5bc459d07,universe
0x848721233eee7906395c00fa45b0fd90427e1601,universe
0x848aa08a594a14664685e7bbb3a00e38faba4f2f,universe
0x84abc08c0ea62e687c370154de1f38ea462f4d37,universe
0x84ac7c39567700c7b15d20d3e9e5b4f8e8854bdb,universe
0x84addeb76ded60fe311639510c54ad4ed41d5d88,universe
0x84bf954247c39fa093bbbf7e3defec31cdc8f992,universe
0x8505b64e66e1efd7129eb9b364b2c73abdd01821,universe
0x855b77fc563bb5a2c062b9ad3bdf7984883ee8b8,universe
0x856c35038594767646266bc7fd68dc26480e910d,universe
0x85a56d1e7454065c84d6fccc3f982d08b908f727,universe
0x85b3c124a704ae638622a1e99310f22eee7279c6,universe
0x85ed1f02990eebe097154ef7e76dd43dd59d4a44,universe
0x8607a7d180de23645db594d90621d837749408d5,universe
0x860e468ca7716dfa0deb4fc84459a74b3974e5c5,universe
0x863b676e5e4fea0541062c32983dc8f84749ca6d,universe
0x86a6994e22b9bb748ba7587858732c932596b521,universe
0x86ae16701f28d2ff2d3e0b3c4be4e8b5d6f7cc92,universe
0x870ce4cbe75814672c0f1e62d3d19474dbca2edc,universe
0x872d3fb74cb230faf1746b4e66971551a010ba6d,universe
0x872ea3fe1a064a4f739fa897ec3f81404b352092,universe
0x8766d3c675fcf49bfd6b16a1f21186cc7e9fcdb9,universe
0x87e013714fd6a32e01151c8b81cd5e2e5f43874d,universe
0x880ac484a1743862989a441d6d867238c7aa311c,universe
0x88250cf2f6402e856bc85fc65095e4a48bb12cb7,universe
0x88560b720239179d7f3f9e49ca934a4861593d7f,universe
0x8888892c503f24822ed71eb2de512b9742ddcee8,universe
0x889519aad013ff5cd6700e746f46aa781e37ee89,universe
0x88a0511a229643ae6e4ef263a08297343e11bf63,universe
0x88fd61a68f5e2baa34de91533a2d5ad3aeb145e4,universe
0x892407fdc7436093b0adb10be7ad3460b42eb222,universe
0x89453000afe81a8843ae2d1c5df0f340f8800779,universe
0x8951485bff801fab6001e9091b413fd020e8d681,universe
0x8988196c30df5b07d7639c5db5a452495192296b,universe
0x8997a688fdb45b83f5c391eb94158ac0a2b7b5d9,universe
0x89b7815978abc23590616e9da57ddd78e53b1a77,universe
0x89e8de070e9ab38b8361624ce39c3835c246c33f,universe
0x89f6be62eb7bb5c30cec8dd72782e0449fdaf7d0,universe
0x8a3cf3c4b300be69429cce5beb2ef14d7200b6b7,universe
0x8a5cd8bd74ab3f205ddcb3b73b2f66deadc6827f,universe
0x8a6c82fa6f58d57b9b28c3fbafd719b7d0cce125,universe
0x8ac033322b353c7e7b0373d42d9fd73ff32a7ef6,universe
0x8afacaa08de7189d84db9d87b9c21c2f1ac28113,universe
0x8b3515d1410aaddbf7458c831afdcf6b7ec72990,universe
0x8b800a3cedd06605d2ef8cb4ffeb44dac46fb060,universe
0x8b92393b15b6ba5a735c7b2a3f76c81b74988aa5,universe
0x8b9af0a4a822d6d6ccc72540b2a44bcc9a5a66ef,universe
0x8b9da005316ecfd7022ccca9b6231281e5c47b28,universe
0x8bae3527e5a33fa0cf184f37bc112d071463ab6d,universe
0x8bcf7a888c66f635ac4a2caf42a8dd12a3b20b14,universe
0x8be0b9c4dbfb90f47fb94e8968dce08d3152326c,universe
0x8bea775107d7388259b0b430079ffa7eb5dec2a6,universe
0x8bff50aad8b4e06c5e148eaeb9d7aef69e26cdc3,universe
0x8c7bd04cf8d00d68ce8bc7d2f3f02f98d16a5ab0,universe
0x8cc94dc843e1ea7a19805e0cca43001123512b6a,universe
0x8cfe4bc352deb10ed41c5f0f89bc57674cee1e22,universe
0x8d0a7b41ece5ac812e417270f83a299c3efb6486,universe
0x8d393bbe72dfa00f6ac2c510fcdb2dfcfd190c5a,universe
0x8d56d30d58d1a2709befccea6642252bab6ed51e,universe
0x8d67953306cb257dd4e88b5a0c42d24cfd06f6e1,universe
0x8de709449d982da5a7cd26baba86f415b04ca589,universe
0x8def9f50456c6c4e37fa5d3d57f108ed23992dae,universe
0x8e096995c3e4a3f0bc5b3ea1cba94de2aa4d70c9,universe
0x8e3ff5639aec60121a3a627bf50f4aac31ff21fc,universe
0x8e496fdc8994d50fcc87afe136705fb9cc04fcea,universe
0x8e6c25f50d4be1e649e61b331a804d11b07a5c08,universe
0x8e7d05f1cf2f4a29b3c44764b63df8e42c6cf7d1,universe
0x8eb3f4d468a9763ee66ceb63a0c64b7044c2aa2d,universe
0x8ecec0c9367490d2044aaff4030ad0becc33218b,universe
0x8eef13e8424767fcb0e80e722e1902e29c05d985,universe
0x8efa981f60384083496148b55361a83edc268295,universe
0x8f04b1e418693b8e1a30b01fc1e1e64e51f2878e,universe
0x8f61bda42be4f511531164930d4545a10dd53acb,universe
0x8f68774c50849abe2eb1a89e02d675bb9046d52e,universe
0x8f68f44a9b808bbe8cf39f421932cc94c379e24c,universe
0x8f7e0d49a00f14dd072cac33598ff689b72f21b5,universe
0x8f7e9fc9801f05835628df770f77425110894f7b,universe
0x8f9f8fa50bb7d63cff00714f7129c6c1f85f55a0,universe
0x8fb5c6f3c336033deeedbb54ad95e96453c9eaa4,universe
0x8fbb1aad00013c4e32bb033337b7cb792ab2fc4e,universe
0x8fc7c0442e582bca195978c5a4fdec2e7c5bb0f7,universe
0x9020d2115a4d6151b5307aa9a58b9e8601e2187d,universe
0x9031a11765816d5f57fdfd7f0ce4b8f375a0bacc,universe
0x903517817100564bb34eaddd764e1df76370917e,universe
0x906d31b2ee92c4bc720232112274a0e1ffb0ad6e,universe
0x90882e7c28ddf0ac1177033a310aeed8eff25e90,universe
0x909eb3d5ff0ac0df12c81f8495860cfccf1e7ea9,universe
0x90a25cadbfd97d700e9c00bd06465b8d382c57a6,universe
0x90abcf1598ed3077861bcfb3b11efcd1d7277223,universe
0x90c319161aac3ab564a834a49786bccc81bb8dd6,universe
0x90dbb196cacf24bd212b377a0dd62eaad5e8151b,universe
0x90efc346e79620c942fa28bd4d2fabf4d59ff7a8,universe
0x913b6bfaffcc18db65dc9a6bdde6cd5365e0ef92,universe
0x913df0b299f74ced052c5332a19a1fe72a343ad6,universe
0x9149f8a6afa68db53e9e96697202b8508bab29d0,universe
0x919805f1cd563d3b50e124e582a4a16c3dcf1819,universe
0x91a9cadcd7e36cbe8ff604cb634307d7b7643f70,universe
0x9221a960277fe388b899f58117aa9bd298463002,universe
0x9237794d8e5c6eb247b20f2e5edd9ad5f530d8ec,universe
0x923cc62e3e013a42ee872c5950f39c88f3c167c7,universe
0x92579f45ace5d35b6260b4dee6b2587cb1ed9b71,universe
0x92c39e3389f79dcf81715f8b8de429ee21c5eb44,universe
0x92e46562c3e500410c140eefb5a6e615be5034bc,universe
0x92ea19eceb7a8de0f50978a1583a5d8b018050e9,universe
0x92f422eca158a5ea7c2a7b87761de0de5515f056,universe
0x9312e0a61f21affbd5be821f436f8fdf6b6f6663,universe
0x9321d8117e73b0c79035f0e87debcfd8dbb1d75a,universe
0x936cf4fb95c30ce83f658b5bbb247e4bb381bb0f,universe
0x9391199d0dd197bd019d40ef624d26aca59440f3,universe
0x939f4fcfa86d407e1a3ad650e17a0e2177515282,universe
0x939f95036d2e7b6d7419ec072bf9d967352204d2,universe
0x93af88ff7cf535323e73ce0c04824bcbd9d3546c,universe
0x944b5f7d8eece040aae1895c7fed03202aedf123,universe
0x94ab9eb9c49efb110870cfb713933bef4414b60b,universe
0x94dac1facdc4afd2614c3119447187b4143bc449,universe
0x951591a9e0a24ce6607dc73d4c62ba2716a83bea,universe
0x955f3d3663a652f331218e70645c9b3496920b81,universe
0x956fcb5b0365e1166e5f673eebde0baa800c91f5,universe
0x95748e52b4a70542c99035d092adc8d53f5d11f8,universe
0x95918210f648cfe9e1e0973854b2064c0cd6ae3e,universe
0x95cffc13424a595f739d14659aac21fef8ce797d,universe
0x95d30549f608c59a745c3d838fc54a23d7ce3ae7,universe
0x95da8596c44dd09f4b8becce87ad3b7894fb2328,universe
0x95f45c5e6bd5a932c9193d55fed1fd0428ff127f,universe
0x9610dfb1d0ef3bfab748d27c6c738c0a6b310c43,universe
0x961fdc9ae7e4558e9c5e05565bc74721e6d32fd0,universe
0x962bdd83c3943fe08b62101fd9f9a8b923a0b475,universe
0x964f9b5b2b0450ca7847956609bbb220047db3a7,universe
0x9690bcfc1639abff887c8fb62b48ab787b2dba3f,universe
0x96a7923964dbfc5010079619e8af33ce240f79df,universe
0x96c9487af21d18ac5f4c841af44a011968445709,universe
0x972b0f9cde1266e860e546ac92e783741769400f,universe
0x9751cec58be43e0e27d57ba49ac3d68ec269a97e,universe
0x975f178fd8a566d98bc935340064c691fa4d8881,universe
0x97d9bb97f706b2c8b8cad7dec27561baa5c70960,universe
0x97e93c2992341049231ddd85ff9e6f55a3dd616d,universe
0x97eab4aae3f74634865d2e876ad6b10fa6bda868,universe
0x9803e982c4eb6d9b9e416966814e7f9fa4363bce,universe
0x984e16e759ac515784f90dd88443260e482c63c1,universe
0x984f6a8aa8584dde8f1fa9b240b09f4df3ac25e5,universe
0x985f02b19dbc062e565c981aac5614baf2cf501f,universe
0x988caf2d1aa1ffc52c666f67d9a3e13a72ba6e04,universe
0x989b29f2cffad239613d55d8c0431941217bf500,universe
0x989b3c9f5bc4189dfaee8efac99f9638d39fc45d,universe
0x98de2e6749be6bd822fd65bfc957210f48bac007,universe
0x98f7f258aae6deded2fda17f853afe82272c2546,universe
0x992a79a7ce3d1b8e93410cd62eb34d83698e75f3,universe
0x994649b6f14e340c2878885d2e9d90bfd4ee8aae,universe
0x9970d443386312f7839f3adbe2d607b024ac20c6,universe
0x999510ad3dd8c94a6659d6401d983137565283e3,universe
0x999da2f91628addf7a5df3194084eddd694066f2,universe
0x99ab3fdbeecbfc8a36101f9f80c763c8434ecea8,universe
0x9a0825ca6c4c577a1202a8fae3b8f044c1d5711d,universe
0x9a33789eef328d7572b7b244f0f84a05f81b79e5,universe
0x9a3664a58b6a6579319c44bdd06a381ec8b47b6a,universe
0x9a377ec81c1bd51d31170bf8d7a7b6c5fbaded9b,universe
0x9a3bf39506de3fd281cebbab9dd52fbab37e696a,universe
0x9a5cd14dc064069b608da0a01d403963dc410a84,universe
0x9a80d88c21be60e870d07d852390e92d09223cf2,universe
0x9ab38845b2a7426ebd37914f449d63e1452875c1,universe
0x9aca58e24ff5845f245e7c2c897fef1bc59b3555,universe
0x9b1a5d48adad045de3fd154715fb73e263362f8c,universe
0x9b4da8243fced2f6b0ea59c098ccc6724f309ea0,universe
0x9b52c6f95b2c5d512068af2077aeb839119620be,universe
0x9b58213333765a0f3a417b189b417346dd5e2783,universe
0x9b5b1931fa5838a891973f9877c7648c93ee80cc,universe
0x9b745bea23ab438b0b3b9527ad7ab637b52cfcb1,universe
0x9b883651182137f33efda174f831d9918182afe0,universe
0x9ba506a04d01c81043a8bede40a27bc3776f7736,universe
0x9bc74cd18a8373eaf3b16abfc62c67dfb2312a1e,universe
0x9c062c0575c30a3b7614d0c6ea8de67faab00560,universe
0x9c16bc8f1104e4d2f72267eb981fa12de7cc4a6f,universe
0x9c80801cdbd3280dfca2dc787aadfba8d2d6cb8f,universe
0x9c8832db0d501e2835650912dad51583534887c7,universe
0x9c89f595f5515609ad61f6fda94beff85ae6600e,universe
0x9c972d06eceee9dc08e2d295742d2045f8e54fa2,universe
0x9cbf099ff424979439dfba03f00b5961784c06ce,universe
0x9cd6abe39e561ea1d4365cb6ab64cf91bade6cc2,universe
0x9ce66e11f528399e756352d4bc35fd808db63e47,universe
0x9ced04fe0e69d8daf0a7a8c85e22c64b8f240238,universe
0x9d1792626cc8bfb29acc7e5e7a2f706bb6ada290,universe
0x9d25fdd3e862b690759fae43e2db73bc75909b0e,universe
0x9d6468a5ab22fb02f990a778039443d264ef31fe,universe
0x9dad563e03586b18fd68f8c4bdbcff60943332a9,universe
0x9db81630393e5cdb66b4e959c556b089c2005c80,universe
0x9db82c502472d76742fdd69609dfcc6e01327401,universe
0x9dea4d13ac1c469b7fe9049d43835df1be143ec0,universe
0x9dead8fffcbf130e7658f672d2c081d91178d617,universe
0x9deef087fbd279c29980754d7a2f63e66d4634c2,universe
0x9df286bcee3b6b20eddcbe763ddd3a30ef3bc665,universe
0x9e02aca9865e1859bb7865f6f64801e804a173df,universe
0x9eb42f017e793512e4734f8785de605c4cb3a24e,universe
0x9ef0c73fb9c3b96dde6b709fa89df72dd2a855e4,universe
0x9f07dc88dc450978e5ddf973f6a0236a7cfbf99a,universe
0x9f5777bb808871052c2c5fc13d37d05e67fbc70e,universe
0x9fb2025d6b7bfee742c2ae8ea6169b356af55d40,universe
0x9fd7be134d8d4ddb8fa8d093e348c899716f6b0b,universe
0x9ffba88ab05d688a64894142bf63bcae8a5721d5,universe
0x9ffdf919da72213588f7517598394cc5535bce40,universe
0xa05e2044e8bcfe27af9514a1d18abf1c395300b6,universe
0xa08a7d1abb19ef84e0756e6b77fab94f28bf9aa6,universe
0xa0b7020185b97f496f523c3f769eebcffcc56165,universe
0xa0f2e2f7b3ab58e3e52b74f08d94ae52778d46df,universe
0xa100c54fcea537adad0743c9745c83195b278b66,universe
0xa14cccaf3344ceb71256b17b3eecbedc57da54b2,universe
0xa1582a9d38775a3a5cff79168d68a72c369daddd,universe
0xa177e2a4726c49cf4201fd9b0644c1b094e04f9d,universe
0xa180e7a0dd22d55e09a4c439e7bb2ae3c91dc0b7,universe
0xa19a8f542049511d6618054b8e5474e2d036b7f4,universe
0xa1b6d8efbcb2fb750a84dbc05649fa4968034f04,universe
0xa1d4fc32f21d9d77a4c20a6ac4b748815912c07c,universe
0xa20fb0c9e04063eec5be286e9269028d966646fa,universe
0xa215ce4eac3900ac8a5e76f621eb8498be16aa51,universe
0xa243ecc646b1ce99c8c2810b6581cce76ec6f989,universe
0xa24c5ca26c41cc52aeac1d6886d37f6dd5d6949f,universe
0xa25af74f90c6d7631cccf83af7517b85e1384b00,universe
0xa2697a4652e85d8fc6cfa11beb328edddaf33598,universe
0xa2d1dd0f09239349354b662f75fbd81f3dbc824e,universe
0xa2e4b19c9751943778bb20cc821fa9da61f2eec3,universe
0xa3099587930a877e75ff4084c7b22505b72c2eca,universe
0xa30ecf14316316f355b33eb6f5fb4f6e8ed8be51,universe
0xa312114b5795dff9b8db50474dd57701aa78ad1e,universe
0xa31441e058492bc7cfffda9aa7623c407ae83a81,universe
0xa333e5086f629269996bb6422b0fe78f3781f039,universe
0xa33e1ba6e16f18a50c78d36eb423f24b6417cd71,universe
0xa3555141f2ea7ed01e1d5a6589c4355ccaa31bf5,universe
0xa4047eb14ba43a6c2168323f81bbfabcb5998c2f,universe
0xa44898949336804325763810e731f7aabf768250,universe
0xa461db6d21568e97e040c4ab57ff38708a4f0f67,universe
0xa4be91acc74feabab71b8878b66b8f5277212520,universe
0xa4beb4fbe651b00bc16d472e2e1aa1c26b3d90aa,universe
0xa53a13a80d72a855481de5211e7654fabdfe3526,universe
0xa53c9f3c7e5fa635bc4bfd9dbe459b5940e43ab2,universe
0xa547b34cb11ac670628b188207567e9f11a676aa,universe
0xa559edb06548fb5d9b2066ec43320e5f9726ff95,universe
0xa581bb0ac1a7ec393e76ccd45de2bfff6146e213,universe
0xa58d8192d27640cc994d774af6e15cbc209e244e,universe
0xa5b0edf6b55128e0ddae8e51ac538c3188401d41,universe
0xa5fd942d4badbab4fe84a9e10f565dd40d5f15ff,universe
0xa6181aac4474b43c3ca575ac8b1ad17643ec20b8,universe
0xa62a501f54e85c9c784c2f1f4a8fdf31115866a2,universe
0xa65ce1d604fa901c13aa29f2126a57d9032e412b,universe
0xa65e8ca77d2ccd61e1a57dddfd2ae2669b30a68c,universe
0xa66b5862fd471a1b1eec8710071f3d085f79d5e4,universe
0xa685e0303482ece79b16dc5c1a52bd9dae623dfa,universe
0xa68eb8520766ca5eae81e547128d5cc3fa909a1e,universe
0xa6a1fac4430cff1d6ca66e490ab16b0c8422ae23,universe
0xa6adc30e7f9afe2f33a41ff7778984ed9833e775,universe
0xa6bde2bb456610730be4279cb14d75635543f781,universe
0xa6cb81271418b9f41295fff54be05f6250c7cbf6,universe
0xa700b25805380f8e624b306eb1d6a1239de4b854,universe
0xa72dd12b9329e6efe095c030f361131604a79586,universe
0xa7938a22fee8e98e19e930df45cb588a178efb9c,universe
0xa8123bfb8301ebcd78c41d90e1ce9d3107ff1823,universe
0xa844d7ac9fa3424c4fd38a25baa23e460ec3e802,universe
0xa8616487ec2605c79c3ad3a3e6bcbe9d059bc774,universe
0xa864144d507da1f5a90aae0147b8cba6d93a21cb,universe
0xa875890465da20062bcf3b024bf7d54e69c725a8,universe
0xa87a233e8a7d8951ff790a2e39738086cb5f71b7,universe
0xa88bdbd7ec3cdb13fa2be3781f35ed710f8368e0,universe
0xa8b695817a4054dd278f04746585dea6487e775d,universe
0xa8cbf4200595efcd94b7526d04deafe0f284af2d,universe
0xa8dc22b6cc18fc27dc695bbc6e9a17603b9b095b,universe
0xa8ddadc22358beb212f6febac9738dcfee81ba16,universe
0xa92fb6ddcfa8c71d2cc9dc2c6e141dcd385397fc,universe
0xa930cdefd5c41bbb92081faa33afdd5b3ba0c999,universe
0xa99767ff6874018935af8924eeb3de3c7b578edc,universe
0xa99c9e5484e5b26635c07876d0859a1819ff40d5,universe
0xa99cc9224aee32d9bf1e25004223af390f5c5349,universe
0xa9a23441ca25e070be55963d75b20a60a5e399c1,universe
0xa9add5cf5aee9d209e2e5281cff9a66921945b97,universe
0xa9b95f2a2e7ef219021efc5c04c32761b8553bbd,universe
0xa9d90f0eb0993390bd02a2c50cee658ebd01b48e,universe
0xaa14067b55042b46b5d58bef087cf74afc07b574,universe
0xaa23550773de942c546b3f29e7df60d8a9d85820,universe
0xaa2a33c424b92cdc042e40c522cb48e586e83026,universe
0xaa3f51a8095d030e38317e917839c87315300bee,universe
0xaa53412d2249fe47c5d2790ab5728b3c564dd265,universe
0xaa60b395517172d254774a9691034e69b61a1f2d,universe
0xaa71480283eff46100ed1fe30c20a14e14a205c1,universe
0xaaa7ed8aa831a7796d6a03cd809794f530a9a748,universe
0xaaabec90c8c4c90abb0ecb0c31377e7dd2ad8052,universe
0xaac091f502a773498fb9336f41500fd13098245b,universe
0xaaccee70fa4a63aec2de35e1a7afd380b9fa2310,universe
0xab5e6f394951c28ab1873007e373202689cdbec3,universe
0xab961d7c42bbcd454a54b342bd191a8f090219e6,universe
0xaba203b35bd1c5e811ad2354663aa46422b0da8b,universe
0xabf65695db448124d2a00f1d2419e25112df26e7,universe
0xabfcbd33c33040639f0cf08d77925767df87fbc3,universe
0xac04753928961a06af540078410802cc443f5176,universe
0xac142fee46f8dacbfef23e1e41d79f1f7233487e,universe
0xac26cf5f3c46b5e102048c65b977d2551b72a9c7,universe
0xac38a7473c31a1989a999c0a5da9a4e0d57f2574,universe
0xac487c027ffe32021bbba77e30786f8c8f353201,universe
0xac5c66fbad98b49979cd1cbaa800ace76e947866,universe
0xac6da909f2132e680aa4998263da00f519c1946b,universe
0xac7bbfed474127e8683320421264d403fd2155f9,universe
0xac9d7c63f80895d7a1c74036387c05e1625db7c5,universe
0xacb66d1996501bcc82a0e7819c9e041599f5efbd,universe
0xacf38fc1301382b2d462bf4855abe80552923a7e,universe
0xacf5c9a3213f91182317ef74770ffb41f0c081f5,universe
0xad0adafdeb71498549ddb78f143f66e0e1105b1f,universe
0xad59ed47c226987cf458a63428ca10887773ba81,universe
0xad673dd5ec69c3a7ed68c09c39a9e6df88be371d,universe
0xad68fabb1bec8b08c8080ad165ae5bdec64136d6,universe
0xad7af7df721b9409db76fbf67305b2eca9a2bb63,universe
0xad7cc2d9123e00f94dfa0a5e19cb2e0a0b9737e4,universe
0xad8e1987833b692b59de004a25d0518af2ba94b6,universe
0xadabc828201be912b3ef3bde83f1e19703349fdb,universe
0xadef6b10893e9cf9a94cf054cf77ad1a8e46499c,universe
0xae551d73161bac3315c5ade0e2d499a44ebe2236,universe
0xae58db322be15464c1831b29540e42264cff2b23,universe
0xae67e0441a483deed7792d4572558608e5a99a49,universe
0xae92278e1a194220dfbe209f4794c7513ca7f580,universe
0xaea8e3bd369217cc6e3e6abddf0da318fba8e59b,universe
0xaeace0cf7ec951a708de14a335bea8c1e810d11d,universe
0xaeae3319f670f1f7aa18b42f9d5f3452f4ee69e6,universe
0xaec601c7312d63610c6ce0facfd3b1498fd4fe9f,universe
0xaf0583b5246b8769c0dbdd87669392efe7bac9a0,universe
0xaf0fdd39e5d92499b0ed9f68693da99c0ec1e92e,universe
0xaf2c1206b22629915ff7a0fc98d171a1ef398a3f,universe
0xaf2e2cede7263869d2e409a322b1dad397f0acef,universe
0xaf313f5d2d87a40b7b4675f74f29618b5a46928e,universe
0xaf360ffd72563a78277a5814e9c215885f8ba48a,universe
0xaf6f7a06f7bfb3bdf7bcd2c751564f4990d1efc7,universe
0xafb4b589bebf3d7982bd25ba591f9c60dc5072a5,universe
0xafd9cfc5d4a4af11cc472379f48315ae21e9acd7,universe
0xafe4b3fb69024f240dce32270dede23c85154a21,universe
0xb0026ca48937bd18c5941c05decab68b0fcced8a,universe
0xb07856ebcb6b37967eaf7c4b4e64dcce28c6de15,universe
0xb0a55f13d22f66e6d495ac98113841b2326e9540,universe
0xb0a9214592fb899aefab0b615f2b870276cee092,universe
0xb0bd7b8dfce5694db212a2f9308579ff5f1ba3aa,universe
0xb0fbfefc6c325964d0ffc3f909bdda80b8421326,universe
0xb1694de2324433778487999bd86b1acb3335ebc4,universe
0xb19e03768f72cb1b47fcd68f7fb99460b1e789b9,universe
0xb1c388870e9bd2b398cf1e56e3ffd0ec3f3d8351,universe
0xb1e0912b4a1872afe530a7f0be6bb6fb253d1018,universe
0xb245ed242d9f9a86e75cdb30892d9d922cd568ba,universe
0xb27bbaadcdfeab937069b4d966ee6bf5a32c999b,universe
0xb282f8129895eabb03891d430e2ad6167b281dac,universe
0xb30cadab02bc62fc4df652ae0ffaffa9596a0e1b,universe
0xb3162a3c788399d9ec236c67a5af083dd78c8022,universe
0xb3399eea8fbc2e01e4418f5fb3476df5d714945e,universe
0xb33b01c9821a99d3d4ec14b1c9a2197524b9af97,universe
0xb34c45bb4a0d93e7b1e2b3eb667e120c0d3c6454,universe
0xb362c372e0c58bccc5fb47d8f59a1cc00895e63d,universe
0xb371766bcdcd556ce6b6cf164be6019d01441042,universe
0xb37ee3b59281aa5218e990b4cf6f5d7ecb775ec5,universe
0xb3b60225e0b7806793bc9379209d93979f686b77,universe
0xb3b60a1fd4d8241bfd7b285c3560d75135350582,universe
0xb3e475368ed0fa0ad23c04de0423d48a0758806f,universe
0xb44c88d74b13d2edc8214a9aa3efb5475321c7f1,universe
0xb46bf797b3efd9ae28642bbcd6f7bb6f7b52538e,universe
0xb47c72be8a2968dec42d3b9d8c6f464224605bfd,universe
0xb48616b68d0a8c86482be79cdfdcddc023d06c3e,universe
0xb4eac34db4f9d1270d078495d367cb2e587cf6e8,universe
0xb5101614ad71468a041a83e64d8b834aa17a1ed6,universe
0xb552648f037b4c60ba9c237bb503735aed0db94e,universe
0xb56a8e43ac07b1b84d14657e0135e4fb196858a6,universe
0xb581d667c53fd8a50bf7ffd817be0e62daa16f4f,universe
0xb5c379b0d7b49485dde122d322a889d6d1f8edf5,universe
0xb5e7dee094dae809f2775caf07c4d4fde863eff1,universe
0xb6161198798dc08e3ba5bc2756820848fc51173b,universe
0xb632c6580173a16154f17cdafc6eb27e95cf73b7,universe
0xb6c049f4e85e64f5e25fc6436fa089613c6d2a18,universe
0xb7124430f4d51d93f038ac793faa46767403bc5c,universe
0xb729dbf1b0dce96ed77453e5f2c6b49525ae7929,universe
0xb798aef79972ce8f73d47b9ebbcda6bbb7ec4fbf,universe
0xb7dbd6012313c5f7d5fada7eb1213de2030970c4,universe
0xb7e0b9fbc9479330d70bcc82a7d4325a20e8d1aa,universe
0xb7e538ed289c0912b5502522b1e11116a2d2d2dc,universe
0xb7fb2b774eb5e2dad9c060fb367acbdc7fa7099b,universe
0xb81103c054e34f4da5ae2b5d26cf46439049f547,universe
0xb83de012dba672c76a7dbbbf3e459cb59d7d6e36,universe
0xb88f3bc2ad32d3d256e26347d1ad24332a18185d,universe
0xb89eabe76650c23c87d88007df2e187590bd74f9,universe
0xb8b26c60dc88bc010a424404cf393c83b4a4b906,universe
0xb90598c673fc368e1ec34fdeda2320b83fa1a6e5,universe
0xb91b6aa05e95c3aa71a8c077b2321f480f039c0e,universe
0xb947763b6e64b4441b02562a63fda94f6b805162,universe
0xb96cacfc32aadb1c50fe4006cad32dda5f1016b9,universe
0xb99b8711ec0117fc816fd7ac1f9d29e061ec631b,universe
0xba0898f80da916730912bb2c2a18b8d76bc8985c,universe
0xba22c240ccdd9d859574f3086cb9507631bd6b1c,universe
0xba2ba76ee03d093320b8dae2e9f5fe6d1764751f,universe
0xba67690d19571752e0f845acd48b3349131b723b,universe
0xbadbb1de95b5f333623ebece7026932fa5039ee6,universe
0xbb29e0d7124f61a4af2f133407b2135854592a80,universe
0xbb34960afec64f3f1cc78b0c9c342c4657021696,universe
0xbb76ac041a2d1e58395a684b4e3e013481ae7198,universe
0xbb7797df392cced85a782528a43782d1f8d65b18,universe
0xbb97757984fa4408c13bd3b4a9189f520bf317d3,universe
0xbba19064c75a5405a34c09f91472608c5ead58fb,universe
0xbbe9e1588a359337c3235de3b808da991cfc2efe,universe
0xbbf7d7a9d0eaeab4115f022a6863450296112422,universe
0xbbf7fbc7fa97a88c83c1b8a825692f84ef9d4b13,universe
0xbc1bc64be47052fbab69d12fe5da1c3327788d1b,universe
0xbc433ba7c34752448c5361e5ed3038628a1753b0,universe
0xbc5bf88fd012612ba92c5bd96e183955801b7fdc,universe
0xbc6d435e62e54273bf756fe6262dd66dbd6b0c02,universe
0xbc830346ca94089cb09169226f07d587b2eb6e2a,universe
0xbca9f41458f2c86a364e9da9df317ca2596167e0,universe
0xbcd420d13362532756c968f663f96ba95e240dd2,universe
0xbcef61fc312646b0e212c007a81d010b5a197931,universe
0xbcf6874e4924d81146059b69cd6753b700aeb432,universe
0xbd1597410d1f54a5de22615d21974c108eadf193,universe
0xbd1b3513bb0ce1529242cfb28926618809592362,universe
0xbd334a55db91617545e8d1b09941e036ad8e4200,universe
0xbd49d787655919f7ccf051d372a15e4363dd3d01,universe
0xbd5fead7180a9c139fa51a103cb6a2ce86ddb5c3,universe
0xbd78eb8cfda6c4fe09ad73edfbd3dd33a8b5cfd9,universe
0xbda495ebf6fc94d61f9a7f22b9877273378ed82b,universe
0xbdc771148feaaeb84de93084660a71cbf63069aa,universe
0xbdd243d77a59a3b38d21bf61e78a6ba4702f2bbc,universe
0xbde2ddc49a2e6827300faa6afc93d572114a60b1,universe
0xbe19541903f64af97bcf8436f4d15bf3a56b8bd1,universe
0xbe494a5e3a719a78a45a47ab453b7b0199b9d101,universe
0xbe4e91ae63090eeb4165dfcfc35db3a4eb76e75e,universe
0xbeaa070f687881f68e62aab7f3c2db793214f5f9,universe
0xbeccae9ffcb69e9d42a1d4e744abf8056149562d,universe
0xbf0fbaeecbe5cc6cc09c2ac9c0ceb83f69783df7,universe
0xbf494a8813a011b68891ff4964403019f1083e08,universe
0xbf4ef7c97309cd4b7ef113358dbaabb3f36a13f5,universe
0xbf55d2d31c193e475d9d52006359f1fe51ecb7ce,universe
0xbf6dd537825deeec24eb456e133c91b8d014ecc0,universe
0xbf755b1fe8a422f8dd4405ea48e450d4797b2fdb,universe
0xbf80faa2f26dac7934d15648f8ce7343facb9b55,universe
0xbfc79c444c41a74516bf31237ebf586a231480b4,universe
0xbff5dd0f6986542bf41b1ea21224c4ccabced92c,universe
0xc01edbb96640442257227f481e30f78eab45ff90,universe
0xc0321916a1d9d99de347e43bd4fcde55d9054f76,universe
0xc050572d6971c351b207ccc49785ac9314fabaa9,universe
0xc0f06a313e20b7ad93a65dcdf0f208998d1a4596,universe
0xc0f1a60e0ce0acd5588316aa2b01732b100df111,universe
0xc12f6e6f7a11604871786db86abf33fdf36fb0ad,universe
0xc1471df385b1b039aae2000678e0b8bd905b3aef,universe
0xc162762278a1d8fa55ee59a07a711f94a9949148,universe
0xc16b8ddcef47a74c9b76cd28e6834270090d72dd,universe
0xc179e03922afe8fa9533d3f896338b9fb87ce0c8,universe
0xc1b052a1d94a6f6c85c97fb1f467584ca6635c4c,universe
0xc1eebc44b05aeb61e835d19c8734af58d00d7113,universe
0xc1fa9ba531d7b3a7e48410331cf58e9312eafcc8,universe
0xc1fd39727cd10fe97ccac228888f025309560a93,universe
0xc20e940488f82d9e1857e8a35a27b8c086a195a1,universe
0xc26cbb6483229e0d0f9a1cab675271eda535b8f4,universe
0xc280a88680bac90db5a3fd20a0aa7437134a2a83,universe
0xc28e23e7d7d6cc0c9c6f08146c71e7d168cae45a,universe
0xc2e137ea6b79a7992dd54d44ee8223f2c7e13e22,universe
0xc2fdd2a949cea61ecf6d92125a52da20c6c1fe13,universe
0xc327d213545d49a1644cf3f154375034ac6e24e8,universe
0xc35bf47aca839e371eb70fc5d16a5b747ad4d8dd,universe
0xc36af149b64a41aab6c26ea6b71c37082d9e105b,universe
0xc3f43a41a396e5049d6f96c7d444fc6c315b738a,universe
0xc4643e390f49d1616b5108bf0eac309f7c0eb868,universe
0xc46e57114835d392ce1aef7b3c884d953bffc761,universe
0xc48b1ad3415e6cf85c4f733fe7fb3085bedf88b1,universe
0xc49ec554731a81f4bf4f3504cfb1dd3c484ccf74,universe
0xc4a6312a5d5af3c03d546fa287fa1f883b3db749,universe
0xc4af23ba0db32f3841ad876aa50435c178ca7109,universe
0xc4ca8f910702555f0ad3f81edf17dc82b0f98bce,universe
0xc52308f4327a24bb1214cc177507eb9ee0fc8d3a,universe
0xc525379156f48b43d6fdbf029114a233259d552e,universe
0xc53cc25df91ca5ba7d21211bd65b558f67341e42,universe
0xc59498175d6d317642aeb97f895a7ce1aa992191,universe
0xc5d8d0cf8ecb6b923f4d11f5d0f6f79e5c384131,universe
0xc5f033a47dde827133850ced50009c3802c989ba,universe
0xc613bd93c62e62bf3e583c36ae8c4118f1fb2456,universe
0xc646851ce5d79117d5086a5aaf5c81922f94efd9,universe
0xc64f4083fd552b62d11c5ec62655f3d00b13950f,universe
0xc6758a779bccee1ef0190dbe8292fdf44076795d,universe
0xc6877a65349b0fa45cc61a267ee682c7abf2b369,universe
0xc69ae428f6049e78d445f053d2c1df879c59b34c,universe
0xc6aa7b1f1dbe24ca2f12c193b60eb05230270e75,universe
0xc6dd9976066f3364b4d6a72cd4f1fa0468327aa7,universe
0xc6e7a7632505525268290eca08ee02a3100441c1,universe
0xc7041ae8ff2edc2547013b17ec021f8142594b37,universe
0xc7290b4b308431a985fa9e3e8a335c2f7650517c,universe
0xc7abcfeaf42bd7afae393863f5e7fc470a662bf8,universe
0xc7f94fb3b3ba614b9b2bf80697ab5a31917005a2,universe
0xc82152333ed7945bc4f48b350e039f94465b08fa,universe
0xc822d309fe533f62cb616fa3631bd5edf62344bb,universe
0xc8535dbcb9389171bcaf77e352cfe2b0ff40dc97,universe
0xc86242898f4b63883f05628d8cf2c326071797b8,universe
0xc8b527864ef2ad6dc49de7e99943a3a76ad48891,universe
0xc8c49a444442eabcc8391ae908b1a8bfc991a0ff,universe
0xc8cef1c4161874efeb0f11d9b4c8b7b8e77924b0,universe
0xc9186f29695cfe18b79e6a8ebf1be13905cac077,universe
0xc9257e15609fd24a2334b991756652fbd52f48b5,universe
0xc932e364a2c57ffe87153113bc4c53fa8338b1ba,universe
0xc94285029b3a5efaad09fe55e36320e6fbf82bf6,universe
0xc960268269bf656f3b97162638e1a94638cf382c,universe
0xc9ac2940e99c00d4c188c3b446b08c03502ee568,universe
0xc9b3ef98f2b260c2c4c48323e8863f4dfed3d5a7,universe
0xca35672f49b593dc919df216cd889913328a6f7a,universe
0xca4903c207a0df58bf37d4bc8bbc5210726f53c8,universe
0xca4aac200b14a5942790c121d2c30ea9a2bf9a15,universe
0xcac19662ec88d23fa1c81ac0e8570b0cf2ff26b3,universe
0xcac1f1c3e4599e044dc2a9d38a9b6ef1af1bdae8,universe
0xcafe9392d902f6f517b1573371923ebf7ffa7b3b,universe
0xcb15941180ed7cff8b3547117eca6b78cbdeaf9c,universe
0xcb1dac106d80ba31c71f4fd32b274108f493cd2b,universe
0xcb3ee3f1b22cdff8b6ca4839cd0784d34b85dea9,universe
0xcb5c89e9679fb5b09d1be72f3a9dd789d1e9f6c9,universe
0xcb7b6dd3b61c438746d998a4237d7c4cb4eb1efe,universe
0xcb8436264dd4b0d9912b65dbe2893e71de7752cd,universe
0xcbd72d8d71d94591a73321bc4fc7ab6bdcb73e24,universe
0xcbe114cc845cf58d3eada944335612e8df99fe7f,universe
0xcbec2fd28c44cc34f69ce9e98029595157f47096,universe
0xcc01cf3f840394610487fe2074d265add28d0d32,universe
0xcc0c740445ece706a625a07a0ab771b517dee969,universe
0xcc128e7895e1a9f4deb26e8c3cab94414e3a57bf,universe
0xcc38e76900d496f50b8bd1bfa9da576c16fd90b4,universe
0xcc78bc41d686b805bed0d156d5127d29bc1341a2,universe
0xcc89d2eb1f307e56f7c79a5f0a3384be6656bd41,universe
0xccaeb98ce9ca54f76bf0029cf9f12c894e253dd6,universe
0xccf7ed7a2f702c883cf496abf8506ddc055d3df6,universe
0xcd0673721a489b1cea0e2580fa304bcb6cca3186,universe
0xcd1c932a413868c3c84e73e195bf34c1ba4ffec5,universe
0xcd2123d3f00325fa83b2743ed85844f8d4bb9826,universe
0xcd3c5ba2d0b9ade52d4be0a1625762799894b414,universe
0xcd6cd380329759474d36c2fbc7b9a13177f38bd9,universe
0xcd812016b15e1937e281b7b7b1f1654e54cc0818,universe
0xcdb4b5f351974fd86106e2f2e02e09d17ea65476,universe
0xcdf68bda82c7f75bd7e1bd3991848b65fd2830b9,universe
0xce2d9000d60cb03f6008446b12d4bcb91e2756bb,universe
0xce5667f7194c4d9320acd28f1ee8b3d2adbdb27e,universe
0xce633250b667ef17bf3f8753250541f66662dabe,universe
0xcf218b31732a91c751fe484bc303525783a88a36,universe
0xcf5343ba750a6e30afbb1dadda08bc78f8c8ee11,universe
0xcf67e4da9e9cd38c0afd26338d0fbddb3036eb24,universe
0xcf75d37154240a64efd59849e1d5e9b29743de71,universe
0xcf90cfecf74e631feea816d02e757c0c8e895c0e,universe
0xcfda9610dd28e9ff74240a1d4136e87a77e6da82,universe
0xcfea17596c15e0f4fe3ba9cab1fcbe804bbbdbbf,universe
0xd01f0dff786f553f78dfd20803b49bdcc1c2f1d7,universe
0xd04dbcb19f3cdab90eb3b909ec4f3b7bce54644c,universe
0xd04f97191224cf0396b09acb80adb06b5823ecad,universe
0xd05808946809c180d190608e13f473db30aa8524,universe
0xd05d2e015b9ed6f17f2111cf1ac7ae229155816e,universe
0xd080b654474d679c03df4fd676aa818c1adfa608,universe
0xd08a4557671ca465e7bba41110a93148c90f9931,universe
0xd10e2b1b66001bd4086d61e43e836ab9c168fd9a,universe
0xd158ab29974537b266d37ef88ae71ff4334bab69,universe
0xd1692402c26392ccc8588631d7d5ca9aed4348e5,universe
0xd1b62563b6393b4e08288bb7cd73b59ffe99a807,universe
0xd1c2e3ebfb6912680be3a164b0dc4112b7eb3bf5,universe
0xd1c541bb9b29a86f115a81b262adb0381673a086,universe
0xd1dd6d99c5fb5d31ff52eacce5046c7158859e85,universe
0xd21d931890d27b6e7e2e668f27931e17698e90f1,universe
0xd24ee4ff6fe42d71a949d833d4aaa375ac7cc318,universe
0xd260b2216b735277da6771564a01c04856e78321,universe
0xd282232463d50d54ccbccf0edc5c7562ae47c1e7,universe
0xd2a5474f4812a2c8ab798f3d908ab69c9b74873e,universe
0xd2b2a8ab7a8c903501f4db4ee45c67522a4511ed,universe
0xd340a41a80cb0a742b9fcb06600c6172e64f0af7,universe
0xd34521cf9842e627ce643e2bf2ffb4a3e9e13fc8,universe
0xd42827002b76a8088ba2f7d4e4b45879eb1e363b,universe
0xd440715f2ce6f7ed1924f282e0096c863e7049f7,universe
0xd4543afe1aba393527df798a1eaae44b850bc267,universe
0xd47587702a91731dc1089b5db0932cf820151a91,universe
0xd487e26c62ed8c28ce3cc70b5791e501c2934982,universe
0xd507eeef2152d54b8c00cba499340f7b7a59c948,universe
0xd51b48fa7b9c4e408aa42eb7ad0b87ce73110d9e,universe
0xd52cdf1414351d2c37cfe60a62dde69256044ce0,universe
0xd576d1feee6bc976d849ac0918f79d9db7c97906,universe
0xd598a3ad5637687537d2eb2d69dba4c65a6d9646,universe
0xd5ea1a99ef5f582713d087c178c3b54894e8dffb,universe
0xd606825fadd40f72d6e0e3b7b6a7ae360d491acd,universe
0xd62d484bda5391d75b414e68f9ddcedb207b7d91,universe
0xd63fca366dbbdeeee76edb4e637c8f89c4605388,universe
0xd65ac35cd234c8718b876ab304fa56c8995e387f,universe
0xd67f9ed4f542cfa6b70d8a92b40070a2bc080a5e,universe
0xd6a12548f4a748aff98100e16c8b8940f0aaca0d,universe
0xd6e56265890b76413d1d527eb9b75e334c0c5b42,universe
0xd6ef5649200101eb44ce8949f4cfb167b0c5a07a,universe
0xd70c9e61ba506a8cf1c25b54d14b25abdc048fd4,universe
0xd72699df7b670ab92170a82b6373eca0c90d216b,universe
0xd730cd62cda9cfdc109be2d819b0337fafdca959,universe
0xd733e6e0ffa461902ff3c63556b31fd41233d525,universe
0xd76d22a967f380fae4a5121a143afb93aa81dfa8,universe
0xd7a678fcf72c1b602850ef2f3e2d668ec41fa0ed,universe
0xd7c82352118a8b68a3043266aebc66e148ed3755,universe
0xd82cb57a8d039760a2073a96aa1a8d9eded94068,universe
0xd831409a48d8b21d59245c12b1540a0820446203,universe
0xd8495b95a3a6a85f4e3baa003e8b7ed1ed85562d,universe
0xd8c5228c515db3043dfa0c8cd6f22450ee9a99b0,universe
0xd8cfca9c327bc8ee552aa0e63406628fa21f50bb,universe
0xd8d0358919a944d4efa98713795d49b030e43ef9,universe
0xd8efd7ef9839461c8feb551dd8a80b7e0a26e093,universe
0xd8f3afed9ca8350777471d9fad357ca6babc117b,universe
0xd91f2df982c453b23a37d16a2e5bd8964fda7ad6,universe
0xd9271f589a561f18dba9e9b544c3f314538ee204,universe
0xd9a1ed9aac149bf9bd655f9b9ddecf9bd04316b3,universe
0xd9aecd4df04f0e8bd6320fd3fcb92d9c06dadf94,universe
0xd9d870eea60fe5ee868b4f7c8227b422c8520f2f,universe
0xd9f7e56fb5e1824b6bc43d93dcd30586b990e95e,universe
0xd9fcc6565dc156424f2c00157fee615bb979c135,universe
0xda1d57bdedab38c16bf44549b03b4dd3ab15b2f0,universe
0xda51323fe9800c8365646ad5c7ade0dd17fdc167,universe
0xda744273f80b22412417f7cfe0503f3d721f987d,universe
0xdaf9ff5428ad5ad9d76d0b06b02db75e193a529a,universe
0xdb095d5a4f412fc6b14e6204c1db78bd14becbc1,universe
0xdb11df3c623e5da9377e92801f6207285dfb3edb,universe
0xdb3cff84cd8b61ccc84d43c440598531aa93979b,universe
0xdb4444b698259b1209571ea01aebce5541f7429c,universe
0xdb519022bdef87792b0ffa223eade6cab4fff57e,universe
0xdb6f5c58bb13d8aa101b0a5d1a70f737b5d1cd1c,universe
0xdb79fe310ea2972137d2a23658db0234902b517d,universe
0xdb8d44c29faa24078123888f171ec447b19d0b32,universe
0xdbbb9b4e361e1e1b6b4c640914ed4e4a11896df9,universe
0xdbcc96bcada067864902aad14e029fe7c422f147,universe
0xdc02b91b2265ccff2531b790a0f023d5bf7fb8be,universe
0xdc2d46fa68b9183e7b9620a4272849787daba5b0,universe
0xdc38f7ee386b7eea3842643e56b08ee5bb40f625,universe
0xdc4416e24a7193abdbf3ee17ec0db0a2d4307faf,universe
0xdc46e545910a8906285caf2d8659df87b09c7c97,universe
0xdc7be236c4b1ee77d16758451a198275ec9839b6,universe
0xdc931389c5ba42f4ef6202a2b678564e1d3c1350,universe
0xdca131ba8f428bd2f90ae962e4cb2d226312505e,universe
0xdca48e2b01f734fef27fcae98e5bfbd9f91043ff,universe
0xdcd0f3a9e286f15ec534bf85d82fca936265bf1f,universe
0xdd2fdb391b49f1de04fa8587bdb49190c14d3370,universe
0xdd46a7e5691a4796fb15380e694ba76b45d3210d,universe
0xdd7a372377fc633f74ab6e20963803d52f448830,universe
0xdd9f274410c8c704bdbb599dce6c4fb34be4f50a,universe
0xddce6ae3db95eb2a0259aeeab3f6932902354830,universe
0xdde01147aac2152dd0776bc3ed84cc96474df52d,universe
0xddf6bdcc1af2bee38a49c9c965eb4d7c6c9998d8,universe
0xde0e9b1a35322a809165d09f0490cca3fa7562e5,universe
0xde153923bf963f66c76059217f6dcb49a85155ba,universe
0xde236b0b3b367d5ad2a2c42b914bded79d03fe28,universe
0xde7639510e3e73d90e7f86d783134ed328f5b2e0,universe
0xde87db9becc56de225a24b9fcb135b21e5b09c1b,universe
0xde8d9e530b0528ffa7b1190f862536c055dd9524,universe
0xde9baa2baedf77c8d416b758a068a653c3653061,universe
0xdec8eb506264ab89f74487c818dba3fee4d8fe32,universe
0xdec960c1ded3634c16f5b6c239452fc591b205bb,universe
0xdf0c262cf36e5cad243dfc23046401c494e9775c,universe
0xdf6a4dba3ef113f030f95511e70721548dc7f3e2,universe
0xdf752bb2bd06fdbee1579cc0ffbf522dd1bff460,universe
0xdf954bbe619273a56e0cfa90dad8382195dc7d72,universe
0xdfe5195e7cc1a2eca9b0df09d4646472a8c4a402,universe
0xe00f0d90bc976c311a7f22cbb728d8629ccd5394,universe
0xe02e420ec55b4e03924d77c7b342c012541ba2d3,universe
0xe04470b4fa551ff237a31d33c2cb55ac276bf7e5,universe
0xe06142615991dee64ca813085779fadcc70431eb,universe
0xe06532a98a541b48f6330d2dd88e2b4b96010d6b,universe
0xe0698483810b7ac6ece05988efe06707fd8049f5,universe
0xe0868fe5abf400cbd4c6d7c26d8d859964aba5a6,universe
0xe091330c53b971ed4e886f902f18e8544a8d6705,universe
0xe09726ff25f5001f37b15049f54116cb83d7d0fe,universe
0xe0ec9615f08407aba978c5e3a1a2f5362346fcdf,universe
0xe113311f35a53b196c0ab3ed31ad0bf937cc5c07,universe
0xe118da349e870d2d29ee69dea0435687127a1576,universe
0xe17cf192fee50447687af1f689782d4abba8cbb1,universe
0xe187055ff406f8cdf59fbae53ec20d4ecd9b771d,universe
0xe18841048abece66a04643582adb1998ed09c7b8,universe
0xe19951a34ce9e425b4d94834791bc216ccaad287,universe
0xe1b4e4d6320c65748a1900cf0329cb7221959d8a,universe
0xe1c08667421e480e63edda9b37b8405aa51ed19b,universe
0xe1d4441c6f78accb73ff41ce24a9e9294d02daf1,universe
0xe20bf388a6206e58c14c7ee9c81dd3c7d6f7a4ac,universe
0xe24166173f1e956845a0660c8b26db334dced71a,universe
0xe25173b3558e8644d719f2cd3095dccbf5efeaba,universe
0xe27ba52311290de54e9c8b0b1735d428bf8e77e3,universe
0xe2823659be02e0f48a4660e4da008b5e1abfdf29,universe
0xe284eb30d3ca55c98cd7a9e80ba795a17ed1ca4a,universe
0xe2f86feccb1207710a442bc4e27a0701a290275a,universe
0xe31c865988c9c0401773d5ea04062179662afeea,universe
0xe31deacee1770dfa56f8849724bcb7f8e5f76ef2,universe
0xe334d63874a6ebe781594dcec0d090291ae5d0d6,universe
0xe365d31c181c55a8e18bff14a1594b8b28785971,universe
0xe3ea6e994993698a721f92491d1b0b4ce67ad5ff,universe
0xe3f1436e1937814256e3db7fa7d39bc554eee7ed,universe
0xe41aa443bad860e6b584060cc365b58dc34caf92,universe
0xe43b4fe3779328b044849bcf7043c46aa86ab5b0,universe
0xe4b78f12ee05fa325fe5340d52856206cc271e03,universe
0xe4d83945c0322f3d340203a7129b7eb5cacae847,universe
0xe506b89e12b573e4408a84eaa0a79697bb2800a1,universe
0xe5731d975d84c7222ebfd0ce8239f04ea3164e55,universe
0xe57352b4792d6cc1fa3baeb58a14bf32b6ed7485,universe
0xe57ed94d5f3c3e07ec8e221adaa37620b9faedc0,universe
0xe5aaacff3f4f94d5009da0503144027e75a96232,universe
0xe5e83c2347be43eb917715c7385ae2a2cf95453c,universe
0xe61b5382389ce9858e4297a32cd5cacf14e14d81,universe
0xe67472a74814e35dc978589df96676339779eb52,universe
0xe67dbf2d051106b42104c1a6631af5e5a458b682,universe
0xe71cbf47fff309813bcea54f3ecf49a5f129264d,universe
0xe71e9636e31b838af0a3c38b3f3449cdc2b7aa87,universe
0xe724acd020fbd65ddb42a0f05dcfb65489480320,universe
0xe72bbf79a59599b7a91b92b66ce2237af0d983db,universe
0xe744478d5071666eb6572dcf4d99609a511335f0,universe
0xe767b3177c141dee02c20df876a5d65ce0ed6572,universe
0xe779e7e592b16ddded41cf3f95965e00d16cb559,universe
0xe79d69fd1ed52dd14d7f55155259519ea20d0534,universe
0xe7af83354027311c07acf509653f3863096450c8,universe
0xe7e25d4f0f0076b08459e343529c446fef04f958,universe
0xe7e3cdba6cc8a60c31c09279e69a0bec6e392901,universe
0xe82bc65677e46b6626a8e779ac263221db039c2d,universe
0xe83054865a23ca7b74e4a13a5e7bbc2010291820,universe
0xe86351e0f69bd808def36e7bb2f9107443838bb8,universe
0xe8adbfeb2112b81f640df743b7919c3d68afc078,universe
0xe8d2fcb28ba154dbfb7346bafed968fde304eed7,universe
0xe8f7f10b9acc59b921abef3bb8dd32dbd794183e,universe
0xe8fad35e6f85b5c5e4875fff2f595735498c279e,universe
0xe928927c0a4086909a753a6a85a5f9296d9826e8,universe
0xe93a3afb65812c48eaf14b4b2599f79fc9c22c44,universe
0xe93af00e02bf889d8e3281cd71b088a4a4b2c8c7,universe
0xe98bc6b99a2eb1a108623af5843b922389e78cd5,universe
0xe9cef9fd872a03cedf9d3e6e90309782b3724ea6,universe
0xea0027b6ea9b6d7d401b5266979cc3b3ca87a918,universe
0xea4fc1ae43d644b35e6874c32c49516ccb21df32,universe
0xea6670ebdb4a388a8cfc16f6497bf4f267b061ee,universe
0xea6be4808a584fb1bcc0308403aacea3df94a67a,universe
0xeac842b2214cfece3f0d288293da19f408d91ede,universe
0xeafeb427766b867ce019333936285a5a9febd739,universe
0xeb0a741ed98174d52d78b3bbe8655de4ad7a9f31,universe
0xeb47e64c3d12add1a175517619ede29fbc4a9f1d,universe
0xeb7f0a03ac25675c21b419ec91f7aa2e743e40bd,universe
0xeb83d07a84ceb12ae6296fe10e880c05efb9cf7c,universe
0xebcda26432c1e2a46898d9920759438f86c8fcf4,universe
0xebd14e44a7364bcc21b0dc2abe024b6b54725b87,universe
0xebe126adabe1a8f08d3ce53b45e7cc994ca14070,universe
0xebe837cd345469cbc5d6e1fd3d15ee5079ac885f,universe
0xec1f2c8517ceb39c09f68e4c86cd64e3c9e323b5,universe
0xec30ae3bab4c5aa95a3151c1b6437412e876050e,universe
0xec5e5f0552a622ada56788a889641a3d5cf20c30,universe
0xec85bc052ec5b6d6cb2b40f5caa45e39b61a77fe,universe
0xec9045405a878d01cdb836f82a6dd2abd49a169c,universe
0xec92c2735a6a7b1a5ac490c269db2343e91e6d88,universe
0xecaf5d331a2d7ff7cb117c7ef6e2b3fe6811d0f0,universe
0xece8d27ae1dfb604979fb6934e947b287e02eb63,universe
0xed41a12ea862f31df054e9bd3af1dd59486c6029,universe
0xed60f60d243144360ecdfd7069efbbd9070825dd,universe
0xeda7dbbd44a0c5800dfa9cdd3fbb585cdba288f3,universe
0xee2871d4a2c30bdc5ea17da7c72d3cbeaaab78b7,universe
0xee9b897b21e1ae58f4fa79504dea5bb07bd2c51a,universe
0xeeaf4055e581dae6a4eaea0a66181ecb207787f1,universe
0xeebf7d5e981b66484227c162d9ef4e712877f6e0,universe
0xeee0d806e4f0a427277433d6b580619918770b53,universe
0xef557e8419136f79e35edf4c12c8a3046b2403ae,universe
0xef5fdcefdb38803a654ee9f3539bed8058443d99,universe
0xef91b28f5763b49812f39154d0db15a01ca1506a,universe
0xef9631109bf67926ca5026c280f80ee514049e73,universe
0xef96d013bdb1a5dfe553999f19b5091b9a299383,universe
0xef9f3133a565efb2966e86b1a34921fc0fd932fb,universe
0xefacc3909fa29463f44180a4c174359338c72c3a,universe
0xefe3e45503bd838fa08594906b0906d252701cfe,universe
0xefffa330cbae8d916ad1d33f0eeb16cfa711fa91,universe
0xf00bb08f7d1d04a9415408c939c02410fc6791b1,universe
0xf00eabc409c51cf884ec7861cb839524af6afe3d,universe
0xf039b8bc7b2c9589158413dd87cf5da6997b2971,universe
0xf05f3f7461bba0a2bbb88edf97d7f72bc35f961c,universe
0xf09c63a2b47d7b383ecc517a295727312384eaed,universe
0xf11707aa67be4de8258b4ec6483f892b62c8b0b1,universe
0xf1194a53042fecdcca813bbb36214fd8f3a83c40,universe
0xf1528afb9ad4d86d31dff7d4f4c121ee5a73adc1,universe
0xf191539a2c4ba0af951438bb6abfa0625c7df2ef,universe
0xf1e2783541c3edbe783c6b89e7cfd493c7894af5,universe
0xf1e50d3909be3ad3d1cd4878030228f4d3124fb3,universe
0xf2060700d2f18e5727205652a181fcf970e4a5ce,universe
0xf215c807672f168f6894bb2f5154000de11b4d85,universe
0xf21d494bb47339f399267c5519cbe11da0753b2d,universe
0xf25df1972b89d3cdb051cf8b2bf385b5dcb9aa21,universe
0xf26bb35e17a72ade7c393d925dc4143934d165ef,universe
0xf28e1b06e00e8774c612e31ab3ac35d5a720085f,universe
0xf2925cb0779a741fe33037cbd88fca5382e41244,universe
0xf299943c201aae7b840a228aaf3e3792ad73f4b5,universe
0xf29c6bc1147a841519b382459a6d7a373c6b9971,universe
0xf2fe51f77c1beb2e226db19eaaa2c2c2ce02ccfa,universe
0xf3362789cecf25c6a31288d172880d7ad9b81801,universe
0xf3d0e131bb5d8e043bbbc87b345ec4aa2b875f4b,universe
0xf3eb9dc9626800f5c2157a14adfaba2177e1f7b5,universe
0xf429570cb006576f045027d4109f4fd29f2d469a,universe
0xf42dfa59dc10639abb026532a09a7286b6642892,universe
0xf436d47f962e4acd96eb6d87677db91d5f40a204,universe
0xf47237079aeec748370d5ac827747f490e8f5d8b,universe
0xf48111d547f8de8f37fd68bc8b971a5a57019825,universe
0xf48dcff83423d15c2b17ccd626b90292d963e94b,universe
0xf4939e64793fc85b68ec4ddb1697b01db3977134,universe
0xf4bfb4a49a7ec689df9f213f533dd3e1ee828201,universe
0xf4fb122e41c2ff507b62b5bec3815c0da5155694,universe
0xf5079c84c34051d7c4cd87494fda534fe7ecdf6d,universe
0xf524d20408d9f426c74903924941efd1aae5e59d,universe
0xf53cab0c6f25f48f985d1e2c40e03fc7c1963364,universe
0xf55362d65bdcc28b99d63e610e5a9e819b784f07,universe
0xf5a523b171032c060d49c39fbf2e9bec473e1286,universe
0xf5dcd02b3407364888ba660a4470950db8d803e3,universe
0xf5f4c3aa62a0f903a8529905031b1536d1cf16f8,universe
0xf625aabf0c9f527697ff2d99b30dd794cfd76b93,universe
0xf629d790657e15ae9b51731932a5b63ff20b8b01,universe
0xf62edeee17968d4c55d1c74936d2110333342f30,universe
0xf68db16c1bb13f8456d2ad58327f269d9e58c7ff,universe
0xf694943940b429293ba725368e75b3f49ac1b592,universe
0xf6a7e8ddd0b5d6b8bc77457d8d3b9957011e515b,universe
0xf6bff435d5d49722cf49d621f6973a8789ecbb2b,universe
0xf6e0efd25be6f4302190ea44db596719aa400588,universe
0xf7013b5448964a7ab8ee2a1c47eae5fe96f59a4a,universe
0xf76b17ce8ff08f96ad7bb785d4ed898d5d5014ef,universe
0xf770f371cc66499a89ae56aa84f9506e083f99ea,universe
0xf79ff138ad12140c6d2d7ee8bae563addcc7ee09,universe
0xf8006a4b864025365c63ebaaaf926f27a3f14d70,universe
0xf822fa0fd364c573fcdb7009fcf47601bc8be01a,universe
0xf831a8c0788a44483df72f0d129f03cb0e01bbe2,universe
0xf83858e57d9f804f5ca1603bce82558119aeac7b,universe
0xf83ff544ed6f00fe7a74782aee3fd9ea54d96728,universe
0xf889692c619ff045b80b3841f43fab71278ed498,universe
0xf890f106fae3d9023c57f9da5911df097edd30eb,universe
0xf8992a1f4e302460bd49a1646ee315d810235212,universe
0xf899937184168b1d9dee75acbaa3fef0f52888db,universe
0xf8b5bde5f6aa989c01754931e077e1e5a915e2bb,universe
0xf8e190c49164d6aa2f4362bd429e2c400baf7c61,universe
0xf9077a163e94bfd5a7266b6dd3a39c030e0d89f3,universe
0xf929122994e177079c924631ba13fb280f5cd1f9,universe
0xf92ddf919186b80d8619a12e7f4379f678939b74,universe
0xf961e5e6c5276164adb2865b7e80cf82dc04e920,universe
0xf9705511f4d0ae48aa128f73518c776fbda27ba7,universe
0xf970f3cc94919eeab9078899cf4e0c808ae1dc06,universe
0xf975cda85639be3601902416799f25c970677710,universe
0xf97ad6704baec104d00b88e0c157e2b7b3a1ddd1,universe
0xf9935633c18b5b8045cb68405854ca3f3ac9e371,universe
0xf9d0de258931d88e370245ebf8b40119ec91912b,universe
0xf9d4f4892f9c9a4ddf939166c592efb9be365e91,universe
0xf9fc0730df0355da336708add93dc1962aadb1d0,universe
0xfab225ebc8b8de0a83ac5980478496872da23132,universe
0xfab35149ccbcd9044ef062270f55c8b3fb650e21,universe
0xfb184022457cdabaa2f39ccaa7bcb231a410a767,universe
0xfb187eeacb952079b99f1acf6d5e9a97d0c5892f,universe
0xfb2b387c95e1b1f25901cf3f72efdfcd9053082d,universe
0xfb51e66f1923b3a316bc81f2a435824c254d0fc6,universe
0xfb8c34145bdea190693325d0ab01e81120909b3f,universe
0xfb941d2344b72ea9101400392b818173772d0ddf,universe
0xfbc9638938262f15cc1b3a751a54d538559da361,universe
0xfbedaf4fde9844d10e4ea79f0c09a9c932e01716,universe
0xfc17ed4989cdf0fcc05fc414d7cddd42a8503b07,universe
0xfc37faf026597474691dca71ed9dcae1a6633b84,universe
0xfc3c962fad2c1cc77f1a0d46e7b8a2de79a21774,universe
0xfc46d4a74fdcb41c883a5177ea3df61f6016b56b,universe
0xfc667adba8d4837586078f4fdcdc29804337ca06,universe
0xfce053a5e461683454bf37ad66d20344c0e3f4c0,universe
0xfd423284f6a9c73a2a3d53cab8921d6533533d97,universe
0xfd97600ac44b3c4e20ac1a5f23e3b18d10fa5912,universe
0xfda34f10cd456c16fa9820ecc2c8f9fc98a2feb9,universe
0xfdba13d24cb423a393603d72ca80f31b251a3727,universe
0xfdbaa5eee7cdf45eec3a71a672065a67191fda7a,universe
0xfdf891f2b214a4c9374d26595ec6d4080262e381,universe
0xfe27862d021baf000849c01ce976ceeb5fcc8756,universe
0xfe40fa3decfc6dc555f4ad7736d0dd65ccbd4743,universe
0xfe4dec8543b0b9cec0c897a689f7af7bddb02192,universe
0xfe7ce058edc7cfcde9ef8262ba51f8d4796ab7ae,universe
0xfe981c4b51af76e7a5be1121dcb592e7467379ad,universe
0xfeab64de8cdf9dcebc0f49812499e396273efc06,universe
0xfeec88b13fc0be31695069f02bac18538a154e9c,universe
0xff2c1a69a7d54adc3b872fa2f6b3d2eb2421d031,universe
0xff35440e44c9dbee5067eb608b231ba97408d34b,universe
0xff401c4aef18b8141cf9711b67e9658c1be9520c,universe
0xff55be29943d7862f9f1b5dddd8c6f37fc833cb3,universe
0xff7c935b9835d700188a05333d6f7e1e06146a79,universe
0xffb4521d9921e931dfb1a1d955f2cd7b194a5679,universe
0xffe4e3986d18333402564ea64f3a83fcc1907b52,universe
