tijd,trader,munt,hoeveelheid,prijs,fee,winst,positie_na,zijn_prijs
1791130940041,0x2400…8aca,CASHCAT,1238.84986997,0.154651,0.0862,0.0,1238.84986997,0.15462
1791130940041,0x2400…8aca,CASHCAT,-470.82958022,0.154499,0.0327,-0.0715,768.02028975,0.15453
1791130940041,0x2400…8aca,CASHCAT,-87.88560921,0.154449,0.0061,-0.0177,680.13468054,0.15448
1791130940041,0x2400…8aca,CASHCAT,599.42309004,0.154661,0.0417,0.0,1279.55777058,0.15463
1791130940041,0x2400…8aca,CASHCAT,-150.86337938,0.154569,0.0105,-0.0131,1128.69439121,0.1546
1791130940041,0x2400…8aca,CASHCAT,238.12364666,0.154701,0.0166,0.0,1366.81803787,0.15467
1791130940041,0x2400…8aca,CASHCAT,710.98757253,0.154901,0.0496,0.0,2077.8056104,0.15487
1791130940041,0x2400…8aca,CASHCAT,-1193.81995254,0.154549,0.083,-0.2336,883.98565786,0.15458
1791130940041,0x2400…8aca,CASHCAT,1147.40295117,0.154831,0.0799,0.0,2031.38860903,0.1548
1791130940041,0x2400…8aca,CASHCAT,-911.93367165,0.154559,0.0634,-0.2137,1119.45493738,0.15459
1791130940041,0x2400…8aca,CASHCAT,1010.36012863,0.154911,0.0704,0.0,2129.81506601,0.15488
1791130940041,0x2400…8aca,CASHCAT,-1432.69840923,0.154459,0.0996,-0.5589,697.11665678,0.15449
1791130940041,0x2400…8aca,CASHCAT,972.29712989,0.154731,0.0677,0.0,1669.41378667,0.1547
1791130940041,0x2400…8aca,CASHCAT,198.29951895,0.154771,0.0138,0.0,1867.71330562,0.15474
1791130940041,0x2400…8aca,CASHCAT,-1139.83377839,0.154479,0.0792,-0.3422,727.87952723,0.15451
1791130940041,0x2400…8aca,CASHCAT,1045.56073869,0.154771,0.0728,0.0,1773.44026592,0.15474
1791130940041,0x2400…8aca,CASHCAT,279.3832677,0.154891,0.0195,0.0,2052.82353362,0.15486
1791130940041,0x2400…8aca,CASHCAT,-590.61639363,0.154649,0.0411,-0.0834,1462.20713999,0.15468
1791130940041,0x2400…8aca,CASHCAT,484.24051414,0.154801,0.0337,0.0,1946.44765413,0.15477
1791130940041,0x2400…8aca,CASHCAT,-1066.84361808,0.154519,0.0742,-0.2921,879.60403605,0.15455
1791130940041,0x2400…8aca,CASHCAT,749.1306891,0.154721,0.0522,0.0,1628.73472515,0.15469
1791130940041,0x2400…8aca,CASHCAT,-965.72105978,0.154439,0.0671,-0.3097,663.01366537,0.15447
1791130940041,0x2400…8aca,CASHCAT,683.25164088,0.154701,0.0476,0.0,1346.26530625,0.15467
1791130940041,0x2400…8aca,CASHCAT,-124.89057769,0.154579,0.0087,-0.0188,1221.37472856,0.15461
1791130940041,0x2400…8aca,CASHCAT,109.92904327,0.154671,0.0077,0.0,1331.30377183,0.15464
1791130940041,0x2400…8aca,CASHCAT,597.89189048,0.154781,0.0416,0.0,1929.19566231,0.15475
1791130940041,0x2400…8aca,CASHCAT,-1581.69038077,0.154429,0.1099,-0.4955,347.50528153,0.15446
1791130940041,0x2400…8aca,CASHCAT,1386.71347109,0.154761,0.0966,0.0,1734.21875262,0.15473
1791131916727,0xf208…dba9,XMR,0.55160666,547.439466,0.1359,0.0,0.55160666,547.33
1791131916727,0xf208…dba9,XMR,0.32914956,547.519482,0.0811,0.0,0.88075622,547.41
1791131916727,0xf208…dba9,XMR,2.35231288,547.639506,0.5797,0.0,3.2330691,547.53
1791131916727,0xf208…dba9,XMR,0.2086829,547.649508,0.0514,0.0,3.441752,547.54
1791131916727,0xf208…dba9,XMR,-1.14799248,547.410496,0.2828,-0.2136,2.29375952,547.52
1791131916727,0xf208…dba9,XMR,-0.99286513,547.370504,0.2446,-0.2245,1.30089439,547.48
1791131916727,0xf208…dba9,XMR,-0.58991262,547.24053,0.1453,-0.21,0.71098176,547.35
1791131916727,0xf208…dba9,XMR,0.33016736,547.519482,0.0813,0.0,1.04114912,547.41
1791131916727,0xf208…dba9,XMR,-0.71473692,547.220534,0.176,-0.2513,0.3264122,547.33
1791131916727,0xf208…dba9,XMR,2.58098007,547.629504,0.636,0.0,2.90739227,547.52
1791131916727,0xf208…dba9,XMR,-2.74074886,547.220534,0.6749,-1.1032,0.16664342,547.33
1791131916727,0xf208…dba9,XMR,4.06538422,547.649508,1.0019,0.0,4.23202764,547.54
1791131916727,0xf208…dba9,XMR,-2.72336476,547.380502,0.6708,-0.7298,1.50866287,547.49
1791131916727,0xf208…dba9,XMR,0.55687844,547.6095,0.1372,0.0,2.06554131,547.5
1791131917396,0xf208…dba9,XMR,3.17973197,547.649508,0.7836,0.0,5.24527328,547.54
1791131917396,0xf208…dba9,XMR,-0.17027804,547.430492,0.0419,-0.0365,5.07499524,547.54
1791131917396,0xf208…dba9,XMR,-0.39244731,547.430492,0.0967,-0.0842,4.68254793,547.54
1791131933012,0xf208…dba9,XMR,0.52655424,547.649508,0.1298,0.0,5.20910217,547.54
1791131969035,0xf208…dba9,XMR,5.39990719,547.649508,1.3308,0.0,10.60900936,547.54
1791142553027,0xf208…dba9,XMR,-3.10749381,546.600658,0.7644,-3.2531,7.50151556,546.71
1791142576286,0xf208…dba9,XMR,1.46562877,546.819342,0.3606,0.0,8.96714432,546.71
1791142576286,0xf208…dba9,XMR,-0.04623509,546.600658,0.0114,-0.0421,8.92090924,546.71
1791146225565,0x4709…24ca,HYPE,6.59408605,90.594115,0.2688,0.0,6.59408605,90.576
1791146235594,0x79dc…c0b8,HYPE,0.27456211,90.591115,0.0112,0.0,0.27456211,90.573
1791158558764,0x562a…67b1,xyz:BOT,-9.98207301,29.685062,0.1333,0.0,-9.98207301,29.691
1791159164346,0x562a…67b1,xyz:BOT,0.7997274,29.566912,0.0106,0.0945,-9.18234561,29.561
1791159164346,0x562a…67b1,xyz:BOT,-0.3426493,29.555088,0.0046,0.0,-9.52499491,29.561
1791159164346,0x562a…67b1,xyz:BOT,0.68379886,29.566912,0.0091,0.0776,-8.84119605,29.561
1791159164346,0x562a…67b1,xyz:BOT,-0.57044085,29.555088,0.0076,0.0,-9.4116369,29.561
1791159164346,0x562a…67b1,xyz:BOT,-0.45579333,29.555088,0.0061,0.0,-9.86743023,29.561
1791159164346,0x562a…67b1,xyz:BOT,0.79781826,29.566912,0.0106,0.0801,-9.06961197,29.561
1791159173012,0x562a…67b1,xyz:BOT,9.06961197,29.582915,0.1207,0.7658,0.0,29.577
1791155256784,0x1d1a…b568,ENA,224.77141417,0.241978,0.0245,0.0,224.77141417,0.24193
1791155256784,0x1d1a…b568,ENA,225.02052102,0.241998,0.0245,0.0,449.79193518,0.24195
1791155256784,0x1d1a…b568,ENA,52.29153619,0.242008,0.0057,0.0,502.08347137,0.24196
1791155256784,0x1d1a…b568,ENA,349.97115931,0.242038,0.0381,0.0,852.05463068,0.24199
1791155256784,0x1d1a…b568,ENA,-456.99550031,0.241902,0.0497,-0.0496,395.05913037,0.24195
1791155263059,0x1d1a…b568,RUNE,-62.40494289,0.796821,0.0224,0.0,-62.40494289,0.79698
1791155263059,0x1d1a…b568,RUNE,-56.95832179,0.796111,0.0204,0.0,-119.36326467,0.79627
1791155263059,0x1d1a…b568,RUNE,14.29725511,0.796709,0.0051,-0.0033,-105.06600956,0.79655
1791155263059,0x1d1a…b568,RUNE,19.09181668,0.796759,0.0068,-0.0053,-85.97419288,0.7966
1791155263059,0x1d1a…b568,RUNE,-31.73736726,0.796341,0.0114,0.0,-117.71156014,0.7965
1791155263059,0x1d1a…b568,RUNE,43.3135941,0.796929,0.0155,-0.021,-74.39796603,0.79677
1791155263059,0x1d1a…b568,RUNE,-43.62776905,0.796281,0.0156,0.0,-118.02573508,0.79644
1791155263059,0x1d1a…b568,RUNE,74.06288665,0.797139,0.0266,-0.056,-43.96284843,0.79698
1791155263059,0x1d1a…b568,RUNE,-50.09430929,0.796431,0.018,0.0,-94.05715772,0.79659
1791155263059,0x1d1a…b568,RUNE,18.68501033,0.796819,0.0067,-0.0077,-75.3721474,0.79666
1791155263059,0x1d1a…b568,RUNE,-43.64361976,0.796131,0.0156,0.0,-119.01576715,0.79629
1791155263059,0x1d1a…b568,RUNE,93.79053539,0.797199,0.0336,-0.0837,-25.22523176,0.79704
1791155263059,0x1d1a…b568,RUNE,-94.71414448,0.796001,0.0339,0.0,-119.93937625,0.79616
1791155263059,0x1d1a…b568,RUNE,29.78819066,0.796749,0.0107,-0.0204,-90.15118558,0.79659
1791155263059,0x1d1a…b568,RUNE,64.60402917,0.797139,0.0232,-0.0694,-25.54715641,0.79698
1791153890737,0x2400…8aca,STRK,4251.08724024,0.058592,0.1121,0.0,4251.08724024,0.05858
1791153890737,0x2400…8aca,STRK,-785.26759287,0.058538,0.0207,-0.042,3465.81964738,0.05855
1791153890737,0x2400…8aca,STRK,-2577.7099274,0.058508,0.0679,-0.215,888.10971998,0.05852
1791153890737,0x2400…8aca,STRK,-483.87316531,0.058488,0.0127,-0.05,404.23655467,0.0585
1791153890737,0x2400…8aca,STRK,1519.71304315,0.058542,0.04,0.0,1923.94959782,0.05853
1791153890737,0x2400…8aca,STRK,2333.47842566,0.058592,0.0615,0.0,4257.42802348,0.05858
1791153890737,0x2400…8aca,STRK,1683.46404538,0.058592,0.0444,0.0,5940.89206886,0.05858
1791153890737,0x2400…8aca,STRK,-5778.71029401,0.058488,0.1521,-0.5237,162.18177485,0.0585
1791153890737,0x2400…8aca,STRK,483.44870841,0.058522,0.0127,0.0,645.63048325,0.05851
1791153890737,0x2400…8aca,STRK,1097.82447527,0.058532,0.0289,0.0,1743.45495852,0.05852
1791153890737,0x2400…8aca,STRK,2322.68368687,0.058582,0.0612,0.0,4066.13864539,0.05857
1791154022447,0x2400…8aca,ADA,661.486153,0.264963,0.0789,0.0,661.486153,0.26491
1791154022447,0x2400…8aca,ADA,-343.18902655,0.264837,0.0409,-0.0432,318.29712645,0.26489
1791154377029,0x2400…8aca,ADA,1001.00328796,0.261822,0.1179,0.0,1319.30041441,0.26177
1791154377029,0x2400…8aca,ADA,-110.43418132,0.261688,0.013,-0.0986,1208.86623309,0.26174
1791154377029,0x2400…8aca,ADA,-262.57461048,0.261688,0.0309,-0.2343,946.29162261,0.26174
1791155137787,0x2400…8aca,ADA,-700.61580154,0.262268,0.0827,-0.219,245.67582107,0.26232
1791155137787,0x2400…8aca,ADA,687.72955125,0.262412,0.0812,0.0,933.40537231,0.26236
1791155137787,0x2400…8aca,ADA,-353.47237976,0.262278,0.0417,-0.0633,579.93299255,0.26233
1791155137787,0x2400…8aca,ADA,51.3532601,0.262402,0.0061,0.0,631.28625265,0.26235
1791155137787,0x2400…8aca,ADA,358.31799834,0.262422,0.0423,0.0,989.604251,0.26237
1791155137787,0x2400…8aca,ADA,-989.604251,0.262268,0.1168,-0.1721,0.0,0.26232
1791155544807,0x2400…8aca,STRK,259.3935038,0.058422,0.0068,0.0,4325.53214919,0.05841
1791155544807,0x2400…8aca,STRK,-172.41911151,0.058398,0.0045,-0.0266,4153.11303767,0.05841
1791155544807,0x2400…8aca,STRK,758.35729405,0.058432,0.0199,0.0,4911.47033173,0.05842
1791155544807,0x2400…8aca,STRK,236.40331211,0.058442,0.0062,0.0,5147.87364384,0.05843
1791155544807,0x2400…8aca,STRK,-707.01871839,0.058398,0.0186,-0.0929,4440.85492545,0.05841
1791155544807,0x2400…8aca,STRK,235.79406893,0.058432,0.0062,0.0,4676.64899438,0.05842
1791155544807,0x2400…8aca,STRK,-4676.64899438,0.058378,0.1229,-0.6848,0.0,0.05839
1791155544807,0x2400…8aca,STRK,3950.93407179,0.058412,0.1039,0.0,3950.93407179,0.0584
1791155544807,0x2400…8aca,STRK,-1321.51177428,0.058388,0.0347,-0.0309,2629.42229751,0.0584
1791155544807,0x2400…8aca,STRK,-1238.51160252,0.058378,0.0325,-0.0413,1390.91069499,0.05839
1791155544807,0x2400…8aca,STRK,2584.03226742,0.058422,0.0679,0.0,3974.9429624,0.05841
1791155544807,0x2400…8aca,STRK,818.6662078,0.058432,0.0215,0.0,4793.6091702,0.05842
1791155544807,0x2400…8aca,STRK,517.39331383,0.058442,0.0136,0.0,5311.00248404,0.05843
1791155544807,0x2400…8aca,STRK,-2279.89966628,0.058388,0.0599,-0.078,3031.10281775,0.0584
1791155544807,0x2400…8aca,STRK,2514.14794978,0.058442,0.0661,0.0,5545.25076753,0.05843
1791158494725,0x2400…8aca,xyz:CBRS,1.41208015,179.08581,0.1138,0.0,1.41208015,179.05
1791158494725,0x2400…8aca,xyz:CBRS,-0.36767642,178.994194,0.0296,-0.0337,1.04440373,179.03
1791158494725,0x2400…8aca,xyz:CBRS,0.47406748,179.125818,0.0382,0.0,1.51847121,179.09
1791158494725,0x2400…8aca,xyz:CBRS,-1.15130374,178.944204,0.0927,-0.1774,0.36716747,178.98
1791158494725,0x2400…8aca,xyz:CBRS,1.35938978,179.13582,0.1096,0.0,1.72655725,179.1
1791158534185,0x2400…8aca,xyz:CBRS,0.17557715,178.015596,0.0141,0.0,1.90213441,177.98
1791158534185,0x2400…8aca,xyz:CBRS,0.33481858,178.015596,0.0268,0.0,2.23695298,177.98
1791158534277,0x2400…8aca,xyz:CBRS,1.20967243,178.015596,0.0969,0.0,3.44662541,177.98
1791158534277,0x2400…8aca,xyz:CBRS,-0.20555554,177.944404,0.0165,-0.1292,3.24106987,177.98
1791158534277,0x2400…8aca,xyz:CBRS,-0.66997894,177.944404,0.0536,-0.421,2.57109093,177.98
1791158534277,0x2400…8aca,xyz:CBRS,0.33337247,178.015596,0.0267,0.0,2.9044634,177.98
1791158591617,0x2400…8aca,xyz:CBRS,2.86939447,176.855364,0.2284,0.0,5.77385787,176.82
1791158591617,0x2400…8aca,xyz:CBRS,1.14139537,176.915376,0.0909,0.0,6.91525324,176.88
1791158591617,0x2400…8aca,xyz:CBRS,-1.86732794,176.684656,0.1485,-1.6341,5.0479253,176.72
1791158591617,0x2400…8aca,xyz:CBRS,1.48124463,176.905374,0.1179,0.0,6.52916992,176.87
1791158591617,0x2400…8aca,xyz:CBRS,-2.4467653,176.494694,0.1943,-2.2427,4.08240463,176.53
1791158591617,0x2400…8aca,xyz:CBRS,0.21926291,176.68533,0.0174,0.0,4.30166753,176.65
1791158591617,0x2400…8aca,xyz:CBRS,1.02753733,176.78535,0.0817,0.0,5.32920486,176.75
1791158591617,0x2400…8aca,xyz:CBRS,1.53009936,176.915376,0.1218,0.0,6.85930422,176.88
1791158591617,0x2400…8aca,xyz:CBRS,-1.48049685,176.724648,0.1177,-0.6796,5.37880736,176.76
1791158591617,0x2400…8aca,xyz:CBRS,0.85341584,176.88537,0.0679,0.0,6.2322232,176.85
1791158591617,0x2400…8aca,xyz:CBRS,-0.6843555,176.774638,0.0544,-0.252,5.54786771,176.81
1791158591617,0x2400…8aca,xyz:CBRS,0.74736971,176.88537,0.0595,0.0,6.29523742,176.85
1791158591617,0x2400…8aca,xyz:CBRS,-0.07218189,176.784636,0.0057,-0.0236,6.22305553,176.82
1791158591617,0x2400…8aca,xyz:CBRS,-1.93424534,176.594674,0.1537,-1.0012,4.2888102,176.63
1791158591617,0x2400…8aca,xyz:CBRS,2.17170408,176.895372,0.1729,0.0,6.46051428,176.86
1791158591617,0x2400…8aca,xyz:CBRS,-2.36467617,176.504692,0.1878,-1.2643,4.09583811,176.54
1791158591617,0x2400…8aca,xyz:CBRS,0.164739,176.645322,0.0131,0.0,4.26057711,176.61
1791158591617,0x2400…8aca,xyz:CBRS,1.03937114,176.775348,0.0827,0.0,5.29994825,176.74
1791158591617,0x2400…8aca,xyz:CBRS,-1.65873738,176.284736,0.1316,-1.1455,3.64121086,176.32
1791158591617,0x2400…8aca,xyz:CBRS,0.98868651,176.705334,0.0786,0.0,4.62989738,176.67
1791158591617,0x2400…8aca,xyz:CBRS,-0.88459864,176.474698,0.0702,-0.3919,3.74529873,176.51
1791158591617,0x2400…8aca,xyz:CBRS,0.70249194,176.695332,0.0559,0.0,4.44779067,176.66
1791158591617,0x2400…8aca,xyz:CBRS,0.37383764,176.755344,0.0297,0.0,4.82162832,176.72
1791158591617,0x2400…8aca,xyz:CBRS,-0.88632823,176.484696,0.0704,-0.3439,3.93530009,176.52
1791158591617,0x2400…8aca,xyz:CBRS,1.1790236,176.765346,0.0938,0.0,5.11432369,176.73
1791158740167,0x2400…8aca,xyz:CBRS,-5.11432369,176.954602,0.4073,0.5455,0.0,176.99
1791158740167,0x2400…8aca,xyz:CBRS,0.1652116,177.055404,0.0132,0.0,0.1652116,177.02
1791157116121,0xf208…dba9,XMR,-0.9250703,548.080362,0.2282,0.5256,7.99583894,548.19
1791157289118,0xf208…dba9,XMR,1.16414596,548.299638,0.2872,0.0,9.1599849,548.19
1791157289118,0xf208…dba9,XMR,-0.8109231,548.080362,0.2,0.3796,8.34906179,548.19
1791157289118,0xf208…dba9,XMR,0.46363086,548.299638,0.1144,0.0,8.81269265,548.19
1791157289118,0xf208…dba9,XMR,-0.70644704,548.080362,0.1742,0.3052,8.10624561,548.19
1791157289118,0xf208…dba9,XMR,0.85675768,548.299638,0.2114,0.0,8.9630033,548.19
1791157289118,0xf208…dba9,XMR,-0.34154568,548.080362,0.0842,0.1263,8.62145762,548.19
1791157289118,0xf208…dba9,XMR,0.42676556,548.299638,0.1053,0.0,9.04822318,548.19
1791151366196,0x4709…24ca,SOL,1.86823781,121.954386,0.1025,0.0,1.86823781,121.93
1791151630526,0x4709…24ca,HYPE,-6.59408605,91.010794,0.2701,2.7476,0.0,91.029
1791151655280,0x4709…24ca,HYPE,21.31607793,91.000196,0.8729,0.0,21.31607793,90.982
1791153024438,0x4709…24ca,HYPE,20.82050641,90.636124,0.8492,0.0,42.13658435,90.618
1791157132121,0x4709…24ca,SOL,0.94315859,121.464288,0.0516,0.0,2.81139641,121.44
1791162348683,0x4709…24ca,HYPE,12.67044436,90.017,0.5132,0.0,54.80702871,89.999
1791166286106,0x4709…24ca,HYPE,-54.80702871,90.812834,2.2397,9.7689,0.0,90.831
1791166316174,0x4709…24ca,HYPE,17.4391727,90.893175,0.7133,0.0,17.4391727,90.875
1791170528267,0x4709…24ca,HYPE,18.6555786,90.529102,0.76,0.0,36.0947513,90.511
1791170592431,0x4709…24ca,SOL,4.69448152,120.634122,0.2548,0.0,7.50587792,120.61
1791179478547,0x4709…24ca,HYPE,-36.0947513,91.127771,1.4802,15.2597,0.0,91.146
1791179507103,0x4709…24ca,HYPE,15.01306089,91.22024,0.6163,0.0,15.01306089,91.202
1791152098065,0x79dc…c0b8,HYPE,-0.27456211,91.075781,0.0113,0.1331,0.0,91.094
1791152125629,0x79dc…c0b8,HYPE,0.27456239,91.205237,0.0113,0.0,0.27456239,91.187
1791152881161,0x79dc…c0b8,HYPE,0.27459209,90.840164,0.0112,0.0,0.54915448,90.822
1791160661543,0x79dc…c0b8,HYPE,0.60922977,90.22004,0.0247,0.0,1.15838425,90.202
1791166366717,0x79dc…c0b8,HYPE,-1.15838425,91.013794,0.0474,0.4787,0.0,91.032
1791166386387,0x79dc…c0b8,HYPE,0.27473166,91.109218,0.0113,0.0,0.27473166,91.091
1791167467481,0x79dc…c0b8,HYPE,0.11943654,90.745145,0.0049,0.0,0.3941682,90.727
1791167469158,0x79dc…c0b8,HYPE,0.15531573,90.745145,0.0063,0.0,0.54948393,90.727
1791174141842,0x79dc…c0b8,HYPE,0.61267049,90.125021,0.0248,0.0,1.16215442,90.107
1791175523397,0x79dc…c0b8,HYPE,-1.16215442,90.960804,0.0476,0.5305,0.0,90.979
1791175546854,0x79dc…c0b8,HYPE,0.27462379,90.985193,0.0112,0.0,0.27462379,90.967
1791176623644,0x79dc…c0b8,HYPE,0.2745851,90.621121,0.0112,0.0,0.5492089,90.603
1791180058462,0x79dc…c0b8,HYPE,-0.5492089,91.339728,0.0226,0.2947,0.0,91.358
1791180076786,0x79dc…c0b8,HYPE,0.27450626,91.534303,0.0113,0.0,0.27450626,91.516
1791155108240,0xe9c3…a419,HYPE,0.21672556,90.437084,0.0088,0.0,0.21672556,90.419
1791166506718,0xe9c3…a419,HYPE,-0.21672556,90.941808,0.0089,0.1094,0.0,90.96
1791178935089,0x2bfa…6eb2,PURR,-656.32787686,0.165227,0.0488,0.0,-656.32787686,0.16526
1791178938143,0x2bfa…6eb2,PURR,72.99898038,0.165123,0.0054,0.0076,-583.32889648,0.16509
1791178938143,0x2bfa…6eb2,PURR,132.84888741,0.165123,0.0099,0.0138,-450.48000907,0.16509
1791178938143,0x2bfa…6eb2,PURR,-176.8138469,0.165057,0.0131,0.0,-627.29385597,0.16509
1791178938247,0x2bfa…6eb2,PURR,232.5234318,0.165123,0.0173,0.013,-394.77042417,0.16509
1791178938346,0x2bfa…6eb2,PURR,205.4215455,0.165123,0.0153,0.0115,-189.34887867,0.16509
1791178938549,0x2bfa…6eb2,PURR,146.74698272,0.165123,0.0109,0.0082,-42.60189595,0.16509
1791178938549,0x2bfa…6eb2,PURR,-90.93207809,0.165057,0.0068,0.0,-133.53397403,0.16509
1791178938617,0x2bfa…6eb2,PURR,133.53397403,0.165123,0.0099,-0.0036,0.0,0.16509
