L,N,H,T,kandidaten,top_pct,alle_pct,top_gestopt,top_zonder_trades,btc_pct
28,10,14,2025-10-20,34716,,,0,0,1.78
28,10,14,2025-11-03,34716,,,0,0,-14.69
28,10,14,2025-11-17,34716,,,0,0,-4.21
28,10,14,2025-12-01,34716,,,0,0,-2.43
28,10,14,2025-12-15,34716,,,0,0,-0.23
28,10,14,2025-12-29,34716,,,0,0,3.49
28,10,14,2026-01-12,34716,,,0,0,-4.79
28,10,14,2026-01-26,34716,,,0,0,-18.87
28,10,14,2026-02-09,34716,,,0,0,-3.82
28,10,14,2026-02-23,34716,,,0,0,-2.47
28,10,14,2026-03-09,34716,,,0,0,2.88
28,10,14,2026-03-23,34716,,,0,0,1.71
28,10,14,2026-04-06,34716,,,0,0,6.89
28,10,14,2026-04-20,34716,,,0,0,6.5
28,10,14,2026-05-04,34716,,,0,0,-1.4
28,10,14,2026-05-18,34716,,,0,0,-4.87
28,10,14,2026-06-01,34716,,,0,0,-10.78
28,10,14,2026-06-15,34716,,,0,0,-9.39
28,10,14,2026-06-29,34716,,,0,0,7.11
28,10,14,2026-07-13,34716,,,0,0,2.5
28,10,28,2025-10-20,34716,,,0,0,-13.17
28,10,28,2025-11-17,34716,,,0,0,-6.54
28,10,28,2025-12-15,34716,,,0,0,3.26
28,10,28,2026-01-12,34716,,,0,0,-22.76
28,10,28,2026-02-09,34716,,,0,0,-6.2
28,10,28,2026-03-09,34716,,,0,0,4.64
28,10,28,2026-04-06,34716,,,0,0,13.83
28,10,28,2026-05-04,34716,,,0,0,-6.21
28,10,28,2026-06-01,34716,,,0,0,-19.15
28,10,28,2026-06-29,34716,,,0,0,9.78
28,20,14,2025-10-20,34716,,,0,0,1.78
28,20,14,2025-11-03,34716,,,0,0,-14.69
28,20,14,2025-11-17,34716,,,0,0,-4.21
28,20,14,2025-12-01,34716,,,0,0,-2.43
28,20,14,2025-12-15,34716,,,0,0,-0.23
28,20,14,2025-12-29,34716,,,0,0,3.49
28,20,14,2026-01-12,34716,,,0,0,-4.79
28,20,14,2026-01-26,34716,,,0,0,-18.87
28,20,14,2026-02-09,34716,,,0,0,-3.82
28,20,14,2026-02-23,34716,,,0,0,-2.47
28,20,14,2026-03-09,34716,,,0,0,2.88
28,20,14,2026-03-23,34716,,,0,0,1.71
28,20,14,2026-04-06,34716,,,0,0,6.89
28,20,14,2026-04-20,34716,,,0,0,6.5
28,20,14,2026-05-04,34716,,,0,0,-1.4
28,20,14,2026-05-18,34716,,,0,0,-4.87
28,20,14,2026-06-01,34716,,,0,0,-10.78
28,20,14,2026-06-15,34716,,,0,0,-9.39
28,20,14,2026-06-29,34716,,,0,0,7.11
28,20,14,2026-07-13,34716,,,0,0,2.5
28,20,28,2025-10-20,34716,,,0,0,-13.17
28,20,28,2025-11-17,34716,,,0,0,-6.54
28,20,28,2025-12-15,34716,,,0,0,3.26
28,20,28,2026-01-12,34716,,,0,0,-22.76
28,20,28,2026-02-09,34716,,,0,0,-6.2
28,20,28,2026-03-09,34716,,,0,0,4.64
28,20,28,2026-04-06,34716,,,0,0,13.83
28,20,28,2026-05-04,34716,,,0,0,-6.21
28,20,28,2026-06-01,34716,,,0,0,-19.15
28,20,28,2026-06-29,34716,,,0,0,9.78
42,10,14,2025-10-20,34716,,,0,0,1.78
42,10,14,2025-11-03,34716,,,0,0,-14.69
42,10,14,2025-11-17,34716,,,0,0,-4.21
42,10,14,2025-12-01,34716,,,0,0,-2.43
42,10,14,2025-12-15,34716,,,0,0,-0.23
42,10,14,2025-12-29,34716,,,0,0,3.49
42,10,14,2026-01-12,34716,,,0,0,-4.79
42,10,14,2026-01-26,34716,,,0,0,-18.87
42,10,14,2026-02-09,34716,,,0,0,-3.82
42,10,14,2026-02-23,34716,,,0,0,-2.47
42,10,14,2026-03-09,34716,,,0,0,2.88
42,10,14,2026-03-23,34716,,,0,0,1.71
42,10,14,2026-04-06,34716,,,0,0,6.89
42,10,14,2026-04-20,34716,,,0,0,6.5
42,10,14,2026-05-04,34716,,,0,0,-1.4
42,10,14,2026-05-18,34716,,,0,0,-4.87
42,10,14,2026-06-01,34716,,,0,0,-10.78
42,10,14,2026-06-15,34716,,,0,0,-9.39
42,10,14,2026-06-29,34716,,,0,0,7.11
42,10,14,2026-07-13,34716,,,0,0,2.5
42,10,28,2025-10-20,34716,,,0,0,-13.17
42,10,28,2025-11-17,34716,,,0,0,-6.54
42,10,28,2025-12-15,34716,,,0,0,3.26
42,10,28,2026-01-12,34716,,,0,0,-22.76
42,10,28,2026-02-09,34716,,,0,0,-6.2
42,10,28,2026-03-09,34716,,,0,0,4.64
42,10,28,2026-04-06,34716,,,0,0,13.83
42,10,28,2026-05-04,34716,,,0,0,-6.21
42,10,28,2026-06-01,34716,,,0,0,-19.15
42,10,28,2026-06-29,34716,,,0,0,9.78
42,20,14,2025-10-20,34716,,,0,0,1.78
42,20,14,2025-11-03,34716,,,0,0,-14.69
42,20,14,2025-11-17,34716,,,0,0,-4.21
42,20,14,2025-12-01,34716,,,0,0,-2.43
42,20,14,2025-12-15,34716,,,0,0,-0.23
42,20,14,2025-12-29,34716,,,0,0,3.49
42,20,14,2026-01-12,34716,,,0,0,-4.79
42,20,14,2026-01-26,34716,,,0,0,-18.87
42,20,14,2026-02-09,34716,,,0,0,-3.82
42,20,14,2026-02-23,34716,,,0,0,-2.47
42,20,14,2026-03-09,34716,,,0,0,2.88
42,20,14,2026-03-23,34716,,,0,0,1.71
42,20,14,2026-04-06,34716,,,0,0,6.89
42,20,14,2026-04-20,34716,,,0,0,6.5
42,20,14,2026-05-04,34716,,,0,0,-1.4
42,20,14,2026-05-18,34716,,,0,0,-4.87
42,20,14,2026-06-01,34716,,,0,0,-10.78
42,20,14,2026-06-15,34716,,,0,0,-9.39
42,20,14,2026-06-29,34716,,,0,0,7.11
42,20,14,2026-07-13,34716,,,0,0,2.5
42,20,28,2025-10-20,34716,,,0,0,-13.17
42,20,28,2025-11-17,34716,,,0,0,-6.54
42,20,28,2025-12-15,34716,,,0,0,3.26
42,20,28,2026-01-12,34716,,,0,0,-22.76
42,20,28,2026-02-09,34716,,,0,0,-6.2
42,20,28,2026-03-09,34716,,,0,0,4.64
42,20,28,2026-04-06,34716,,,0,0,13.83
42,20,28,2026-05-04,34716,,,0,0,-6.21
42,20,28,2026-06-01,34716,,,0,0,-19.15
42,20,28,2026-06-29,34716,,,0,0,9.78
84,10,14,2025-10-20,34716,,,0,0,1.78
84,10,14,2025-11-03,34716,,,0,0,-14.69
84,10,14,2025-11-17,34716,,,0,0,-4.21
84,10,14,2025-12-01,34716,,,0,0,-2.43
84,10,14,2025-12-15,34716,,,0,0,-0.23
84,10,14,2025-12-29,34716,,,0,0,3.49
84,10,14,2026-01-12,34716,,,0,0,-4.79
84,10,14,2026-01-26,34716,,,0,0,-18.87
84,10,14,2026-02-09,34716,,,0,0,-3.82
84,10,14,2026-02-23,34716,,,0,0,-2.47
84,10,14,2026-03-09,34716,,,0,0,2.88
84,10,14,2026-03-23,34716,,,0,0,1.71
84,10,14,2026-04-06,34716,,,0,0,6.89
84,10,14,2026-04-20,34716,,,0,0,6.5
84,10,14,2026-05-04,34716,,,0,0,-1.4
84,10,14,2026-05-18,34716,,,0,0,-4.87
84,10,14,2026-06-01,34716,,,0,0,-10.78
84,10,14,2026-06-15,34716,,,0,0,-9.39
84,10,14,2026-06-29,34716,,,0,0,7.11
84,10,14,2026-07-13,34716,,,0,0,2.5
84,10,28,2025-10-20,34716,,,0,0,-13.17
84,10,28,2025-11-17,34716,,,0,0,-6.54
84,10,28,2025-12-15,34716,,,0,0,3.26
84,10,28,2026-01-12,34716,,,0,0,-22.76
84,10,28,2026-02-09,34716,,,0,0,-6.2
84,10,28,2026-03-09,34716,,,0,0,4.64
84,10,28,2026-04-06,34716,,,0,0,13.83
84,10,28,2026-05-04,34716,,,0,0,-6.21
84,10,28,2026-06-01,34716,,,0,0,-19.15
84,10,28,2026-06-29,34716,,,0,0,9.78
84,20,14,2025-10-20,34716,,,0,0,1.78
84,20,14,2025-11-03,34716,,,0,0,-14.69
84,20,14,2025-11-17,34716,,,0,0,-4.21
84,20,14,2025-12-01,34716,,,0,0,-2.43
84,20,14,2025-12-15,34716,,,0,0,-0.23
84,20,14,2025-12-29,34716,,,0,0,3.49
84,20,14,2026-01-12,34716,,,0,0,-4.79
84,20,14,2026-01-26,34716,,,0,0,-18.87
84,20,14,2026-02-09,34716,,,0,0,-3.82
84,20,14,2026-02-23,34716,,,0,0,-2.47
84,20,14,2026-03-09,34716,,,0,0,2.88
84,20,14,2026-03-23,34716,,,0,0,1.71
84,20,14,2026-04-06,34716,,,0,0,6.89
84,20,14,2026-04-20,34716,,,0,0,6.5
84,20,14,2026-05-04,34716,,,0,0,-1.4
84,20,14,2026-05-18,34716,,,0,0,-4.87
84,20,14,2026-06-01,34716,,,0,0,-10.78
84,20,14,2026-06-15,34716,,,0,0,-9.39
84,20,14,2026-06-29,34716,,,0,0,7.11
84,20,14,2026-07-13,34716,,,0,0,2.5
84,20,28,2025-10-20,34716,,,0,0,-13.17
84,20,28,2025-11-17,34716,,,0,0,-6.54
84,20,28,2025-12-15,34716,,,0,0,3.26
84,20,28,2026-01-12,34716,,,0,0,-22.76
84,20,28,2026-02-09,34716,,,0,0,-6.2
84,20,28,2026-03-09,34716,,,0,0,4.64
84,20,28,2026-04-06,34716,,,0,0,13.83
84,20,28,2026-05-04,34716,,,0,0,-6.21
84,20,28,2026-06-01,34716,,,0,0,-19.15
84,20,28,2026-06-29,34716,,,0,0,9.78
