L,N,H,perioden,top_gem_per_periode_pct,top_per_maand_pct,top_mediaan_per_periode_pct,top_positieve_perioden_pct,top_slechtste_periode_pct,top_totaal_pct,alle_per_maand_pct,btc_per_maand_pct,gem_kandidaten
28,10,14,20,,,,0.0,,0.0,,-4.9,34716.0
28,10,28,10,,,,0.0,,0.0,,-4.62,34716.0
28,20,14,20,,,,0.0,,0.0,,-4.9,34716.0
28,20,28,10,,,,0.0,,0.0,,-4.62,34716.0
42,10,14,20,,,,0.0,,0.0,,-4.9,34716.0
42,10,28,10,,,,0.0,,0.0,,-4.62,34716.0
42,20,14,20,,,,0.0,,0.0,,-4.9,34716.0
42,20,28,10,,,,0.0,,0.0,,-4.62,34716.0
84,10,14,20,,,,0.0,,0.0,,-4.9,34716.0
84,10,28,10,,,,0.0,,0.0,,-4.62,34716.0
84,20,14,20,,,,0.0,,0.0,,-4.9,34716.0
84,20,28,10,,,,0.0,,0.0,,-4.62,34716.0
