variant,L,H,N,perioden,top_per_maand_pct,top_positief_pct,top_slechtste_pct,top_totaal_pct,alle_per_maand_pct,btc_stijgend_n,top_btc_stijgend_pct,top_btc_dalend_pct,btc_in_stijgende_pct,alle_btc_stijgend_pct
kr0,84,14,5,20,3.19,75,-3.75,32.8,-1.75,8,1.08,1.72,4.11,-0.5
kr0,84,14,10,20,4.71,80,-3.38,51.8,-1.75,8,1.77,2.43,4.11,-0.5
kr0,84,14,20,20,1.49,50,-3.4,14.0,-1.75,8,0.32,0.93,4.11,-0.5
kr0,84,28,5,10,2.69,80,-5.58,27.1,-2.06,4,3.04,2.1,7.88,-0.9
kr0,84,28,10,10,2.47,90,-3.68,24.8,-2.06,4,2.63,2.04,7.88,-0.9
kr0,84,28,20,10,0.62,50,-3.1,5.6,-2.06,4,1.5,-0.05,7.88,-0.9
kr0_2x_p20,84,14,5,20,4.87,75,-9.45,50.9,-2.39,8,1.51,2.72,4.11,-0.89
kr0_2x_p20,84,14,10,20,7.46,70,-7.09,89.7,-2.39,8,2.61,3.98,4.11,-0.89
kr0_2x_p20,84,14,20,20,2.21,60,-5.57,20.4,-2.39,8,0.34,1.47,4.11,-0.89
kr0_2x_p20,84,28,5,10,3.81,80,-10.94,37.9,-3.28,4,4.09,3.11,7.88,-2.09
kr0_2x_p20,84,28,10,10,3.56,80,-6.87,36.5,-3.28,4,2.14,4.03,7.88,-2.09
kr0_2x_p20,84,28,20,10,0.42,60,-6.66,3.1,-3.28,4,1.12,-0.11,7.88,-2.09
kr0_2x_p40,84,14,5,20,2.24,65,-9.77,18.0,-4.49,8,0.81,1.18,4.11,-1.45
kr0_2x_p40,84,14,10,20,5.51,70,-7.91,58.5,-4.49,8,1.91,2.95,4.11,-1.45
kr0_2x_p40,84,14,20,20,-0.44,40,-6.8,-5.8,-4.49,8,-0.73,0.15,4.11,-1.45
kr0_2x_p40,84,28,5,10,2.1,70,-18.05,16.7,-5.06,4,3.5,0.89,7.88,-3.03
kr0_2x_p40,84,28,10,10,1.97,70,-10.8,17.7,-5.06,4,0.43,2.73,7.88,-3.03
kr0_2x_p40,84,28,20,10,-1.5,40,-9.29,-13.9,-5.06,4,-0.44,-2.01,7.88,-3.03
kr0_1x_p40,84,14,5,20,3.21,75,-3.75,33.1,-1.95,8,1.08,1.74,4.11,-0.58
kr0_1x_p40,84,14,10,20,4.71,80,-3.38,51.8,-1.95,8,1.76,2.44,4.11,-0.58
kr0_1x_p40,84,14,20,20,1.71,60,-2.28,16.4,-1.95,8,0.4,1.04,4.11,-0.58
kr0_1x_p40,84,28,5,10,2.69,80,-5.58,27.1,-2.41,4,3.04,2.1,7.88,-0.94
kr0_1x_p40,84,28,10,10,2.27,80,-3.68,22.5,-2.41,4,2.14,2.05,7.88,-0.94
kr0_1x_p40,84,28,20,10,0.56,60,-3.1,5.0,-2.41,4,1.82,-0.35,7.88,-0.94
